ISO-10303-21;
HEADER;
FILE_DESCRIPTION(('Open CASCADE Model'),'2;1');
FILE_NAME('Open CASCADE Shape Model','2026-10-04T21:37:59',('Author'),(
    'Open CASCADE'),'Open CASCADE STEP processor 8.0','build123d',
  'Unknown');
FILE_SCHEMA(('AUTOMOTIVE_DESIGN { 1 0 10303 214 1 1 1 1 }'));
ENDSEC;
DATA;
#1 = APPLICATION_PROTOCOL_DEFINITION('international standard',
  'automotive_design',2000,#2);
#2 = APPLICATION_CONTEXT(
  'core data for automotive mechanical design processes');
#3 = SHAPE_DEFINITION_REPRESENTATION(#4,#10);
#4 = PRODUCT_DEFINITION_SHAPE('','',#5);
#5 = PRODUCT_DEFINITION('design','',#6,#9);
#6 = PRODUCT_DEFINITION_FORMATION('','',#7);
#7 = PRODUCT('COMPOUND','COMPOUND','',(#8));
#8 = PRODUCT_CONTEXT('',#2,'mechanical');
#9 = PRODUCT_DEFINITION_CONTEXT('part definition',#2,'design');
#10 = ADVANCED_BREP_SHAPE_REPRESENTATION('',(#11,#15),#6986);
#11 = AXIS2_PLACEMENT_3D('',#12,#13,#14);
#12 = CARTESIAN_POINT('',(0.,0.,0.));
#13 = DIRECTION('',(0.,0.,1.));
#14 = DIRECTION('',(1.,0.,-0.));
#15 = MANIFOLD_SOLID_BREP('',#16);
#16 = CLOSED_SHELL('',(#17,#137,#220,#299,#2129,#2179,#2237,#2286,#2938,
    #2964,#3013,#3063,#3113,#3140,#3195,#3250,#3305,#3360,#3415,#3470,
    #3544,#3598,#3652,#3699,#3748,#3798,#3850,#3899,#3948,#3996,#4050,
    #4097,#4144,#4194,#4244,#4293,#4342,#4390,#4438,#4485,#4532,#4582,
    #4632,#4681,#4730,#4778,#4826,#4873,#4920,#4970,#5020,#5069,#5118,
    #5166,#5214,#5263,#5310,#5364,#5414,#5461,#5510,#5564,#5612,#5661,
    #5710,#5762,#5816,#5843,#5898,#5953,#5979,#6005,#6031,#6057,#6064,
    #6135,#6189,#6238,#6292,#6341,#6395,#6443,#6475,#6545,#6599,#6647,
    #6701,#6749,#6803,#6851,#6883,#6887,#6891,#6895,#6899,#6903,#6907,
    #6978,#6982));
#17 = ADVANCED_FACE('',(#18),#32,.T.);
#18 = FACE_BOUND('',#19,.T.);
#19 = EDGE_LOOP('',(#20,#55,#83,#111));
#20 = ORIENTED_EDGE('',*,*,#21,.T.);
#21 = EDGE_CURVE('',#22,#24,#26,.T.);
#22 = VERTEX_POINT('',#23);
#23 = CARTESIAN_POINT('',(-7.5,-125.0425,5.));
#24 = VERTEX_POINT('',#25);
#25 = CARTESIAN_POINT('',(-7.5,-125.0425,12.5));
#26 = SURFACE_CURVE('',#27,(#31,#43),.PCURVE_S1.);
#27 = LINE('',#28,#29);
#28 = CARTESIAN_POINT('',(-7.5,-125.0425,5.));
#29 = VECTOR('',#30,1.);
#30 = DIRECTION('',(0.,0.,1.));
#31 = PCURVE('',#32,#37);
#32 = PLANE('',#33);
#33 = AXIS2_PLACEMENT_3D('',#34,#35,#36);
#34 = CARTESIAN_POINT('',(-7.5,-125.0425,5.));
#35 = DIRECTION('',(-1.,0.,0.));
#36 = DIRECTION('',(0.,1.,0.));
#37 = DEFINITIONAL_REPRESENTATION('',(#38),#42);
#38 = LINE('',#39,#40);
#39 = CARTESIAN_POINT('',(0.,0.));
#40 = VECTOR('',#41,1.);
#41 = DIRECTION('',(0.,-1.));
#42 = ( GEOMETRIC_REPRESENTATION_CONTEXT(2) 
PARAMETRIC_REPRESENTATION_CONTEXT() REPRESENTATION_CONTEXT('2D SPACE',''
  ) );
#43 = PCURVE('',#44,#49);
#44 = CYLINDRICAL_SURFACE('',#45,4.);
#45 = AXIS2_PLACEMENT_3D('',#46,#47,#48);
#46 = CARTESIAN_POINT('',(-3.5,-125.0425,5.));
#47 = DIRECTION('',(-0.,-0.,-1.));
#48 = DIRECTION('',(1.,0.,0.));
#49 = DEFINITIONAL_REPRESENTATION('',(#50),#54);
#50 = LINE('',#51,#52);
#51 = CARTESIAN_POINT('',(-3.14159265359,0.));
#52 = VECTOR('',#53,1.);
#53 = DIRECTION('',(-0.,-1.));
#54 = ( GEOMETRIC_REPRESENTATION_CONTEXT(2) 
PARAMETRIC_REPRESENTATION_CONTEXT() REPRESENTATION_CONTEXT('2D SPACE',''
  ) );
#55 = ORIENTED_EDGE('',*,*,#56,.T.);
#56 = EDGE_CURVE('',#24,#57,#59,.T.);
#57 = VERTEX_POINT('',#58);
#58 = CARTESIAN_POINT('',(-7.5,10.745,12.5));
#59 = SURFACE_CURVE('',#60,(#64,#71),.PCURVE_S1.);
#60 = LINE('',#61,#62);
#61 = CARTESIAN_POINT('',(-7.5,-125.0425,12.5));
#62 = VECTOR('',#63,1.);
#63 = DIRECTION('',(0.,1.,0.));
#64 = PCURVE('',#32,#65);
#65 = DEFINITIONAL_REPRESENTATION('',(#66),#70);
#66 = LINE('',#67,#68);
#67 = CARTESIAN_POINT('',(0.,-7.5));
#68 = VECTOR('',#69,1.);
#69 = DIRECTION('',(1.,0.));
#70 = ( GEOMETRIC_REPRESENTATION_CONTEXT(2) 
PARAMETRIC_REPRESENTATION_CONTEXT() REPRESENTATION_CONTEXT('2D SPACE',''
  ) );
#71 = PCURVE('',#72,#77);
#72 = CYLINDRICAL_SURFACE('',#73,1.5);
#73 = AXIS2_PLACEMENT_3D('',#74,#75,#76);
#74 = CARTESIAN_POINT('',(-6.,-125.0425,12.5));
#75 = DIRECTION('',(0.,1.,0.));
#76 = DIRECTION('',(-1.,0.,0.));
#77 = DEFINITIONAL_REPRESENTATION('',(#78),#82);
#78 = LINE('',#79,#80);
#79 = CARTESIAN_POINT('',(0.,0.));
#80 = VECTOR('',#81,1.);
#81 = DIRECTION('',(0.,1.));
#82 = ( GEOMETRIC_REPRESENTATION_CONTEXT(2) 
PARAMETRIC_REPRESENTATION_CONTEXT() REPRESENTATION_CONTEXT('2D SPACE',''
  ) );
#83 = ORIENTED_EDGE('',*,*,#84,.F.);
#84 = EDGE_CURVE('',#85,#57,#87,.T.);
#85 = VERTEX_POINT('',#86);
#86 = CARTESIAN_POINT('',(-7.5,10.745,5.));
#87 = SURFACE_CURVE('',#88,(#92,#99),.PCURVE_S1.);
#88 = LINE('',#89,#90);
#89 = CARTESIAN_POINT('',(-7.5,10.745,5.));
#90 = VECTOR('',#91,1.);
#91 = DIRECTION('',(0.,0.,1.));
#92 = PCURVE('',#32,#93);
#93 = DEFINITIONAL_REPRESENTATION('',(#94),#98);
#94 = LINE('',#95,#96);
#95 = CARTESIAN_POINT('',(135.7875,0.));
#96 = VECTOR('',#97,1.);
#97 = DIRECTION('',(0.,-1.));
#98 = ( GEOMETRIC_REPRESENTATION_CONTEXT(2) 
PARAMETRIC_REPRESENTATION_CONTEXT() REPRESENTATION_CONTEXT('2D SPACE',''
  ) );
#99 = PCURVE('',#100,#105);
#100 = CYLINDRICAL_SURFACE('',#101,4.);
#101 = AXIS2_PLACEMENT_3D('',#102,#103,#104);
#102 = CARTESIAN_POINT('',(-3.5,10.745,5.));
#103 = DIRECTION('',(-0.,-0.,-1.));
#104 = DIRECTION('',(1.,0.,0.));
#105 = DEFINITIONAL_REPRESENTATION('',(#106),#110);
#106 = LINE('',#107,#108);
#107 = CARTESIAN_POINT('',(-3.14159265359,0.));
#108 = VECTOR('',#109,1.);
#109 = DIRECTION('',(-0.,-1.));
#110 = ( GEOMETRIC_REPRESENTATION_CONTEXT(2) 
PARAMETRIC_REPRESENTATION_CONTEXT() REPRESENTATION_CONTEXT('2D SPACE',''
  ) );
#111 = ORIENTED_EDGE('',*,*,#112,.F.);
#112 = EDGE_CURVE('',#22,#85,#113,.T.);
#113 = SURFACE_CURVE('',#114,(#118,#125),.PCURVE_S1.);
#114 = LINE('',#115,#116);
#115 = CARTESIAN_POINT('',(-7.5,-57.14875,5.));
#116 = VECTOR('',#117,1.);
#117 = DIRECTION('',(0.,1.,0.));
#118 = PCURVE('',#32,#119);
#119 = DEFINITIONAL_REPRESENTATION('',(#120),#124);
#120 = LINE('',#121,#122);
#121 = CARTESIAN_POINT('',(67.89375,0.));
#122 = VECTOR('',#123,1.);
#123 = DIRECTION('',(1.,0.));
#124 = ( GEOMETRIC_REPRESENTATION_CONTEXT(2) 
PARAMETRIC_REPRESENTATION_CONTEXT() REPRESENTATION_CONTEXT('2D SPACE',''
  ) );
#125 = PCURVE('',#126,#131);
#126 = PLANE('',#127);
#127 = AXIS2_PLACEMENT_3D('',#128,#129,#130);
#128 = CARTESIAN_POINT('',(152.4,-57.14875,5.));
#129 = DIRECTION('',(0.,0.,1.));
#130 = DIRECTION('',(1.,0.,-0.));
#131 = DEFINITIONAL_REPRESENTATION('',(#132),#136);
#132 = LINE('',#133,#134);
#133 = CARTESIAN_POINT('',(-159.9,2.008008351206E-15));
#134 = VECTOR('',#135,1.);
#135 = DIRECTION('',(0.,1.));
#136 = ( GEOMETRIC_REPRESENTATION_CONTEXT(2) 
PARAMETRIC_REPRESENTATION_CONTEXT() REPRESENTATION_CONTEXT('2D SPACE',''
  ) );
#137 = ADVANCED_FACE('',(#138),#44,.T.);
#138 = FACE_BOUND('',#139,.F.);
#139 = EDGE_LOOP('',(#140,#141,#170,#198));
#140 = ORIENTED_EDGE('',*,*,#21,.T.);
#141 = ORIENTED_EDGE('',*,*,#142,.F.);
#142 = EDGE_CURVE('',#143,#24,#145,.T.);
#143 = VERTEX_POINT('',#144);
#144 = CARTESIAN_POINT('',(-3.5,-129.0425,12.5));
#145 = SURFACE_CURVE('',#146,(#151,#158),.PCURVE_S1.);
#146 = CIRCLE('',#147,4.);
#147 = AXIS2_PLACEMENT_3D('',#148,#149,#150);
#148 = CARTESIAN_POINT('',(-3.5,-125.0425,12.5));
#149 = DIRECTION('',(-0.,-0.,-1.));
#150 = DIRECTION('',(0.,-1.,0.));
#151 = PCURVE('',#44,#152);
#152 = DEFINITIONAL_REPRESENTATION('',(#153),#157);
#153 = LINE('',#154,#155);
#154 = CARTESIAN_POINT('',(-4.712388980385,-7.5));
#155 = VECTOR('',#156,1.);
#156 = DIRECTION('',(1.,-0.));
#157 = ( GEOMETRIC_REPRESENTATION_CONTEXT(2) 
PARAMETRIC_REPRESENTATION_CONTEXT() REPRESENTATION_CONTEXT('2D SPACE',''
  ) );
#158 = PCURVE('',#159,#164);
#159 = TOROIDAL_SURFACE('',#160,2.5,1.5);
#160 = AXIS2_PLACEMENT_3D('',#161,#162,#163);
#161 = CARTESIAN_POINT('',(-3.5,-125.0425,12.5));
#162 = DIRECTION('',(0.,0.,1.));
#163 = DIRECTION('',(0.,-1.,0.));
#164 = DEFINITIONAL_REPRESENTATION('',(#165),#169);
#165 = LINE('',#166,#167);
#166 = CARTESIAN_POINT('',(-0.,0.));
#167 = VECTOR('',#168,1.);
#168 = DIRECTION('',(-1.,0.));
#169 = ( GEOMETRIC_REPRESENTATION_CONTEXT(2) 
PARAMETRIC_REPRESENTATION_CONTEXT() REPRESENTATION_CONTEXT('2D SPACE',''
  ) );
#170 = ORIENTED_EDGE('',*,*,#171,.F.);
#171 = EDGE_CURVE('',#172,#143,#174,.T.);
#172 = VERTEX_POINT('',#173);
#173 = CARTESIAN_POINT('',(-3.5,-129.0425,5.));
#174 = SURFACE_CURVE('',#175,(#179,#186),.PCURVE_S1.);
#175 = LINE('',#176,#177);
#176 = CARTESIAN_POINT('',(-3.5,-129.0425,5.));
#177 = VECTOR('',#178,1.);
#178 = DIRECTION('',(0.,0.,1.));
#179 = PCURVE('',#44,#180);
#180 = DEFINITIONAL_REPRESENTATION('',(#181),#185);
#181 = LINE('',#182,#183);
#182 = CARTESIAN_POINT('',(-4.712388980385,0.));
#183 = VECTOR('',#184,1.);
#184 = DIRECTION('',(-0.,-1.));
#185 = ( GEOMETRIC_REPRESENTATION_CONTEXT(2) 
PARAMETRIC_REPRESENTATION_CONTEXT() REPRESENTATION_CONTEXT('2D SPACE',''
  ) );
#186 = PCURVE('',#187,#192);
#187 = PLANE('',#188);
#188 = AXIS2_PLACEMENT_3D('',#189,#190,#191);
#189 = CARTESIAN_POINT('',(-3.5,-129.0425,5.));
#190 = DIRECTION('',(0.,1.,0.));
#191 = DIRECTION('',(1.,0.,0.));
#192 = DEFINITIONAL_REPRESENTATION('',(#193),#197);
#193 = LINE('',#194,#195);
#194 = CARTESIAN_POINT('',(0.,0.));
#195 = VECTOR('',#196,1.);
#196 = DIRECTION('',(0.,-1.));
#197 = ( GEOMETRIC_REPRESENTATION_CONTEXT(2) 
PARAMETRIC_REPRESENTATION_CONTEXT() REPRESENTATION_CONTEXT('2D SPACE',''
  ) );
#198 = ORIENTED_EDGE('',*,*,#199,.F.);
#199 = EDGE_CURVE('',#22,#172,#200,.T.);
#200 = SURFACE_CURVE('',#201,(#206,#213),.PCURVE_S1.);
#201 = CIRCLE('',#202,4.);
#202 = AXIS2_PLACEMENT_3D('',#203,#204,#205);
#203 = CARTESIAN_POINT('',(-3.5,-125.0425,5.));
#204 = DIRECTION('',(0.,0.,1.));
#205 = DIRECTION('',(1.,0.,0.));
#206 = PCURVE('',#44,#207);
#207 = DEFINITIONAL_REPRESENTATION('',(#208),#212);
#208 = LINE('',#209,#210);
#209 = CARTESIAN_POINT('',(-0.,0.));
#210 = VECTOR('',#211,1.);
#211 = DIRECTION('',(-1.,0.));
#212 = ( GEOMETRIC_REPRESENTATION_CONTEXT(2) 
PARAMETRIC_REPRESENTATION_CONTEXT() REPRESENTATION_CONTEXT('2D SPACE',''
  ) );
#213 = PCURVE('',#126,#214);
#214 = DEFINITIONAL_REPRESENTATION('',(#215),#219);
#215 = CIRCLE('',#216,4.);
#216 = AXIS2_PLACEMENT_2D('',#217,#218);
#217 = CARTESIAN_POINT('',(-155.9,-67.89375));
#218 = DIRECTION('',(1.,0.));
#219 = ( GEOMETRIC_REPRESENTATION_CONTEXT(2) 
PARAMETRIC_REPRESENTATION_CONTEXT() REPRESENTATION_CONTEXT('2D SPACE',''
  ) );
#220 = ADVANCED_FACE('',(#221),#72,.T.);
#221 = FACE_BOUND('',#222,.T.);
#222 = EDGE_LOOP('',(#223,#245,#273,#298));
#223 = ORIENTED_EDGE('',*,*,#224,.T.);
#224 = EDGE_CURVE('',#24,#225,#227,.T.);
#225 = VERTEX_POINT('',#226);
#226 = CARTESIAN_POINT('',(-6.,-125.0425,14.));
#227 = SURFACE_CURVE('',#228,(#233,#239),.PCURVE_S1.);
#228 = CIRCLE('',#229,1.5);
#229 = AXIS2_PLACEMENT_3D('',#230,#231,#232);
#230 = CARTESIAN_POINT('',(-6.,-125.0425,12.5));
#231 = DIRECTION('',(0.,1.,0.));
#232 = DIRECTION('',(-1.,0.,0.));
#233 = PCURVE('',#72,#234);
#234 = DEFINITIONAL_REPRESENTATION('',(#235),#238);
#235 = B_SPLINE_CURVE_WITH_KNOTS('',1,(#236,#237),.UNSPECIFIED.,.F.,.F.,
  (2,2),(0.,1.570796326795),.PIECEWISE_BEZIER_KNOTS.);
#236 = CARTESIAN_POINT('',(0.,0.));
#237 = CARTESIAN_POINT('',(1.570796326795,0.));
#238 = ( GEOMETRIC_REPRESENTATION_CONTEXT(2) 
PARAMETRIC_REPRESENTATION_CONTEXT() REPRESENTATION_CONTEXT('2D SPACE',''
  ) );
#239 = PCURVE('',#159,#240);
#240 = DEFINITIONAL_REPRESENTATION('',(#241),#244);
#241 = B_SPLINE_CURVE_WITH_KNOTS('',1,(#242,#243),.UNSPECIFIED.,.F.,.F.,
  (2,2),(0.,1.570796326795),.PIECEWISE_BEZIER_KNOTS.);
#242 = CARTESIAN_POINT('',(-1.570796326795,0.));
#243 = CARTESIAN_POINT('',(-1.570796326795,1.570796326795));
#244 = ( GEOMETRIC_REPRESENTATION_CONTEXT(2) 
PARAMETRIC_REPRESENTATION_CONTEXT() REPRESENTATION_CONTEXT('2D SPACE',''
  ) );
#245 = ORIENTED_EDGE('',*,*,#246,.T.);
#246 = EDGE_CURVE('',#225,#247,#249,.T.);
#247 = VERTEX_POINT('',#248);
#248 = CARTESIAN_POINT('',(-6.,10.745,14.));
#249 = SURFACE_CURVE('',#250,(#254,#261),.PCURVE_S1.);
#250 = LINE('',#251,#252);
#251 = CARTESIAN_POINT('',(-6.,-125.0425,14.));
#252 = VECTOR('',#253,1.);
#253 = DIRECTION('',(0.,1.,0.));
#254 = PCURVE('',#72,#255);
#255 = DEFINITIONAL_REPRESENTATION('',(#256),#260);
#256 = LINE('',#257,#258);
#257 = CARTESIAN_POINT('',(1.570796326795,0.));
#258 = VECTOR('',#259,1.);
#259 = DIRECTION('',(0.,1.));
#260 = ( GEOMETRIC_REPRESENTATION_CONTEXT(2) 
PARAMETRIC_REPRESENTATION_CONTEXT() REPRESENTATION_CONTEXT('2D SPACE',''
  ) );
#261 = PCURVE('',#262,#267);
#262 = PLANE('',#263);
#263 = AXIS2_PLACEMENT_3D('',#264,#265,#266);
#264 = CARTESIAN_POINT('',(152.4,-57.14875,14.));
#265 = DIRECTION('',(0.,0.,1.));
#266 = DIRECTION('',(1.,0.,-0.));
#267 = DEFINITIONAL_REPRESENTATION('',(#268),#272);
#268 = LINE('',#269,#270);
#269 = CARTESIAN_POINT('',(-158.4,-67.89375));
#270 = VECTOR('',#271,1.);
#271 = DIRECTION('',(0.,1.));
#272 = ( GEOMETRIC_REPRESENTATION_CONTEXT(2) 
PARAMETRIC_REPRESENTATION_CONTEXT() REPRESENTATION_CONTEXT('2D SPACE',''
  ) );
#273 = ORIENTED_EDGE('',*,*,#274,.F.);
#274 = EDGE_CURVE('',#57,#247,#275,.T.);
#275 = SURFACE_CURVE('',#276,(#281,#287),.PCURVE_S1.);
#276 = CIRCLE('',#277,1.5);
#277 = AXIS2_PLACEMENT_3D('',#278,#279,#280);
#278 = CARTESIAN_POINT('',(-6.,10.745,12.5));
#279 = DIRECTION('',(0.,1.,0.));
#280 = DIRECTION('',(-1.,0.,0.));
#281 = PCURVE('',#72,#282);
#282 = DEFINITIONAL_REPRESENTATION('',(#283),#286);
#283 = B_SPLINE_CURVE_WITH_KNOTS('',1,(#284,#285),.UNSPECIFIED.,.F.,.F.,
  (2,2),(0.,1.570796326795),.PIECEWISE_BEZIER_KNOTS.);
#284 = CARTESIAN_POINT('',(0.,135.7875));
#285 = CARTESIAN_POINT('',(1.570796326795,135.7875));
#286 = ( GEOMETRIC_REPRESENTATION_CONTEXT(2) 
PARAMETRIC_REPRESENTATION_CONTEXT() REPRESENTATION_CONTEXT('2D SPACE',''
  ) );
#287 = PCURVE('',#288,#293);
#288 = TOROIDAL_SURFACE('',#289,2.5,1.5);
#289 = AXIS2_PLACEMENT_3D('',#290,#291,#292);
#290 = CARTESIAN_POINT('',(-3.5,10.745,12.5));
#291 = DIRECTION('',(0.,0.,1.));
#292 = DIRECTION('',(-1.,0.,0.));
#293 = DEFINITIONAL_REPRESENTATION('',(#294),#297);
#294 = B_SPLINE_CURVE_WITH_KNOTS('',1,(#295,#296),.UNSPECIFIED.,.F.,.F.,
  (2,2),(0.,1.570796326795),.PIECEWISE_BEZIER_KNOTS.);
#295 = CARTESIAN_POINT('',(0.,0.));
#296 = CARTESIAN_POINT('',(0.,1.570796326795));
#297 = ( GEOMETRIC_REPRESENTATION_CONTEXT(2) 
PARAMETRIC_REPRESENTATION_CONTEXT() REPRESENTATION_CONTEXT('2D SPACE',''
  ) );
#298 = ORIENTED_EDGE('',*,*,#56,.F.);
#299 = ADVANCED_FACE('',(#300,#463,#494,#525,#556,#587,#618,#649,#2067,
    #2098),#126,.F.);
#300 = FACE_BOUND('',#301,.F.);
#301 = EDGE_LOOP('',(#302,#303,#304,#327,#356,#384,#413,#441));
#302 = ORIENTED_EDGE('',*,*,#112,.F.);
#303 = ORIENTED_EDGE('',*,*,#199,.T.);
#304 = ORIENTED_EDGE('',*,*,#305,.T.);
#305 = EDGE_CURVE('',#172,#306,#308,.T.);
#306 = VERTEX_POINT('',#307);
#307 = CARTESIAN_POINT('',(308.3,-129.0425,5.));
#308 = SURFACE_CURVE('',#309,(#313,#320),.PCURVE_S1.);
#309 = LINE('',#310,#311);
#310 = CARTESIAN_POINT('',(152.4,-129.0425,5.));
#311 = VECTOR('',#312,1.);
#312 = DIRECTION('',(1.,0.,0.));
#313 = PCURVE('',#126,#314);
#314 = DEFINITIONAL_REPRESENTATION('',(#315),#319);
#315 = LINE('',#316,#317);
#316 = CARTESIAN_POINT('',(-8.186495585685E-15,-71.89375));
#317 = VECTOR('',#318,1.);
#318 = DIRECTION('',(1.,0.));
#319 = ( GEOMETRIC_REPRESENTATION_CONTEXT(2) 
PARAMETRIC_REPRESENTATION_CONTEXT() REPRESENTATION_CONTEXT('2D SPACE',''
  ) );
#320 = PCURVE('',#187,#321);
#321 = DEFINITIONAL_REPRESENTATION('',(#322),#326);
#322 = LINE('',#323,#324);
#323 = CARTESIAN_POINT('',(155.9,0.));
#324 = VECTOR('',#325,1.);
#325 = DIRECTION('',(1.,0.));
#326 = ( GEOMETRIC_REPRESENTATION_CONTEXT(2) 
PARAMETRIC_REPRESENTATION_CONTEXT() REPRESENTATION_CONTEXT('2D SPACE',''
  ) );
#327 = ORIENTED_EDGE('',*,*,#328,.T.);
#328 = EDGE_CURVE('',#306,#329,#331,.T.);
#329 = VERTEX_POINT('',#330);
#330 = CARTESIAN_POINT('',(312.3,-125.0425,5.));
#331 = SURFACE_CURVE('',#332,(#337,#344),.PCURVE_S1.);
#332 = CIRCLE('',#333,4.);
#333 = AXIS2_PLACEMENT_3D('',#334,#335,#336);
#334 = CARTESIAN_POINT('',(308.3,-125.0425,5.));
#335 = DIRECTION('',(0.,0.,1.));
#336 = DIRECTION('',(1.,0.,0.));
#337 = PCURVE('',#126,#338);
#338 = DEFINITIONAL_REPRESENTATION('',(#339),#343);
#339 = CIRCLE('',#340,4.);
#340 = AXIS2_PLACEMENT_2D('',#341,#342);
#341 = CARTESIAN_POINT('',(155.9,-67.89375));
#342 = DIRECTION('',(1.,0.));
#343 = ( GEOMETRIC_REPRESENTATION_CONTEXT(2) 
PARAMETRIC_REPRESENTATION_CONTEXT() REPRESENTATION_CONTEXT('2D SPACE',''
  ) );
#344 = PCURVE('',#345,#350);
#345 = CYLINDRICAL_SURFACE('',#346,4.);
#346 = AXIS2_PLACEMENT_3D('',#347,#348,#349);
#347 = CARTESIAN_POINT('',(308.3,-125.0425,5.));
#348 = DIRECTION('',(-0.,-0.,-1.));
#349 = DIRECTION('',(1.,0.,0.));
#350 = DEFINITIONAL_REPRESENTATION('',(#351),#355);
#351 = LINE('',#352,#353);
#352 = CARTESIAN_POINT('',(-0.,0.));
#353 = VECTOR('',#354,1.);
#354 = DIRECTION('',(-1.,0.));
#355 = ( GEOMETRIC_REPRESENTATION_CONTEXT(2) 
PARAMETRIC_REPRESENTATION_CONTEXT() REPRESENTATION_CONTEXT('2D SPACE',''
  ) );
#356 = ORIENTED_EDGE('',*,*,#357,.T.);
#357 = EDGE_CURVE('',#329,#358,#360,.T.);
#358 = VERTEX_POINT('',#359);
#359 = CARTESIAN_POINT('',(312.3,10.745,5.));
#360 = SURFACE_CURVE('',#361,(#365,#372),.PCURVE_S1.);
#361 = LINE('',#362,#363);
#362 = CARTESIAN_POINT('',(312.3,-57.14875,5.));
#363 = VECTOR('',#364,1.);
#364 = DIRECTION('',(0.,1.,0.));
#365 = PCURVE('',#126,#366);
#366 = DEFINITIONAL_REPRESENTATION('',(#367),#371);
#367 = LINE('',#368,#369);
#368 = CARTESIAN_POINT('',(159.9,2.008008351206E-15));
#369 = VECTOR('',#370,1.);
#370 = DIRECTION('',(0.,1.));
#371 = ( GEOMETRIC_REPRESENTATION_CONTEXT(2) 
PARAMETRIC_REPRESENTATION_CONTEXT() REPRESENTATION_CONTEXT('2D SPACE',''
  ) );
#372 = PCURVE('',#373,#378);
#373 = PLANE('',#374);
#374 = AXIS2_PLACEMENT_3D('',#375,#376,#377);
#375 = CARTESIAN_POINT('',(312.3,-125.0425,5.));
#376 = DIRECTION('',(-1.,0.,0.));
#377 = DIRECTION('',(0.,1.,0.));
#378 = DEFINITIONAL_REPRESENTATION('',(#379),#383);
#379 = LINE('',#380,#381);
#380 = CARTESIAN_POINT('',(67.89375,0.));
#381 = VECTOR('',#382,1.);
#382 = DIRECTION('',(1.,0.));
#383 = ( GEOMETRIC_REPRESENTATION_CONTEXT(2) 
PARAMETRIC_REPRESENTATION_CONTEXT() REPRESENTATION_CONTEXT('2D SPACE',''
  ) );
#384 = ORIENTED_EDGE('',*,*,#385,.T.);
#385 = EDGE_CURVE('',#358,#386,#388,.T.);
#386 = VERTEX_POINT('',#387);
#387 = CARTESIAN_POINT('',(308.3,14.745,5.));
#388 = SURFACE_CURVE('',#389,(#394,#401),.PCURVE_S1.);
#389 = CIRCLE('',#390,4.);
#390 = AXIS2_PLACEMENT_3D('',#391,#392,#393);
#391 = CARTESIAN_POINT('',(308.3,10.745,5.));
#392 = DIRECTION('',(0.,0.,1.));
#393 = DIRECTION('',(1.,0.,0.));
#394 = PCURVE('',#126,#395);
#395 = DEFINITIONAL_REPRESENTATION('',(#396),#400);
#396 = CIRCLE('',#397,4.);
#397 = AXIS2_PLACEMENT_2D('',#398,#399);
#398 = CARTESIAN_POINT('',(155.9,67.89375));
#399 = DIRECTION('',(1.,0.));
#400 = ( GEOMETRIC_REPRESENTATION_CONTEXT(2) 
PARAMETRIC_REPRESENTATION_CONTEXT() REPRESENTATION_CONTEXT('2D SPACE',''
  ) );
#401 = PCURVE('',#402,#407);
#402 = CYLINDRICAL_SURFACE('',#403,4.);
#403 = AXIS2_PLACEMENT_3D('',#404,#405,#406);
#404 = CARTESIAN_POINT('',(308.3,10.745,5.));
#405 = DIRECTION('',(-0.,-0.,-1.));
#406 = DIRECTION('',(1.,0.,0.));
#407 = DEFINITIONAL_REPRESENTATION('',(#408),#412);
#408 = LINE('',#409,#410);
#409 = CARTESIAN_POINT('',(-0.,0.));
#410 = VECTOR('',#411,1.);
#411 = DIRECTION('',(-1.,0.));
#412 = ( GEOMETRIC_REPRESENTATION_CONTEXT(2) 
PARAMETRIC_REPRESENTATION_CONTEXT() REPRESENTATION_CONTEXT('2D SPACE',''
  ) );
#413 = ORIENTED_EDGE('',*,*,#414,.F.);
#414 = EDGE_CURVE('',#415,#386,#417,.T.);
#415 = VERTEX_POINT('',#416);
#416 = CARTESIAN_POINT('',(-3.5,14.745,5.));
#417 = SURFACE_CURVE('',#418,(#422,#429),.PCURVE_S1.);
#418 = LINE('',#419,#420);
#419 = CARTESIAN_POINT('',(152.4,14.745,5.));
#420 = VECTOR('',#421,1.);
#421 = DIRECTION('',(1.,0.,0.));
#422 = PCURVE('',#126,#423);
#423 = DEFINITIONAL_REPRESENTATION('',(#424),#428);
#424 = LINE('',#425,#426);
#425 = CARTESIAN_POINT('',(-8.186495585685E-15,71.89375));
#426 = VECTOR('',#427,1.);
#427 = DIRECTION('',(1.,0.));
#428 = ( GEOMETRIC_REPRESENTATION_CONTEXT(2) 
PARAMETRIC_REPRESENTATION_CONTEXT() REPRESENTATION_CONTEXT('2D SPACE',''
  ) );
#429 = PCURVE('',#430,#435);
#430 = PLANE('',#431);
#431 = AXIS2_PLACEMENT_3D('',#432,#433,#434);
#432 = CARTESIAN_POINT('',(-3.5,14.745,5.));
#433 = DIRECTION('',(0.,1.,0.));
#434 = DIRECTION('',(1.,0.,0.));
#435 = DEFINITIONAL_REPRESENTATION('',(#436),#440);
#436 = LINE('',#437,#438);
#437 = CARTESIAN_POINT('',(155.9,0.));
#438 = VECTOR('',#439,1.);
#439 = DIRECTION('',(1.,0.));
#440 = ( GEOMETRIC_REPRESENTATION_CONTEXT(2) 
PARAMETRIC_REPRESENTATION_CONTEXT() REPRESENTATION_CONTEXT('2D SPACE',''
  ) );
#441 = ORIENTED_EDGE('',*,*,#442,.T.);
#442 = EDGE_CURVE('',#415,#85,#443,.T.);
#443 = SURFACE_CURVE('',#444,(#449,#456),.PCURVE_S1.);
#444 = CIRCLE('',#445,4.);
#445 = AXIS2_PLACEMENT_3D('',#446,#447,#448);
#446 = CARTESIAN_POINT('',(-3.5,10.745,5.));
#447 = DIRECTION('',(0.,0.,1.));
#448 = DIRECTION('',(1.,0.,0.));
#449 = PCURVE('',#126,#450);
#450 = DEFINITIONAL_REPRESENTATION('',(#451),#455);
#451 = CIRCLE('',#452,4.);
#452 = AXIS2_PLACEMENT_2D('',#453,#454);
#453 = CARTESIAN_POINT('',(-155.9,67.89375));
#454 = DIRECTION('',(1.,0.));
#455 = ( GEOMETRIC_REPRESENTATION_CONTEXT(2) 
PARAMETRIC_REPRESENTATION_CONTEXT() REPRESENTATION_CONTEXT('2D SPACE',''
  ) );
#456 = PCURVE('',#100,#457);
#457 = DEFINITIONAL_REPRESENTATION('',(#458),#462);
#458 = LINE('',#459,#460);
#459 = CARTESIAN_POINT('',(-0.,0.));
#460 = VECTOR('',#461,1.);
#461 = DIRECTION('',(-1.,0.));
#462 = ( GEOMETRIC_REPRESENTATION_CONTEXT(2) 
PARAMETRIC_REPRESENTATION_CONTEXT() REPRESENTATION_CONTEXT('2D SPACE',''
  ) );
#463 = FACE_BOUND('',#464,.F.);
#464 = EDGE_LOOP('',(#465));
#465 = ORIENTED_EDGE('',*,*,#466,.F.);
#466 = EDGE_CURVE('',#467,#467,#469,.T.);
#467 = VERTEX_POINT('',#468);
#468 = CARTESIAN_POINT('',(12.55,-125.4425,5.));
#469 = SURFACE_CURVE('',#470,(#475,#482),.PCURVE_S1.);
#470 = CIRCLE('',#471,2.55);
#471 = AXIS2_PLACEMENT_3D('',#472,#473,#474);
#472 = CARTESIAN_POINT('',(10.,-125.4425,5.));
#473 = DIRECTION('',(0.,0.,1.));
#474 = DIRECTION('',(1.,0.,-0.));
#475 = PCURVE('',#126,#476);
#476 = DEFINITIONAL_REPRESENTATION('',(#477),#481);
#477 = CIRCLE('',#478,2.55);
#478 = AXIS2_PLACEMENT_2D('',#479,#480);
#479 = CARTESIAN_POINT('',(-142.4,-68.29375));
#480 = DIRECTION('',(1.,0.));
#481 = ( GEOMETRIC_REPRESENTATION_CONTEXT(2) 
PARAMETRIC_REPRESENTATION_CONTEXT() REPRESENTATION_CONTEXT('2D SPACE',''
  ) );
#482 = PCURVE('',#483,#488);
#483 = CYLINDRICAL_SURFACE('',#484,2.55);
#484 = AXIS2_PLACEMENT_3D('',#485,#486,#487);
#485 = CARTESIAN_POINT('',(10.,-125.4425,5.));
#486 = DIRECTION('',(-0.,-0.,-1.));
#487 = DIRECTION('',(1.,0.,-0.));
#488 = DEFINITIONAL_REPRESENTATION('',(#489),#493);
#489 = LINE('',#490,#491);
#490 = CARTESIAN_POINT('',(-0.,0.));
#491 = VECTOR('',#492,1.);
#492 = DIRECTION('',(-1.,0.));
#493 = ( GEOMETRIC_REPRESENTATION_CONTEXT(2) 
PARAMETRIC_REPRESENTATION_CONTEXT() REPRESENTATION_CONTEXT('2D SPACE',''
  ) );
#494 = FACE_BOUND('',#495,.F.);
#495 = EDGE_LOOP('',(#496));
#496 = ORIENTED_EDGE('',*,*,#497,.F.);
#497 = EDGE_CURVE('',#498,#498,#500,.T.);
#498 = VERTEX_POINT('',#499);
#499 = CARTESIAN_POINT('',(68.25,-125.4425,5.));
#500 = SURFACE_CURVE('',#501,(#506,#513),.PCURVE_S1.);
#501 = CIRCLE('',#502,2.55);
#502 = AXIS2_PLACEMENT_3D('',#503,#504,#505);
#503 = CARTESIAN_POINT('',(65.7,-125.4425,5.));
#504 = DIRECTION('',(0.,0.,1.));
#505 = DIRECTION('',(1.,0.,-0.));
#506 = PCURVE('',#126,#507);
#507 = DEFINITIONAL_REPRESENTATION('',(#508),#512);
#508 = CIRCLE('',#509,2.55);
#509 = AXIS2_PLACEMENT_2D('',#510,#511);
#510 = CARTESIAN_POINT('',(-86.7,-68.29375));
#511 = DIRECTION('',(1.,0.));
#512 = ( GEOMETRIC_REPRESENTATION_CONTEXT(2) 
PARAMETRIC_REPRESENTATION_CONTEXT() REPRESENTATION_CONTEXT('2D SPACE',''
  ) );
#513 = PCURVE('',#514,#519);
#514 = CYLINDRICAL_SURFACE('',#515,2.55);
#515 = AXIS2_PLACEMENT_3D('',#516,#517,#518);
#516 = CARTESIAN_POINT('',(65.7,-125.4425,5.));
#517 = DIRECTION('',(-0.,-0.,-1.));
#518 = DIRECTION('',(1.,0.,-0.));
#519 = DEFINITIONAL_REPRESENTATION('',(#520),#524);
#520 = LINE('',#521,#522);
#521 = CARTESIAN_POINT('',(-0.,0.));
#522 = VECTOR('',#523,1.);
#523 = DIRECTION('',(-1.,0.));
#524 = ( GEOMETRIC_REPRESENTATION_CONTEXT(2) 
PARAMETRIC_REPRESENTATION_CONTEXT() REPRESENTATION_CONTEXT('2D SPACE',''
  ) );
#525 = FACE_BOUND('',#526,.F.);
#526 = EDGE_LOOP('',(#527));
#527 = ORIENTED_EDGE('',*,*,#528,.F.);
#528 = EDGE_CURVE('',#529,#529,#531,.T.);
#529 = VERTEX_POINT('',#530);
#530 = CARTESIAN_POINT('',(241.65,-125.4425,5.));
#531 = SURFACE_CURVE('',#532,(#537,#544),.PCURVE_S1.);
#532 = CIRCLE('',#533,2.55);
#533 = AXIS2_PLACEMENT_3D('',#534,#535,#536);
#534 = CARTESIAN_POINT('',(239.1,-125.4425,5.));
#535 = DIRECTION('',(0.,0.,1.));
#536 = DIRECTION('',(1.,0.,-0.));
#537 = PCURVE('',#126,#538);
#538 = DEFINITIONAL_REPRESENTATION('',(#539),#543);
#539 = CIRCLE('',#540,2.55);
#540 = AXIS2_PLACEMENT_2D('',#541,#542);
#541 = CARTESIAN_POINT('',(86.7,-68.29375));
#542 = DIRECTION('',(1.,0.));
#543 = ( GEOMETRIC_REPRESENTATION_CONTEXT(2) 
PARAMETRIC_REPRESENTATION_CONTEXT() REPRESENTATION_CONTEXT('2D SPACE',''
  ) );
#544 = PCURVE('',#545,#550);
#545 = CYLINDRICAL_SURFACE('',#546,2.55);
#546 = AXIS2_PLACEMENT_3D('',#547,#548,#549);
#547 = CARTESIAN_POINT('',(239.1,-125.4425,5.));
#548 = DIRECTION('',(-0.,-0.,-1.));
#549 = DIRECTION('',(1.,0.,-0.));
#550 = DEFINITIONAL_REPRESENTATION('',(#551),#555);
#551 = LINE('',#552,#553);
#552 = CARTESIAN_POINT('',(-0.,0.));
#553 = VECTOR('',#554,1.);
#554 = DIRECTION('',(-1.,0.));
#555 = ( GEOMETRIC_REPRESENTATION_CONTEXT(2) 
PARAMETRIC_REPRESENTATION_CONTEXT() REPRESENTATION_CONTEXT('2D SPACE',''
  ) );
#556 = FACE_BOUND('',#557,.F.);
#557 = EDGE_LOOP('',(#558));
#558 = ORIENTED_EDGE('',*,*,#559,.F.);
#559 = EDGE_CURVE('',#560,#560,#562,.T.);
#560 = VERTEX_POINT('',#561);
#561 = CARTESIAN_POINT('',(297.55,-125.4425,5.));
#562 = SURFACE_CURVE('',#563,(#568,#575),.PCURVE_S1.);
#563 = CIRCLE('',#564,2.55);
#564 = AXIS2_PLACEMENT_3D('',#565,#566,#567);
#565 = CARTESIAN_POINT('',(295.,-125.4425,5.));
#566 = DIRECTION('',(0.,0.,1.));
#567 = DIRECTION('',(1.,0.,-0.));
#568 = PCURVE('',#126,#569);
#569 = DEFINITIONAL_REPRESENTATION('',(#570),#574);
#570 = CIRCLE('',#571,2.55);
#571 = AXIS2_PLACEMENT_2D('',#572,#573);
#572 = CARTESIAN_POINT('',(142.6,-68.29375));
#573 = DIRECTION('',(1.,0.));
#574 = ( GEOMETRIC_REPRESENTATION_CONTEXT(2) 
PARAMETRIC_REPRESENTATION_CONTEXT() REPRESENTATION_CONTEXT('2D SPACE',''
  ) );
#575 = PCURVE('',#576,#581);
#576 = CYLINDRICAL_SURFACE('',#577,2.55);
#577 = AXIS2_PLACEMENT_3D('',#578,#579,#580);
#578 = CARTESIAN_POINT('',(295.,-125.4425,5.));
#579 = DIRECTION('',(-0.,-0.,-1.));
#580 = DIRECTION('',(1.,0.,-0.));
#581 = DEFINITIONAL_REPRESENTATION('',(#582),#586);
#582 = LINE('',#583,#584);
#583 = CARTESIAN_POINT('',(-0.,0.));
#584 = VECTOR('',#585,1.);
#585 = DIRECTION('',(-1.,0.));
#586 = ( GEOMETRIC_REPRESENTATION_CONTEXT(2) 
PARAMETRIC_REPRESENTATION_CONTEXT() REPRESENTATION_CONTEXT('2D SPACE',''
  ) );
#587 = FACE_BOUND('',#588,.F.);
#588 = EDGE_LOOP('',(#589));
#589 = ORIENTED_EDGE('',*,*,#590,.F.);
#590 = EDGE_CURVE('',#591,#591,#593,.T.);
#591 = VERTEX_POINT('',#592);
#592 = CARTESIAN_POINT('',(12.55,11.145,5.));
#593 = SURFACE_CURVE('',#594,(#599,#606),.PCURVE_S1.);
#594 = CIRCLE('',#595,2.55);
#595 = AXIS2_PLACEMENT_3D('',#596,#597,#598);
#596 = CARTESIAN_POINT('',(10.,11.145,5.));
#597 = DIRECTION('',(0.,0.,1.));
#598 = DIRECTION('',(1.,0.,-0.));
#599 = PCURVE('',#126,#600);
#600 = DEFINITIONAL_REPRESENTATION('',(#601),#605);
#601 = CIRCLE('',#602,2.55);
#602 = AXIS2_PLACEMENT_2D('',#603,#604);
#603 = CARTESIAN_POINT('',(-142.4,68.29375));
#604 = DIRECTION('',(1.,0.));
#605 = ( GEOMETRIC_REPRESENTATION_CONTEXT(2) 
PARAMETRIC_REPRESENTATION_CONTEXT() REPRESENTATION_CONTEXT('2D SPACE',''
  ) );
#606 = PCURVE('',#607,#612);
#607 = CYLINDRICAL_SURFACE('',#608,2.55);
#608 = AXIS2_PLACEMENT_3D('',#609,#610,#611);
#609 = CARTESIAN_POINT('',(10.,11.145,5.));
#610 = DIRECTION('',(-0.,-0.,-1.));
#611 = DIRECTION('',(1.,0.,-0.));
#612 = DEFINITIONAL_REPRESENTATION('',(#613),#617);
#613 = LINE('',#614,#615);
#614 = CARTESIAN_POINT('',(-0.,0.));
#615 = VECTOR('',#616,1.);
#616 = DIRECTION('',(-1.,0.));
#617 = ( GEOMETRIC_REPRESENTATION_CONTEXT(2) 
PARAMETRIC_REPRESENTATION_CONTEXT() REPRESENTATION_CONTEXT('2D SPACE',''
  ) );
#618 = FACE_BOUND('',#619,.F.);
#619 = EDGE_LOOP('',(#620));
#620 = ORIENTED_EDGE('',*,*,#621,.F.);
#621 = EDGE_CURVE('',#622,#622,#624,.T.);
#622 = VERTEX_POINT('',#623);
#623 = CARTESIAN_POINT('',(82.55,11.145,5.));
#624 = SURFACE_CURVE('',#625,(#630,#637),.PCURVE_S1.);
#625 = CIRCLE('',#626,2.55);
#626 = AXIS2_PLACEMENT_3D('',#627,#628,#629);
#627 = CARTESIAN_POINT('',(80.,11.145,5.));
#628 = DIRECTION('',(0.,0.,1.));
#629 = DIRECTION('',(1.,0.,-0.));
#630 = PCURVE('',#126,#631);
#631 = DEFINITIONAL_REPRESENTATION('',(#632),#636);
#632 = CIRCLE('',#633,2.55);
#633 = AXIS2_PLACEMENT_2D('',#634,#635);
#634 = CARTESIAN_POINT('',(-72.4,68.29375));
#635 = DIRECTION('',(1.,0.));
#636 = ( GEOMETRIC_REPRESENTATION_CONTEXT(2) 
PARAMETRIC_REPRESENTATION_CONTEXT() REPRESENTATION_CONTEXT('2D SPACE',''
  ) );
#637 = PCURVE('',#638,#643);
#638 = CYLINDRICAL_SURFACE('',#639,2.55);
#639 = AXIS2_PLACEMENT_3D('',#640,#641,#642);
#640 = CARTESIAN_POINT('',(80.,11.145,5.));
#641 = DIRECTION('',(-0.,-0.,-1.));
#642 = DIRECTION('',(1.,0.,-0.));
#643 = DEFINITIONAL_REPRESENTATION('',(#644),#648);
#644 = LINE('',#645,#646);
#645 = CARTESIAN_POINT('',(-0.,0.));
#646 = VECTOR('',#647,1.);
#647 = DIRECTION('',(-1.,0.));
#648 = ( GEOMETRIC_REPRESENTATION_CONTEXT(2) 
PARAMETRIC_REPRESENTATION_CONTEXT() REPRESENTATION_CONTEXT('2D SPACE',''
  ) );
#649 = FACE_BOUND('',#650,.F.);
#650 = EDGE_LOOP('',(#651,#679,#712,#738,#771,#797,#830,#856,#889,#915,
    #948,#974,#1007,#1033,#1066,#1092,#1125,#1151,#1184,#1210,#1243,
    #1269,#1302,#1328,#1361,#1387,#1420,#1446,#1479,#1505,#1538,#1564,
    #1597,#1623,#1656,#1682,#1715,#1741,#1774,#1800,#1833,#1859,#1892,
    #1918,#1951,#1977,#2010,#2036));
#651 = ORIENTED_EDGE('',*,*,#652,.F.);
#652 = EDGE_CURVE('',#653,#655,#657,.T.);
#653 = VERTEX_POINT('',#654);
#654 = CARTESIAN_POINT('',(-2.8,3.245,5.));
#655 = VERTEX_POINT('',#656);
#656 = CARTESIAN_POINT('',(-2.8,-42.47753768868,5.));
#657 = SURFACE_CURVE('',#658,(#662,#668),.PCURVE_S1.);
#658 = LINE('',#659,#660);
#659 = CARTESIAN_POINT('',(-2.8,-87.345625,5.));
#660 = VECTOR('',#661,1.);
#661 = DIRECTION('',(0.,-1.,0.));
#662 = PCURVE('',#126,#663);
#663 = DEFINITIONAL_REPRESENTATION('',(#664),#667);
#664 = B_SPLINE_CURVE_WITH_KNOTS('',1,(#665,#666),.UNSPECIFIED.,.F.,.F.,
  (2,2),(-90.590625,30.196875),.PIECEWISE_BEZIER_KNOTS.);
#665 = CARTESIAN_POINT('',(-155.2,60.39375));
#666 = CARTESIAN_POINT('',(-155.2,-60.39375));
#667 = ( GEOMETRIC_REPRESENTATION_CONTEXT(2) 
PARAMETRIC_REPRESENTATION_CONTEXT() REPRESENTATION_CONTEXT('2D SPACE',''
  ) );
#668 = PCURVE('',#669,#674);
#669 = PLANE('',#670);
#670 = AXIS2_PLACEMENT_3D('',#671,#672,#673);
#671 = CARTESIAN_POINT('',(-2.8,-117.5425,4.));
#672 = DIRECTION('',(-1.,0.,0.));
#673 = DIRECTION('',(0.,1.,0.));
#674 = DEFINITIONAL_REPRESENTATION('',(#675),#678);
#675 = B_SPLINE_CURVE_WITH_KNOTS('',1,(#676,#677),.UNSPECIFIED.,.F.,.F.,
  (2,2),(-90.590625,30.196875),.PIECEWISE_BEZIER_KNOTS.);
#676 = CARTESIAN_POINT('',(120.7875,-1.));
#677 = CARTESIAN_POINT('',(0.,-1.));
#678 = ( GEOMETRIC_REPRESENTATION_CONTEXT(2) 
PARAMETRIC_REPRESENTATION_CONTEXT() REPRESENTATION_CONTEXT('2D SPACE',''
  ) );
#679 = ORIENTED_EDGE('',*,*,#680,.T.);
#680 = EDGE_CURVE('',#653,#681,#683,.T.);
#681 = VERTEX_POINT('',#682);
#682 = CARTESIAN_POINT('',(1.5,7.545,5.));
#683 = SURFACE_CURVE('',#684,(#689,#700),.PCURVE_S1.);
#684 = CIRCLE('',#685,4.3);
#685 = AXIS2_PLACEMENT_3D('',#686,#687,#688);
#686 = CARTESIAN_POINT('',(1.5,3.245,5.));
#687 = DIRECTION('',(0.,0.,-1.));
#688 = DIRECTION('',(-1.,0.,0.));
#689 = PCURVE('',#126,#690);
#690 = DEFINITIONAL_REPRESENTATION('',(#691),#699);
#691 = ( BOUNDED_CURVE() B_SPLINE_CURVE(2,(#692,#693,#694,#695,#696,#697
,#698),.UNSPECIFIED.,.T.,.F.) B_SPLINE_CURVE_WITH_KNOTS((1,2,2,2,2,1),(
    -2.094395102393,0.,2.094395102393,4.188790204786,6.28318530718,
8.377580409573),.UNSPECIFIED.) CURVE() GEOMETRIC_REPRESENTATION_ITEM() 
RATIONAL_B_SPLINE_CURVE((1.,0.5,1.,0.5,1.,0.5,1.)) REPRESENTATION_ITEM(
  '') );
#692 = CARTESIAN_POINT('',(-155.2,60.39375));
#693 = CARTESIAN_POINT('',(-155.2,67.841568472546));
#694 = CARTESIAN_POINT('',(-148.75,64.117659236273));
#695 = CARTESIAN_POINT('',(-142.3,60.39375));
#696 = CARTESIAN_POINT('',(-148.75,56.669840763727));
#697 = CARTESIAN_POINT('',(-155.2,52.945931527454));
#698 = CARTESIAN_POINT('',(-155.2,60.39375));
#699 = ( GEOMETRIC_REPRESENTATION_CONTEXT(2) 
PARAMETRIC_REPRESENTATION_CONTEXT() REPRESENTATION_CONTEXT('2D SPACE',''
  ) );
#700 = PCURVE('',#701,#706);
#701 = CYLINDRICAL_SURFACE('',#702,4.3);
#702 = AXIS2_PLACEMENT_3D('',#703,#704,#705);
#703 = CARTESIAN_POINT('',(1.5,3.245,4.));
#704 = DIRECTION('',(0.,0.,-1.));
#705 = DIRECTION('',(-1.,0.,0.));
#706 = DEFINITIONAL_REPRESENTATION('',(#707),#711);
#707 = LINE('',#708,#709);
#708 = CARTESIAN_POINT('',(0.,-1.));
#709 = VECTOR('',#710,1.);
#710 = DIRECTION('',(1.,0.));
#711 = ( GEOMETRIC_REPRESENTATION_CONTEXT(2) 
PARAMETRIC_REPRESENTATION_CONTEXT() REPRESENTATION_CONTEXT('2D SPACE',''
  ) );
#712 = ORIENTED_EDGE('',*,*,#713,.F.);
#713 = EDGE_CURVE('',#714,#681,#716,.T.);
#714 = VERTEX_POINT('',#715);
#715 = CARTESIAN_POINT('',(37.09003768868,7.545,5.));
#716 = SURFACE_CURVE('',#717,(#721,#727),.PCURVE_S1.);
#717 = LINE('',#718,#719);
#718 = CARTESIAN_POINT('',(76.95,7.545,5.));
#719 = VECTOR('',#720,1.);
#720 = DIRECTION('',(-1.,0.,0.));
#721 = PCURVE('',#126,#722);
#722 = DEFINITIONAL_REPRESENTATION('',(#723),#726);
#723 = B_SPLINE_CURVE_WITH_KNOTS('',1,(#724,#725),.UNSPECIFIED.,.F.,.F.,
  (2,2),(-226.35,75.45),.PIECEWISE_BEZIER_KNOTS.);
#724 = CARTESIAN_POINT('',(150.9,64.69375));
#725 = CARTESIAN_POINT('',(-150.9,64.69375));
#726 = ( GEOMETRIC_REPRESENTATION_CONTEXT(2) 
PARAMETRIC_REPRESENTATION_CONTEXT() REPRESENTATION_CONTEXT('2D SPACE',''
  ) );
#727 = PCURVE('',#728,#733);
#728 = PLANE('',#729);
#729 = AXIS2_PLACEMENT_3D('',#730,#731,#732);
#730 = CARTESIAN_POINT('',(1.5,7.545,4.));
#731 = DIRECTION('',(0.,1.,0.));
#732 = DIRECTION('',(1.,0.,0.));
#733 = DEFINITIONAL_REPRESENTATION('',(#734),#737);
#734 = B_SPLINE_CURVE_WITH_KNOTS('',1,(#735,#736),.UNSPECIFIED.,.F.,.F.,
  (2,2),(-226.35,75.45),.PIECEWISE_BEZIER_KNOTS.);
#735 = CARTESIAN_POINT('',(301.8,-1.));
#736 = CARTESIAN_POINT('',(0.,-1.));
#737 = ( GEOMETRIC_REPRESENTATION_CONTEXT(2) 
PARAMETRIC_REPRESENTATION_CONTEXT() REPRESENTATION_CONTEXT('2D SPACE',''
  ) );
#738 = ORIENTED_EDGE('',*,*,#739,.T.);
#739 = EDGE_CURVE('',#714,#740,#742,.T.);
#740 = VERTEX_POINT('',#741);
#741 = CARTESIAN_POINT('',(40.075,10.245,5.));
#742 = SURFACE_CURVE('',#743,(#748,#759),.PCURVE_S1.);
#743 = CIRCLE('',#744,3.);
#744 = AXIS2_PLACEMENT_3D('',#745,#746,#747);
#745 = CARTESIAN_POINT('',(40.075,7.245,5.));
#746 = DIRECTION('',(0.,0.,-1.));
#747 = DIRECTION('',(1.,0.,0.));
#748 = PCURVE('',#126,#749);
#749 = DEFINITIONAL_REPRESENTATION('',(#750),#758);
#750 = ( BOUNDED_CURVE() B_SPLINE_CURVE(2,(#751,#752,#753,#754,#755,#756
,#757),.UNSPECIFIED.,.T.,.F.) B_SPLINE_CURVE_WITH_KNOTS((1,2,2,2,2,1),(
    -2.094395102393,0.,2.094395102393,4.188790204786,6.28318530718,
8.377580409573),.UNSPECIFIED.) CURVE() GEOMETRIC_REPRESENTATION_ITEM() 
RATIONAL_B_SPLINE_CURVE((1.,0.5,1.,0.5,1.,0.5,1.)) REPRESENTATION_ITEM(
  '') );
#751 = CARTESIAN_POINT('',(-109.325,64.39375));
#752 = CARTESIAN_POINT('',(-109.325,59.197597577293));
#753 = CARTESIAN_POINT('',(-113.825,61.795673788647));
#754 = CARTESIAN_POINT('',(-118.325,64.39375));
#755 = CARTESIAN_POINT('',(-113.825,66.991826211353));
#756 = CARTESIAN_POINT('',(-109.325,69.589902422707));
#757 = CARTESIAN_POINT('',(-109.325,64.39375));
#758 = ( GEOMETRIC_REPRESENTATION_CONTEXT(2) 
PARAMETRIC_REPRESENTATION_CONTEXT() REPRESENTATION_CONTEXT('2D SPACE',''
  ) );
#759 = PCURVE('',#760,#765);
#760 = CYLINDRICAL_SURFACE('',#761,3.);
#761 = AXIS2_PLACEMENT_3D('',#762,#763,#764);
#762 = CARTESIAN_POINT('',(40.075,7.245,4.));
#763 = DIRECTION('',(-0.,-0.,-1.));
#764 = DIRECTION('',(1.,0.,0.));
#765 = DEFINITIONAL_REPRESENTATION('',(#766),#770);
#766 = LINE('',#767,#768);
#767 = CARTESIAN_POINT('',(-6.28318530718,-1.));
#768 = VECTOR('',#769,1.);
#769 = DIRECTION('',(1.,-0.));
#770 = ( GEOMETRIC_REPRESENTATION_CONTEXT(2) 
PARAMETRIC_REPRESENTATION_CONTEXT() REPRESENTATION_CONTEXT('2D SPACE',''
  ) );
#771 = ORIENTED_EDGE('',*,*,#772,.F.);
#772 = EDGE_CURVE('',#773,#740,#775,.T.);
#773 = VERTEX_POINT('',#774);
#774 = CARTESIAN_POINT('',(53.925,10.245,5.));
#775 = SURFACE_CURVE('',#776,(#780,#786),.PCURVE_S1.);
#776 = LINE('',#777,#778);
#777 = CARTESIAN_POINT('',(96.2375,10.245,5.));
#778 = VECTOR('',#779,1.);
#779 = DIRECTION('',(-1.,0.,0.));
#780 = PCURVE('',#126,#781);
#781 = DEFINITIONAL_REPRESENTATION('',(#782),#785);
#782 = B_SPLINE_CURVE_WITH_KNOTS('',1,(#783,#784),.UNSPECIFIED.,.F.,.F.,
  (2,2),(42.3125,56.1625),.PIECEWISE_BEZIER_KNOTS.);
#783 = CARTESIAN_POINT('',(-98.475,67.39375));
#784 = CARTESIAN_POINT('',(-112.325,67.39375));
#785 = ( GEOMETRIC_REPRESENTATION_CONTEXT(2) 
PARAMETRIC_REPRESENTATION_CONTEXT() REPRESENTATION_CONTEXT('2D SPACE',''
  ) );
#786 = PCURVE('',#787,#792);
#787 = PLANE('',#788);
#788 = AXIS2_PLACEMENT_3D('',#789,#790,#791);
#789 = CARTESIAN_POINT('',(40.075,10.245,4.));
#790 = DIRECTION('',(0.,1.,0.));
#791 = DIRECTION('',(1.,0.,0.));
#792 = DEFINITIONAL_REPRESENTATION('',(#793),#796);
#793 = B_SPLINE_CURVE_WITH_KNOTS('',1,(#794,#795),.UNSPECIFIED.,.F.,.F.,
  (2,2),(42.3125,56.1625),.PIECEWISE_BEZIER_KNOTS.);
#794 = CARTESIAN_POINT('',(13.85,-1.));
#795 = CARTESIAN_POINT('',(0.,-1.));
#796 = ( GEOMETRIC_REPRESENTATION_CONTEXT(2) 
PARAMETRIC_REPRESENTATION_CONTEXT() REPRESENTATION_CONTEXT('2D SPACE',''
  ) );
#797 = ORIENTED_EDGE('',*,*,#798,.T.);
#798 = EDGE_CURVE('',#773,#799,#801,.T.);
#799 = VERTEX_POINT('',#800);
#800 = CARTESIAN_POINT('',(56.90996231132,7.545,5.));
#801 = SURFACE_CURVE('',#802,(#807,#818),.PCURVE_S1.);
#802 = CIRCLE('',#803,3.);
#803 = AXIS2_PLACEMENT_3D('',#804,#805,#806);
#804 = CARTESIAN_POINT('',(53.925,7.245,5.));
#805 = DIRECTION('',(0.,0.,-1.));
#806 = DIRECTION('',(1.,0.,0.));
#807 = PCURVE('',#126,#808);
#808 = DEFINITIONAL_REPRESENTATION('',(#809),#817);
#809 = ( BOUNDED_CURVE() B_SPLINE_CURVE(2,(#810,#811,#812,#813,#814,#815
,#816),.UNSPECIFIED.,.T.,.F.) B_SPLINE_CURVE_WITH_KNOTS((1,2,2,2,2,1),(
    -2.094395102393,0.,2.094395102393,4.188790204786,6.28318530718,
8.377580409573),.UNSPECIFIED.) CURVE() GEOMETRIC_REPRESENTATION_ITEM() 
RATIONAL_B_SPLINE_CURVE((1.,0.5,1.,0.5,1.,0.5,1.)) REPRESENTATION_ITEM(
  '') );
#810 = CARTESIAN_POINT('',(-95.475,64.39375));
#811 = CARTESIAN_POINT('',(-95.475,59.197597577293));
#812 = CARTESIAN_POINT('',(-99.975,61.795673788647));
#813 = CARTESIAN_POINT('',(-104.475,64.39375));
#814 = CARTESIAN_POINT('',(-99.975,66.991826211353));
#815 = CARTESIAN_POINT('',(-95.475,69.589902422707));
#816 = CARTESIAN_POINT('',(-95.475,64.39375));
#817 = ( GEOMETRIC_REPRESENTATION_CONTEXT(2) 
PARAMETRIC_REPRESENTATION_CONTEXT() REPRESENTATION_CONTEXT('2D SPACE',''
  ) );
#818 = PCURVE('',#819,#824);
#819 = CYLINDRICAL_SURFACE('',#820,3.);
#820 = AXIS2_PLACEMENT_3D('',#821,#822,#823);
#821 = CARTESIAN_POINT('',(53.925,7.245,4.));
#822 = DIRECTION('',(-0.,-0.,-1.));
#823 = DIRECTION('',(1.,0.,0.));
#824 = DEFINITIONAL_REPRESENTATION('',(#825),#829);
#825 = LINE('',#826,#827);
#826 = CARTESIAN_POINT('',(-6.28318530718,-1.));
#827 = VECTOR('',#828,1.);
#828 = DIRECTION('',(1.,-0.));
#829 = ( GEOMETRIC_REPRESENTATION_CONTEXT(2) 
PARAMETRIC_REPRESENTATION_CONTEXT() REPRESENTATION_CONTEXT('2D SPACE',''
  ) );
#830 = ORIENTED_EDGE('',*,*,#831,.F.);
#831 = EDGE_CURVE('',#832,#799,#834,.T.);
#832 = VERTEX_POINT('',#833);
#833 = CARTESIAN_POINT('',(105.09003768868,7.545,5.));
#834 = SURFACE_CURVE('',#835,(#839,#845),.PCURVE_S1.);
#835 = LINE('',#836,#837);
#836 = CARTESIAN_POINT('',(76.95,7.545,5.));
#837 = VECTOR('',#838,1.);
#838 = DIRECTION('',(-1.,0.,0.));
#839 = PCURVE('',#126,#840);
#840 = DEFINITIONAL_REPRESENTATION('',(#841),#844);
#841 = B_SPLINE_CURVE_WITH_KNOTS('',1,(#842,#843),.UNSPECIFIED.,.F.,.F.,
  (2,2),(-226.35,75.45),.PIECEWISE_BEZIER_KNOTS.);
#842 = CARTESIAN_POINT('',(150.9,64.69375));
#843 = CARTESIAN_POINT('',(-150.9,64.69375));
#844 = ( GEOMETRIC_REPRESENTATION_CONTEXT(2) 
PARAMETRIC_REPRESENTATION_CONTEXT() REPRESENTATION_CONTEXT('2D SPACE',''
  ) );
#845 = PCURVE('',#846,#851);
#846 = PLANE('',#847);
#847 = AXIS2_PLACEMENT_3D('',#848,#849,#850);
#848 = CARTESIAN_POINT('',(1.5,7.545,4.));
#849 = DIRECTION('',(0.,1.,0.));
#850 = DIRECTION('',(1.,0.,0.));
#851 = DEFINITIONAL_REPRESENTATION('',(#852),#855);
#852 = B_SPLINE_CURVE_WITH_KNOTS('',1,(#853,#854),.UNSPECIFIED.,.F.,.F.,
  (2,2),(-226.35,75.45),.PIECEWISE_BEZIER_KNOTS.);
#853 = CARTESIAN_POINT('',(301.8,-1.));
#854 = CARTESIAN_POINT('',(0.,-1.));
#855 = ( GEOMETRIC_REPRESENTATION_CONTEXT(2) 
PARAMETRIC_REPRESENTATION_CONTEXT() REPRESENTATION_CONTEXT('2D SPACE',''
  ) );
#856 = ORIENTED_EDGE('',*,*,#857,.T.);
#857 = EDGE_CURVE('',#832,#858,#860,.T.);
#858 = VERTEX_POINT('',#859);
#859 = CARTESIAN_POINT('',(108.075,10.245,5.));
#860 = SURFACE_CURVE('',#861,(#866,#877),.PCURVE_S1.);
#861 = CIRCLE('',#862,3.);
#862 = AXIS2_PLACEMENT_3D('',#863,#864,#865);
#863 = CARTESIAN_POINT('',(108.075,7.245,5.));
#864 = DIRECTION('',(0.,0.,-1.));
#865 = DIRECTION('',(1.,0.,0.));
#866 = PCURVE('',#126,#867);
#867 = DEFINITIONAL_REPRESENTATION('',(#868),#876);
#868 = ( BOUNDED_CURVE() B_SPLINE_CURVE(2,(#869,#870,#871,#872,#873,#874
,#875),.UNSPECIFIED.,.T.,.F.) B_SPLINE_CURVE_WITH_KNOTS((1,2,2,2,2,1),(
    -2.094395102393,0.,2.094395102393,4.188790204786,6.28318530718,
8.377580409573),.UNSPECIFIED.) CURVE() GEOMETRIC_REPRESENTATION_ITEM() 
RATIONAL_B_SPLINE_CURVE((1.,0.5,1.,0.5,1.,0.5,1.)) REPRESENTATION_ITEM(
  '') );
#869 = CARTESIAN_POINT('',(-41.325,64.39375));
#870 = CARTESIAN_POINT('',(-41.325,59.197597577293));
#871 = CARTESIAN_POINT('',(-45.825,61.795673788647));
#872 = CARTESIAN_POINT('',(-50.325,64.39375));
#873 = CARTESIAN_POINT('',(-45.825,66.991826211353));
#874 = CARTESIAN_POINT('',(-41.325,69.589902422707));
#875 = CARTESIAN_POINT('',(-41.325,64.39375));
#876 = ( GEOMETRIC_REPRESENTATION_CONTEXT(2) 
PARAMETRIC_REPRESENTATION_CONTEXT() REPRESENTATION_CONTEXT('2D SPACE',''
  ) );
#877 = PCURVE('',#878,#883);
#878 = CYLINDRICAL_SURFACE('',#879,3.);
#879 = AXIS2_PLACEMENT_3D('',#880,#881,#882);
#880 = CARTESIAN_POINT('',(108.075,7.245,4.));
#881 = DIRECTION('',(-0.,-0.,-1.));
#882 = DIRECTION('',(1.,0.,0.));
#883 = DEFINITIONAL_REPRESENTATION('',(#884),#888);
#884 = LINE('',#885,#886);
#885 = CARTESIAN_POINT('',(-6.28318530718,-1.));
#886 = VECTOR('',#887,1.);
#887 = DIRECTION('',(1.,-0.));
#888 = ( GEOMETRIC_REPRESENTATION_CONTEXT(2) 
PARAMETRIC_REPRESENTATION_CONTEXT() REPRESENTATION_CONTEXT('2D SPACE',''
  ) );
#889 = ORIENTED_EDGE('',*,*,#890,.F.);
#890 = EDGE_CURVE('',#891,#858,#893,.T.);
#891 = VERTEX_POINT('',#892);
#892 = CARTESIAN_POINT('',(121.925,10.245,5.));
#893 = SURFACE_CURVE('',#894,(#898,#904),.PCURVE_S1.);
#894 = LINE('',#895,#896);
#895 = CARTESIAN_POINT('',(130.2375,10.245,5.));
#896 = VECTOR('',#897,1.);
#897 = DIRECTION('',(-1.,0.,0.));
#898 = PCURVE('',#126,#899);
#899 = DEFINITIONAL_REPRESENTATION('',(#900),#903);
#900 = B_SPLINE_CURVE_WITH_KNOTS('',1,(#901,#902),.UNSPECIFIED.,.F.,.F.,
  (2,2),(8.3125,22.1625),.PIECEWISE_BEZIER_KNOTS.);
#901 = CARTESIAN_POINT('',(-30.475,67.39375));
#902 = CARTESIAN_POINT('',(-44.325,67.39375));
#903 = ( GEOMETRIC_REPRESENTATION_CONTEXT(2) 
PARAMETRIC_REPRESENTATION_CONTEXT() REPRESENTATION_CONTEXT('2D SPACE',''
  ) );
#904 = PCURVE('',#905,#910);
#905 = PLANE('',#906);
#906 = AXIS2_PLACEMENT_3D('',#907,#908,#909);
#907 = CARTESIAN_POINT('',(108.075,10.245,4.));
#908 = DIRECTION('',(0.,1.,0.));
#909 = DIRECTION('',(1.,0.,0.));
#910 = DEFINITIONAL_REPRESENTATION('',(#911),#914);
#911 = B_SPLINE_CURVE_WITH_KNOTS('',1,(#912,#913),.UNSPECIFIED.,.F.,.F.,
  (2,2),(8.3125,22.1625),.PIECEWISE_BEZIER_KNOTS.);
#912 = CARTESIAN_POINT('',(13.85,-1.));
#913 = CARTESIAN_POINT('',(0.,-1.));
#914 = ( GEOMETRIC_REPRESENTATION_CONTEXT(2) 
PARAMETRIC_REPRESENTATION_CONTEXT() REPRESENTATION_CONTEXT('2D SPACE',''
  ) );
#915 = ORIENTED_EDGE('',*,*,#916,.T.);
#916 = EDGE_CURVE('',#891,#917,#919,.T.);
#917 = VERTEX_POINT('',#918);
#918 = CARTESIAN_POINT('',(124.90996231132,7.545,5.));
#919 = SURFACE_CURVE('',#920,(#925,#936),.PCURVE_S1.);
#920 = CIRCLE('',#921,3.);
#921 = AXIS2_PLACEMENT_3D('',#922,#923,#924);
#922 = CARTESIAN_POINT('',(121.925,7.245,5.));
#923 = DIRECTION('',(0.,0.,-1.));
#924 = DIRECTION('',(1.,0.,0.));
#925 = PCURVE('',#126,#926);
#926 = DEFINITIONAL_REPRESENTATION('',(#927),#935);
#927 = ( BOUNDED_CURVE() B_SPLINE_CURVE(2,(#928,#929,#930,#931,#932,#933
,#934),.UNSPECIFIED.,.T.,.F.) B_SPLINE_CURVE_WITH_KNOTS((1,2,2,2,2,1),(
    -2.094395102393,0.,2.094395102393,4.188790204786,6.28318530718,
8.377580409573),.UNSPECIFIED.) CURVE() GEOMETRIC_REPRESENTATION_ITEM() 
RATIONAL_B_SPLINE_CURVE((1.,0.5,1.,0.5,1.,0.5,1.)) REPRESENTATION_ITEM(
  '') );
#928 = CARTESIAN_POINT('',(-27.475,64.39375));
#929 = CARTESIAN_POINT('',(-27.475,59.197597577293));
#930 = CARTESIAN_POINT('',(-31.975,61.795673788647));
#931 = CARTESIAN_POINT('',(-36.475,64.39375));
#932 = CARTESIAN_POINT('',(-31.975,66.991826211353));
#933 = CARTESIAN_POINT('',(-27.475,69.589902422707));
#934 = CARTESIAN_POINT('',(-27.475,64.39375));
#935 = ( GEOMETRIC_REPRESENTATION_CONTEXT(2) 
PARAMETRIC_REPRESENTATION_CONTEXT() REPRESENTATION_CONTEXT('2D SPACE',''
  ) );
#936 = PCURVE('',#937,#942);
#937 = CYLINDRICAL_SURFACE('',#938,3.);
#938 = AXIS2_PLACEMENT_3D('',#939,#940,#941);
#939 = CARTESIAN_POINT('',(121.925,7.245,4.));
#940 = DIRECTION('',(-0.,-0.,-1.));
#941 = DIRECTION('',(1.,0.,0.));
#942 = DEFINITIONAL_REPRESENTATION('',(#943),#947);
#943 = LINE('',#944,#945);
#944 = CARTESIAN_POINT('',(-6.28318530718,-1.));
#945 = VECTOR('',#946,1.);
#946 = DIRECTION('',(1.,-0.));
#947 = ( GEOMETRIC_REPRESENTATION_CONTEXT(2) 
PARAMETRIC_REPRESENTATION_CONTEXT() REPRESENTATION_CONTEXT('2D SPACE',''
  ) );
#948 = ORIENTED_EDGE('',*,*,#949,.F.);
#949 = EDGE_CURVE('',#950,#917,#952,.T.);
#950 = VERTEX_POINT('',#951);
#951 = CARTESIAN_POINT('',(180.09003768867,7.545,5.));
#952 = SURFACE_CURVE('',#953,(#957,#963),.PCURVE_S1.);
#953 = LINE('',#954,#955);
#954 = CARTESIAN_POINT('',(76.95,7.545,5.));
#955 = VECTOR('',#956,1.);
#956 = DIRECTION('',(-1.,0.,0.));
#957 = PCURVE('',#126,#958);
#958 = DEFINITIONAL_REPRESENTATION('',(#959),#962);
#959 = B_SPLINE_CURVE_WITH_KNOTS('',1,(#960,#961),.UNSPECIFIED.,.F.,.F.,
  (2,2),(-226.35,75.45),.PIECEWISE_BEZIER_KNOTS.);
#960 = CARTESIAN_POINT('',(150.9,64.69375));
#961 = CARTESIAN_POINT('',(-150.9,64.69375));
#962 = ( GEOMETRIC_REPRESENTATION_CONTEXT(2) 
PARAMETRIC_REPRESENTATION_CONTEXT() REPRESENTATION_CONTEXT('2D SPACE',''
  ) );
#963 = PCURVE('',#964,#969);
#964 = PLANE('',#965);
#965 = AXIS2_PLACEMENT_3D('',#966,#967,#968);
#966 = CARTESIAN_POINT('',(1.5,7.545,4.));
#967 = DIRECTION('',(0.,1.,0.));
#968 = DIRECTION('',(1.,0.,0.));
#969 = DEFINITIONAL_REPRESENTATION('',(#970),#973);
#970 = B_SPLINE_CURVE_WITH_KNOTS('',1,(#971,#972),.UNSPECIFIED.,.F.,.F.,
  (2,2),(-226.35,75.45),.PIECEWISE_BEZIER_KNOTS.);
#971 = CARTESIAN_POINT('',(301.8,-1.));
#972 = CARTESIAN_POINT('',(0.,-1.));
#973 = ( GEOMETRIC_REPRESENTATION_CONTEXT(2) 
PARAMETRIC_REPRESENTATION_CONTEXT() REPRESENTATION_CONTEXT('2D SPACE',''
  ) );
#974 = ORIENTED_EDGE('',*,*,#975,.T.);
#975 = EDGE_CURVE('',#950,#976,#978,.T.);
#976 = VERTEX_POINT('',#977);
#977 = CARTESIAN_POINT('',(183.075,10.245,5.));
#978 = SURFACE_CURVE('',#979,(#984,#995),.PCURVE_S1.);
#979 = CIRCLE('',#980,3.);
#980 = AXIS2_PLACEMENT_3D('',#981,#982,#983);
#981 = CARTESIAN_POINT('',(183.075,7.245,5.));
#982 = DIRECTION('',(0.,0.,-1.));
#983 = DIRECTION('',(1.,0.,0.));
#984 = PCURVE('',#126,#985);
#985 = DEFINITIONAL_REPRESENTATION('',(#986),#994);
#986 = ( BOUNDED_CURVE() B_SPLINE_CURVE(2,(#987,#988,#989,#990,#991,#992
,#993),.UNSPECIFIED.,.T.,.F.) B_SPLINE_CURVE_WITH_KNOTS((1,2,2,2,2,1),(
    -2.094395102393,0.,2.094395102393,4.188790204786,6.28318530718,
8.377580409573),.UNSPECIFIED.) CURVE() GEOMETRIC_REPRESENTATION_ITEM() 
RATIONAL_B_SPLINE_CURVE((1.,0.5,1.,0.5,1.,0.5,1.)) REPRESENTATION_ITEM(
  '') );
#987 = CARTESIAN_POINT('',(33.675,64.39375));
#988 = CARTESIAN_POINT('',(33.675,59.197597577293));
#989 = CARTESIAN_POINT('',(29.175,61.795673788647));
#990 = CARTESIAN_POINT('',(24.675,64.39375));
#991 = CARTESIAN_POINT('',(29.175,66.991826211353));
#992 = CARTESIAN_POINT('',(33.675,69.589902422707));
#993 = CARTESIAN_POINT('',(33.675,64.39375));
#994 = ( GEOMETRIC_REPRESENTATION_CONTEXT(2) 
PARAMETRIC_REPRESENTATION_CONTEXT() REPRESENTATION_CONTEXT('2D SPACE',''
  ) );
#995 = PCURVE('',#996,#1001);
#996 = CYLINDRICAL_SURFACE('',#997,3.);
#997 = AXIS2_PLACEMENT_3D('',#998,#999,#1000);
#998 = CARTESIAN_POINT('',(183.075,7.245,4.));
#999 = DIRECTION('',(-0.,-0.,-1.));
#1000 = DIRECTION('',(1.,0.,0.));
#1001 = DEFINITIONAL_REPRESENTATION('',(#1002),#1006);
#1002 = LINE('',#1003,#1004);
#1003 = CARTESIAN_POINT('',(-6.28318530718,-1.));
#1004 = VECTOR('',#1005,1.);
#1005 = DIRECTION('',(1.,-0.));
#1006 = ( GEOMETRIC_REPRESENTATION_CONTEXT(2) 
PARAMETRIC_REPRESENTATION_CONTEXT() REPRESENTATION_CONTEXT('2D SPACE',''
  ) );
#1007 = ORIENTED_EDGE('',*,*,#1008,.F.);
#1008 = EDGE_CURVE('',#1009,#976,#1011,.T.);
#1009 = VERTEX_POINT('',#1010);
#1010 = CARTESIAN_POINT('',(196.925,10.245,5.));
#1011 = SURFACE_CURVE('',#1012,(#1016,#1022),.PCURVE_S1.);
#1012 = LINE('',#1013,#1014);
#1013 = CARTESIAN_POINT('',(167.7375,10.245,5.));
#1014 = VECTOR('',#1015,1.);
#1015 = DIRECTION('',(-1.,0.,0.));
#1016 = PCURVE('',#126,#1017);
#1017 = DEFINITIONAL_REPRESENTATION('',(#1018),#1021);
#1018 = B_SPLINE_CURVE_WITH_KNOTS('',1,(#1019,#1020),.UNSPECIFIED.,.F.,
  .F.,(2,2),(-29.1875,-15.3375),.PIECEWISE_BEZIER_KNOTS.);
#1019 = CARTESIAN_POINT('',(44.525,67.39375));
#1020 = CARTESIAN_POINT('',(30.675,67.39375));
#1021 = ( GEOMETRIC_REPRESENTATION_CONTEXT(2) 
PARAMETRIC_REPRESENTATION_CONTEXT() REPRESENTATION_CONTEXT('2D SPACE',''
  ) );
#1022 = PCURVE('',#1023,#1028);
#1023 = PLANE('',#1024);
#1024 = AXIS2_PLACEMENT_3D('',#1025,#1026,#1027);
#1025 = CARTESIAN_POINT('',(183.075,10.245,4.));
#1026 = DIRECTION('',(0.,1.,0.));
#1027 = DIRECTION('',(1.,0.,0.));
#1028 = DEFINITIONAL_REPRESENTATION('',(#1029),#1032);
#1029 = B_SPLINE_CURVE_WITH_KNOTS('',1,(#1030,#1031),.UNSPECIFIED.,.F.,
  .F.,(2,2),(-29.1875,-15.3375),.PIECEWISE_BEZIER_KNOTS.);
#1030 = CARTESIAN_POINT('',(13.85,-1.));
#1031 = CARTESIAN_POINT('',(0.,-1.));
#1032 = ( GEOMETRIC_REPRESENTATION_CONTEXT(2) 
PARAMETRIC_REPRESENTATION_CONTEXT() REPRESENTATION_CONTEXT('2D SPACE',''
  ) );
#1033 = ORIENTED_EDGE('',*,*,#1034,.T.);
#1034 = EDGE_CURVE('',#1009,#1035,#1037,.T.);
#1035 = VERTEX_POINT('',#1036);
#1036 = CARTESIAN_POINT('',(199.90996231132,7.545,5.));
#1037 = SURFACE_CURVE('',#1038,(#1043,#1054),.PCURVE_S1.);
#1038 = CIRCLE('',#1039,3.);
#1039 = AXIS2_PLACEMENT_3D('',#1040,#1041,#1042);
#1040 = CARTESIAN_POINT('',(196.925,7.245,5.));
#1041 = DIRECTION('',(0.,0.,-1.));
#1042 = DIRECTION('',(1.,0.,0.));
#1043 = PCURVE('',#126,#1044);
#1044 = DEFINITIONAL_REPRESENTATION('',(#1045),#1053);
#1045 = ( BOUNDED_CURVE() B_SPLINE_CURVE(2,(#1046,#1047,#1048,#1049,
#1050,#1051,#1052),.UNSPECIFIED.,.T.,.F.) B_SPLINE_CURVE_WITH_KNOTS((1,2
    ,2,2,2,1),(-2.094395102393,0.,2.094395102393,4.188790204786,
6.28318530718,8.377580409573),.UNSPECIFIED.) CURVE() 
GEOMETRIC_REPRESENTATION_ITEM() RATIONAL_B_SPLINE_CURVE((1.,0.5,1.,0.5,
1.,0.5,1.)) REPRESENTATION_ITEM('') );
#1046 = CARTESIAN_POINT('',(47.525,64.39375));
#1047 = CARTESIAN_POINT('',(47.525,59.197597577293));
#1048 = CARTESIAN_POINT('',(43.025,61.795673788647));
#1049 = CARTESIAN_POINT('',(38.525,64.39375));
#1050 = CARTESIAN_POINT('',(43.025,66.991826211353));
#1051 = CARTESIAN_POINT('',(47.525,69.589902422707));
#1052 = CARTESIAN_POINT('',(47.525,64.39375));
#1053 = ( GEOMETRIC_REPRESENTATION_CONTEXT(2) 
PARAMETRIC_REPRESENTATION_CONTEXT() REPRESENTATION_CONTEXT('2D SPACE',''
  ) );
#1054 = PCURVE('',#1055,#1060);
#1055 = CYLINDRICAL_SURFACE('',#1056,3.);
#1056 = AXIS2_PLACEMENT_3D('',#1057,#1058,#1059);
#1057 = CARTESIAN_POINT('',(196.925,7.245,4.));
#1058 = DIRECTION('',(-0.,-0.,-1.));
#1059 = DIRECTION('',(1.,0.,0.));
#1060 = DEFINITIONAL_REPRESENTATION('',(#1061),#1065);
#1061 = LINE('',#1062,#1063);
#1062 = CARTESIAN_POINT('',(-6.28318530718,-1.));
#1063 = VECTOR('',#1064,1.);
#1064 = DIRECTION('',(1.,-0.));
#1065 = ( GEOMETRIC_REPRESENTATION_CONTEXT(2) 
PARAMETRIC_REPRESENTATION_CONTEXT() REPRESENTATION_CONTEXT('2D SPACE',''
  ) );
#1066 = ORIENTED_EDGE('',*,*,#1067,.F.);
#1067 = EDGE_CURVE('',#1068,#1035,#1070,.T.);
#1068 = VERTEX_POINT('',#1069);
#1069 = CARTESIAN_POINT('',(247.84003768867,7.545,5.));
#1070 = SURFACE_CURVE('',#1071,(#1075,#1081),.PCURVE_S1.);
#1071 = LINE('',#1072,#1073);
#1072 = CARTESIAN_POINT('',(76.95,7.545,5.));
#1073 = VECTOR('',#1074,1.);
#1074 = DIRECTION('',(-1.,0.,0.));
#1075 = PCURVE('',#126,#1076);
#1076 = DEFINITIONAL_REPRESENTATION('',(#1077),#1080);
#1077 = B_SPLINE_CURVE_WITH_KNOTS('',1,(#1078,#1079),.UNSPECIFIED.,.F.,
  .F.,(2,2),(-226.35,75.45),.PIECEWISE_BEZIER_KNOTS.);
#1078 = CARTESIAN_POINT('',(150.9,64.69375));
#1079 = CARTESIAN_POINT('',(-150.9,64.69375));
#1080 = ( GEOMETRIC_REPRESENTATION_CONTEXT(2) 
PARAMETRIC_REPRESENTATION_CONTEXT() REPRESENTATION_CONTEXT('2D SPACE',''
  ) );
#1081 = PCURVE('',#1082,#1087);
#1082 = PLANE('',#1083);
#1083 = AXIS2_PLACEMENT_3D('',#1084,#1085,#1086);
#1084 = CARTESIAN_POINT('',(1.5,7.545,4.));
#1085 = DIRECTION('',(0.,1.,0.));
#1086 = DIRECTION('',(1.,0.,0.));
#1087 = DEFINITIONAL_REPRESENTATION('',(#1088),#1091);
#1088 = B_SPLINE_CURVE_WITH_KNOTS('',1,(#1089,#1090),.UNSPECIFIED.,.F.,
  .F.,(2,2),(-226.35,75.45),.PIECEWISE_BEZIER_KNOTS.);
#1089 = CARTESIAN_POINT('',(301.8,-1.));
#1090 = CARTESIAN_POINT('',(0.,-1.));
#1091 = ( GEOMETRIC_REPRESENTATION_CONTEXT(2) 
PARAMETRIC_REPRESENTATION_CONTEXT() REPRESENTATION_CONTEXT('2D SPACE',''
  ) );
#1092 = ORIENTED_EDGE('',*,*,#1093,.T.);
#1093 = EDGE_CURVE('',#1068,#1094,#1096,.T.);
#1094 = VERTEX_POINT('',#1095);
#1095 = CARTESIAN_POINT('',(250.825,10.245,5.));
#1096 = SURFACE_CURVE('',#1097,(#1102,#1113),.PCURVE_S1.);
#1097 = CIRCLE('',#1098,3.);
#1098 = AXIS2_PLACEMENT_3D('',#1099,#1100,#1101);
#1099 = CARTESIAN_POINT('',(250.825,7.245,5.));
#1100 = DIRECTION('',(0.,0.,-1.));
#1101 = DIRECTION('',(1.,0.,0.));
#1102 = PCURVE('',#126,#1103);
#1103 = DEFINITIONAL_REPRESENTATION('',(#1104),#1112);
#1104 = ( BOUNDED_CURVE() B_SPLINE_CURVE(2,(#1105,#1106,#1107,#1108,
#1109,#1110,#1111),.UNSPECIFIED.,.T.,.F.) B_SPLINE_CURVE_WITH_KNOTS((1,2
    ,2,2,2,1),(-2.094395102393,0.,2.094395102393,4.188790204786,
6.28318530718,8.377580409573),.UNSPECIFIED.) CURVE() 
GEOMETRIC_REPRESENTATION_ITEM() RATIONAL_B_SPLINE_CURVE((1.,0.5,1.,0.5,
1.,0.5,1.)) REPRESENTATION_ITEM('') );
#1105 = CARTESIAN_POINT('',(101.425,64.39375));
#1106 = CARTESIAN_POINT('',(101.425,59.197597577293));
#1107 = CARTESIAN_POINT('',(96.925,61.795673788647));
#1108 = CARTESIAN_POINT('',(92.425,64.39375));
#1109 = CARTESIAN_POINT('',(96.925,66.991826211353));
#1110 = CARTESIAN_POINT('',(101.425,69.589902422707));
#1111 = CARTESIAN_POINT('',(101.425,64.39375));
#1112 = ( GEOMETRIC_REPRESENTATION_CONTEXT(2) 
PARAMETRIC_REPRESENTATION_CONTEXT() REPRESENTATION_CONTEXT('2D SPACE',''
  ) );
#1113 = PCURVE('',#1114,#1119);
#1114 = CYLINDRICAL_SURFACE('',#1115,3.);
#1115 = AXIS2_PLACEMENT_3D('',#1116,#1117,#1118);
#1116 = CARTESIAN_POINT('',(250.825,7.245,4.));
#1117 = DIRECTION('',(-0.,-0.,-1.));
#1118 = DIRECTION('',(1.,0.,0.));
#1119 = DEFINITIONAL_REPRESENTATION('',(#1120),#1124);
#1120 = LINE('',#1121,#1122);
#1121 = CARTESIAN_POINT('',(-6.28318530718,-1.));
#1122 = VECTOR('',#1123,1.);
#1123 = DIRECTION('',(1.,-0.));
#1124 = ( GEOMETRIC_REPRESENTATION_CONTEXT(2) 
PARAMETRIC_REPRESENTATION_CONTEXT() REPRESENTATION_CONTEXT('2D SPACE',''
  ) );
#1125 = ORIENTED_EDGE('',*,*,#1126,.F.);
#1126 = EDGE_CURVE('',#1127,#1094,#1129,.T.);
#1127 = VERTEX_POINT('',#1128);
#1128 = CARTESIAN_POINT('',(264.675,10.245,5.));
#1129 = SURFACE_CURVE('',#1130,(#1134,#1140),.PCURVE_S1.);
#1130 = LINE('',#1131,#1132);
#1131 = CARTESIAN_POINT('',(201.6125,10.245,5.));
#1132 = VECTOR('',#1133,1.);
#1133 = DIRECTION('',(-1.,0.,0.));
#1134 = PCURVE('',#126,#1135);
#1135 = DEFINITIONAL_REPRESENTATION('',(#1136),#1139);
#1136 = B_SPLINE_CURVE_WITH_KNOTS('',1,(#1137,#1138),.UNSPECIFIED.,.F.,
  .F.,(2,2),(-63.0625,-49.2125),.PIECEWISE_BEZIER_KNOTS.);
#1137 = CARTESIAN_POINT('',(112.275,67.39375));
#1138 = CARTESIAN_POINT('',(98.425,67.39375));
#1139 = ( GEOMETRIC_REPRESENTATION_CONTEXT(2) 
PARAMETRIC_REPRESENTATION_CONTEXT() REPRESENTATION_CONTEXT('2D SPACE',''
  ) );
#1140 = PCURVE('',#1141,#1146);
#1141 = PLANE('',#1142);
#1142 = AXIS2_PLACEMENT_3D('',#1143,#1144,#1145);
#1143 = CARTESIAN_POINT('',(250.825,10.245,4.));
#1144 = DIRECTION('',(0.,1.,0.));
#1145 = DIRECTION('',(1.,0.,0.));
#1146 = DEFINITIONAL_REPRESENTATION('',(#1147),#1150);
#1147 = B_SPLINE_CURVE_WITH_KNOTS('',1,(#1148,#1149),.UNSPECIFIED.,.F.,
  .F.,(2,2),(-63.0625,-49.2125),.PIECEWISE_BEZIER_KNOTS.);
#1148 = CARTESIAN_POINT('',(13.85,-1.));
#1149 = CARTESIAN_POINT('',(-1.42108547152E-14,-1.));
#1150 = ( GEOMETRIC_REPRESENTATION_CONTEXT(2) 
PARAMETRIC_REPRESENTATION_CONTEXT() REPRESENTATION_CONTEXT('2D SPACE',''
  ) );
#1151 = ORIENTED_EDGE('',*,*,#1152,.T.);
#1152 = EDGE_CURVE('',#1127,#1153,#1155,.T.);
#1153 = VERTEX_POINT('',#1154);
#1154 = CARTESIAN_POINT('',(267.65996231131,7.545,5.));
#1155 = SURFACE_CURVE('',#1156,(#1161,#1172),.PCURVE_S1.);
#1156 = CIRCLE('',#1157,3.);
#1157 = AXIS2_PLACEMENT_3D('',#1158,#1159,#1160);
#1158 = CARTESIAN_POINT('',(264.675,7.245,5.));
#1159 = DIRECTION('',(0.,0.,-1.));
#1160 = DIRECTION('',(1.,0.,0.));
#1161 = PCURVE('',#126,#1162);
#1162 = DEFINITIONAL_REPRESENTATION('',(#1163),#1171);
#1163 = ( BOUNDED_CURVE() B_SPLINE_CURVE(2,(#1164,#1165,#1166,#1167,
#1168,#1169,#1170),.UNSPECIFIED.,.T.,.F.) B_SPLINE_CURVE_WITH_KNOTS((1,2
    ,2,2,2,1),(-2.094395102393,0.,2.094395102393,4.188790204786,
6.28318530718,8.377580409573),.UNSPECIFIED.) CURVE() 
GEOMETRIC_REPRESENTATION_ITEM() RATIONAL_B_SPLINE_CURVE((1.,0.5,1.,0.5,
1.,0.5,1.)) REPRESENTATION_ITEM('') );
#1164 = CARTESIAN_POINT('',(115.275,64.39375));
#1165 = CARTESIAN_POINT('',(115.275,59.197597577293));
#1166 = CARTESIAN_POINT('',(110.775,61.795673788647));
#1167 = CARTESIAN_POINT('',(106.275,64.39375));
#1168 = CARTESIAN_POINT('',(110.775,66.991826211353));
#1169 = CARTESIAN_POINT('',(115.275,69.589902422707));
#1170 = CARTESIAN_POINT('',(115.275,64.39375));
#1171 = ( GEOMETRIC_REPRESENTATION_CONTEXT(2) 
PARAMETRIC_REPRESENTATION_CONTEXT() REPRESENTATION_CONTEXT('2D SPACE',''
  ) );
#1172 = PCURVE('',#1173,#1178);
#1173 = CYLINDRICAL_SURFACE('',#1174,3.);
#1174 = AXIS2_PLACEMENT_3D('',#1175,#1176,#1177);
#1175 = CARTESIAN_POINT('',(264.675,7.245,4.));
#1176 = DIRECTION('',(-0.,-0.,-1.));
#1177 = DIRECTION('',(1.,0.,0.));
#1178 = DEFINITIONAL_REPRESENTATION('',(#1179),#1183);
#1179 = LINE('',#1180,#1181);
#1180 = CARTESIAN_POINT('',(-6.28318530718,-1.));
#1181 = VECTOR('',#1182,1.);
#1182 = DIRECTION('',(1.,-0.));
#1183 = ( GEOMETRIC_REPRESENTATION_CONTEXT(2) 
PARAMETRIC_REPRESENTATION_CONTEXT() REPRESENTATION_CONTEXT('2D SPACE',''
  ) );
#1184 = ORIENTED_EDGE('',*,*,#1185,.F.);
#1185 = EDGE_CURVE('',#1186,#1153,#1188,.T.);
#1186 = VERTEX_POINT('',#1187);
#1187 = CARTESIAN_POINT('',(303.3,7.545,5.));
#1188 = SURFACE_CURVE('',#1189,(#1193,#1199),.PCURVE_S1.);
#1189 = LINE('',#1190,#1191);
#1190 = CARTESIAN_POINT('',(76.95,7.545,5.));
#1191 = VECTOR('',#1192,1.);
#1192 = DIRECTION('',(-1.,0.,0.));
#1193 = PCURVE('',#126,#1194);
#1194 = DEFINITIONAL_REPRESENTATION('',(#1195),#1198);
#1195 = B_SPLINE_CURVE_WITH_KNOTS('',1,(#1196,#1197),.UNSPECIFIED.,.F.,
  .F.,(2,2),(-226.35,75.45),.PIECEWISE_BEZIER_KNOTS.);
#1196 = CARTESIAN_POINT('',(150.9,64.69375));
#1197 = CARTESIAN_POINT('',(-150.9,64.69375));
#1198 = ( GEOMETRIC_REPRESENTATION_CONTEXT(2) 
PARAMETRIC_REPRESENTATION_CONTEXT() REPRESENTATION_CONTEXT('2D SPACE',''
  ) );
#1199 = PCURVE('',#1200,#1205);
#1200 = PLANE('',#1201);
#1201 = AXIS2_PLACEMENT_3D('',#1202,#1203,#1204);
#1202 = CARTESIAN_POINT('',(1.5,7.545,4.));
#1203 = DIRECTION('',(0.,1.,0.));
#1204 = DIRECTION('',(1.,0.,0.));
#1205 = DEFINITIONAL_REPRESENTATION('',(#1206),#1209);
#1206 = B_SPLINE_CURVE_WITH_KNOTS('',1,(#1207,#1208),.UNSPECIFIED.,.F.,
  .F.,(2,2),(-226.35,75.45),.PIECEWISE_BEZIER_KNOTS.);
#1207 = CARTESIAN_POINT('',(301.8,-1.));
#1208 = CARTESIAN_POINT('',(0.,-1.));
#1209 = ( GEOMETRIC_REPRESENTATION_CONTEXT(2) 
PARAMETRIC_REPRESENTATION_CONTEXT() REPRESENTATION_CONTEXT('2D SPACE',''
  ) );
#1210 = ORIENTED_EDGE('',*,*,#1211,.T.);
#1211 = EDGE_CURVE('',#1186,#1212,#1214,.T.);
#1212 = VERTEX_POINT('',#1213);
#1213 = CARTESIAN_POINT('',(307.6,3.245,5.));
#1214 = SURFACE_CURVE('',#1215,(#1220,#1231),.PCURVE_S1.);
#1215 = CIRCLE('',#1216,4.3);
#1216 = AXIS2_PLACEMENT_3D('',#1217,#1218,#1219);
#1217 = CARTESIAN_POINT('',(303.3,3.245,5.));
#1218 = DIRECTION('',(0.,0.,-1.));
#1219 = DIRECTION('',(-1.,0.,0.));
#1220 = PCURVE('',#126,#1221);
#1221 = DEFINITIONAL_REPRESENTATION('',(#1222),#1230);
#1222 = ( BOUNDED_CURVE() B_SPLINE_CURVE(2,(#1223,#1224,#1225,#1226,
#1227,#1228,#1229),.UNSPECIFIED.,.T.,.F.) B_SPLINE_CURVE_WITH_KNOTS((1,2
    ,2,2,2,1),(-2.094395102393,0.,2.094395102393,4.188790204786,
6.28318530718,8.377580409573),.UNSPECIFIED.) CURVE() 
GEOMETRIC_REPRESENTATION_ITEM() RATIONAL_B_SPLINE_CURVE((1.,0.5,1.,0.5,
1.,0.5,1.)) REPRESENTATION_ITEM('') );
#1223 = CARTESIAN_POINT('',(146.6,60.39375));
#1224 = CARTESIAN_POINT('',(146.6,67.841568472546));
#1225 = CARTESIAN_POINT('',(153.05,64.117659236273));
#1226 = CARTESIAN_POINT('',(159.5,60.39375));
#1227 = CARTESIAN_POINT('',(153.05,56.669840763727));
#1228 = CARTESIAN_POINT('',(146.6,52.945931527454));
#1229 = CARTESIAN_POINT('',(146.6,60.39375));
#1230 = ( GEOMETRIC_REPRESENTATION_CONTEXT(2) 
PARAMETRIC_REPRESENTATION_CONTEXT() REPRESENTATION_CONTEXT('2D SPACE',''
  ) );
#1231 = PCURVE('',#1232,#1237);
#1232 = CYLINDRICAL_SURFACE('',#1233,4.3);
#1233 = AXIS2_PLACEMENT_3D('',#1234,#1235,#1236);
#1234 = CARTESIAN_POINT('',(303.3,3.245,4.));
#1235 = DIRECTION('',(0.,0.,-1.));
#1236 = DIRECTION('',(-1.,0.,0.));
#1237 = DEFINITIONAL_REPRESENTATION('',(#1238),#1242);
#1238 = LINE('',#1239,#1240);
#1239 = CARTESIAN_POINT('',(0.,-1.));
#1240 = VECTOR('',#1241,1.);
#1241 = DIRECTION('',(1.,0.));
#1242 = ( GEOMETRIC_REPRESENTATION_CONTEXT(2) 
PARAMETRIC_REPRESENTATION_CONTEXT() REPRESENTATION_CONTEXT('2D SPACE',''
  ) );
#1243 = ORIENTED_EDGE('',*,*,#1244,.T.);
#1244 = EDGE_CURVE('',#1212,#1245,#1247,.T.);
#1245 = VERTEX_POINT('',#1246);
#1246 = CARTESIAN_POINT('',(307.6,-42.47753768867,5.));
#1247 = SURFACE_CURVE('',#1248,(#1252,#1258),.PCURVE_S1.);
#1248 = LINE('',#1249,#1250);
#1249 = CARTESIAN_POINT('',(307.6,-87.345625,5.));
#1250 = VECTOR('',#1251,1.);
#1251 = DIRECTION('',(0.,-1.,0.));
#1252 = PCURVE('',#126,#1253);
#1253 = DEFINITIONAL_REPRESENTATION('',(#1254),#1257);
#1254 = B_SPLINE_CURVE_WITH_KNOTS('',1,(#1255,#1256),.UNSPECIFIED.,.F.,
  .F.,(2,2),(-90.590625,30.196875),.PIECEWISE_BEZIER_KNOTS.);
#1255 = CARTESIAN_POINT('',(155.2,60.39375));
#1256 = CARTESIAN_POINT('',(155.2,-60.39375));
#1257 = ( GEOMETRIC_REPRESENTATION_CONTEXT(2) 
PARAMETRIC_REPRESENTATION_CONTEXT() REPRESENTATION_CONTEXT('2D SPACE',''
  ) );
#1258 = PCURVE('',#1259,#1264);
#1259 = PLANE('',#1260);
#1260 = AXIS2_PLACEMENT_3D('',#1261,#1262,#1263);
#1261 = CARTESIAN_POINT('',(307.6,-117.5425,4.));
#1262 = DIRECTION('',(-1.,0.,0.));
#1263 = DIRECTION('',(0.,1.,0.));
#1264 = DEFINITIONAL_REPRESENTATION('',(#1265),#1268);
#1265 = B_SPLINE_CURVE_WITH_KNOTS('',1,(#1266,#1267),.UNSPECIFIED.,.F.,
  .F.,(2,2),(-90.590625,30.196875),.PIECEWISE_BEZIER_KNOTS.);
#1266 = CARTESIAN_POINT('',(120.7875,-1.));
#1267 = CARTESIAN_POINT('',(0.,-1.));
#1268 = ( GEOMETRIC_REPRESENTATION_CONTEXT(2) 
PARAMETRIC_REPRESENTATION_CONTEXT() REPRESENTATION_CONTEXT('2D SPACE',''
  ) );
#1269 = ORIENTED_EDGE('',*,*,#1270,.T.);
#1270 = EDGE_CURVE('',#1245,#1271,#1273,.T.);
#1271 = VERTEX_POINT('',#1272);
#1272 = CARTESIAN_POINT('',(310.3,-45.4625,5.));
#1273 = SURFACE_CURVE('',#1274,(#1279,#1290),.PCURVE_S1.);
#1274 = CIRCLE('',#1275,3.);
#1275 = AXIS2_PLACEMENT_3D('',#1276,#1277,#1278);
#1276 = CARTESIAN_POINT('',(307.3,-45.4625,5.));
#1277 = DIRECTION('',(0.,0.,-1.));
#1278 = DIRECTION('',(-1.,0.,0.));
#1279 = PCURVE('',#126,#1280);
#1280 = DEFINITIONAL_REPRESENTATION('',(#1281),#1289);
#1281 = ( BOUNDED_CURVE() B_SPLINE_CURVE(2,(#1282,#1283,#1284,#1285,
#1286,#1287,#1288),.UNSPECIFIED.,.T.,.F.) B_SPLINE_CURVE_WITH_KNOTS((1,2
    ,2,2,2,1),(-2.094395102393,0.,2.094395102393,4.188790204786,
6.28318530718,8.377580409573),.UNSPECIFIED.) CURVE() 
GEOMETRIC_REPRESENTATION_ITEM() RATIONAL_B_SPLINE_CURVE((1.,0.5,1.,0.5,
1.,0.5,1.)) REPRESENTATION_ITEM('') );
#1282 = CARTESIAN_POINT('',(151.9,11.68625));
#1283 = CARTESIAN_POINT('',(151.9,16.882402422707));
#1284 = CARTESIAN_POINT('',(156.4,14.284326211353));
#1285 = CARTESIAN_POINT('',(160.9,11.68625));
#1286 = CARTESIAN_POINT('',(156.4,9.088173788647));
#1287 = CARTESIAN_POINT('',(151.9,6.490097577293));
#1288 = CARTESIAN_POINT('',(151.9,11.68625));
#1289 = ( GEOMETRIC_REPRESENTATION_CONTEXT(2) 
PARAMETRIC_REPRESENTATION_CONTEXT() REPRESENTATION_CONTEXT('2D SPACE',''
  ) );
#1290 = PCURVE('',#1291,#1296);
#1291 = CYLINDRICAL_SURFACE('',#1292,3.);
#1292 = AXIS2_PLACEMENT_3D('',#1293,#1294,#1295);
#1293 = CARTESIAN_POINT('',(307.3,-45.4625,4.));
#1294 = DIRECTION('',(0.,0.,-1.));
#1295 = DIRECTION('',(-1.,0.,0.));
#1296 = DEFINITIONAL_REPRESENTATION('',(#1297),#1301);
#1297 = LINE('',#1298,#1299);
#1298 = CARTESIAN_POINT('',(0.,-1.));
#1299 = VECTOR('',#1300,1.);
#1300 = DIRECTION('',(1.,0.));
#1301 = ( GEOMETRIC_REPRESENTATION_CONTEXT(2) 
PARAMETRIC_REPRESENTATION_CONTEXT() REPRESENTATION_CONTEXT('2D SPACE',''
  ) );
#1302 = ORIENTED_EDGE('',*,*,#1303,.T.);
#1303 = EDGE_CURVE('',#1271,#1304,#1306,.T.);
#1304 = VERTEX_POINT('',#1305);
#1305 = CARTESIAN_POINT('',(310.3,-59.3125,5.));
#1306 = SURFACE_CURVE('',#1307,(#1311,#1317),.PCURVE_S1.);
#1307 = LINE('',#1308,#1309);
#1308 = CARTESIAN_POINT('',(310.3,-58.230625,5.));
#1309 = VECTOR('',#1310,1.);
#1310 = DIRECTION('',(0.,-1.,0.));
#1311 = PCURVE('',#126,#1312);
#1312 = DEFINITIONAL_REPRESENTATION('',(#1313),#1316);
#1313 = B_SPLINE_CURVE_WITH_KNOTS('',1,(#1314,#1315),.UNSPECIFIED.,.F.,
  .F.,(2,2),(-12.768125,1.081875),.PIECEWISE_BEZIER_KNOTS.);
#1314 = CARTESIAN_POINT('',(157.9,11.68625));
#1315 = CARTESIAN_POINT('',(157.9,-2.16375));
#1316 = ( GEOMETRIC_REPRESENTATION_CONTEXT(2) 
PARAMETRIC_REPRESENTATION_CONTEXT() REPRESENTATION_CONTEXT('2D SPACE',''
  ) );
#1317 = PCURVE('',#1318,#1323);
#1318 = PLANE('',#1319);
#1319 = AXIS2_PLACEMENT_3D('',#1320,#1321,#1322);
#1320 = CARTESIAN_POINT('',(310.3,-59.3125,4.));
#1321 = DIRECTION('',(-1.,0.,0.));
#1322 = DIRECTION('',(0.,1.,0.));
#1323 = DEFINITIONAL_REPRESENTATION('',(#1324),#1327);
#1324 = B_SPLINE_CURVE_WITH_KNOTS('',1,(#1325,#1326),.UNSPECIFIED.,.F.,
  .F.,(2,2),(-12.768125,1.081875),.PIECEWISE_BEZIER_KNOTS.);
#1325 = CARTESIAN_POINT('',(13.85,-1.));
#1326 = CARTESIAN_POINT('',(0.,-1.));
#1327 = ( GEOMETRIC_REPRESENTATION_CONTEXT(2) 
PARAMETRIC_REPRESENTATION_CONTEXT() REPRESENTATION_CONTEXT('2D SPACE',''
  ) );
#1328 = ORIENTED_EDGE('',*,*,#1329,.T.);
#1329 = EDGE_CURVE('',#1304,#1330,#1332,.T.);
#1330 = VERTEX_POINT('',#1331);
#1331 = CARTESIAN_POINT('',(307.6,-62.29746231131,5.));
#1332 = SURFACE_CURVE('',#1333,(#1338,#1349),.PCURVE_S1.);
#1333 = CIRCLE('',#1334,3.);
#1334 = AXIS2_PLACEMENT_3D('',#1335,#1336,#1337);
#1335 = CARTESIAN_POINT('',(307.3,-59.3125,5.));
#1336 = DIRECTION('',(0.,0.,-1.));
#1337 = DIRECTION('',(-1.,0.,0.));
#1338 = PCURVE('',#126,#1339);
#1339 = DEFINITIONAL_REPRESENTATION('',(#1340),#1348);
#1340 = ( BOUNDED_CURVE() B_SPLINE_CURVE(2,(#1341,#1342,#1343,#1344,
#1345,#1346,#1347),.UNSPECIFIED.,.T.,.F.) B_SPLINE_CURVE_WITH_KNOTS((1,2
    ,2,2,2,1),(-2.094395102393,0.,2.094395102393,4.188790204786,
6.28318530718,8.377580409573),.UNSPECIFIED.) CURVE() 
GEOMETRIC_REPRESENTATION_ITEM() RATIONAL_B_SPLINE_CURVE((1.,0.5,1.,0.5,
1.,0.5,1.)) REPRESENTATION_ITEM('') );
#1341 = CARTESIAN_POINT('',(151.9,-2.16375));
#1342 = CARTESIAN_POINT('',(151.9,3.032402422707));
#1343 = CARTESIAN_POINT('',(156.4,0.434326211353));
#1344 = CARTESIAN_POINT('',(160.9,-2.16375));
#1345 = CARTESIAN_POINT('',(156.4,-4.761826211353));
#1346 = CARTESIAN_POINT('',(151.9,-7.359902422707));
#1347 = CARTESIAN_POINT('',(151.9,-2.16375));
#1348 = ( GEOMETRIC_REPRESENTATION_CONTEXT(2) 
PARAMETRIC_REPRESENTATION_CONTEXT() REPRESENTATION_CONTEXT('2D SPACE',''
  ) );
#1349 = PCURVE('',#1350,#1355);
#1350 = CYLINDRICAL_SURFACE('',#1351,3.);
#1351 = AXIS2_PLACEMENT_3D('',#1352,#1353,#1354);
#1352 = CARTESIAN_POINT('',(307.3,-59.3125,4.));
#1353 = DIRECTION('',(0.,0.,-1.));
#1354 = DIRECTION('',(-1.,0.,0.));
#1355 = DEFINITIONAL_REPRESENTATION('',(#1356),#1360);
#1356 = LINE('',#1357,#1358);
#1357 = CARTESIAN_POINT('',(0.,-1.));
#1358 = VECTOR('',#1359,1.);
#1359 = DIRECTION('',(1.,0.));
#1360 = ( GEOMETRIC_REPRESENTATION_CONTEXT(2) 
PARAMETRIC_REPRESENTATION_CONTEXT() REPRESENTATION_CONTEXT('2D SPACE',''
  ) );
#1361 = ORIENTED_EDGE('',*,*,#1362,.T.);
#1362 = EDGE_CURVE('',#1330,#1363,#1365,.T.);
#1363 = VERTEX_POINT('',#1364);
#1364 = CARTESIAN_POINT('',(307.6,-117.5425,5.));
#1365 = SURFACE_CURVE('',#1366,(#1370,#1376),.PCURVE_S1.);
#1366 = LINE('',#1367,#1368);
#1367 = CARTESIAN_POINT('',(307.6,-87.345625,5.));
#1368 = VECTOR('',#1369,1.);
#1369 = DIRECTION('',(0.,-1.,0.));
#1370 = PCURVE('',#126,#1371);
#1371 = DEFINITIONAL_REPRESENTATION('',(#1372),#1375);
#1372 = B_SPLINE_CURVE_WITH_KNOTS('',1,(#1373,#1374),.UNSPECIFIED.,.F.,
  .F.,(2,2),(-90.590625,30.196875),.PIECEWISE_BEZIER_KNOTS.);
#1373 = CARTESIAN_POINT('',(155.2,60.39375));
#1374 = CARTESIAN_POINT('',(155.2,-60.39375));
#1375 = ( GEOMETRIC_REPRESENTATION_CONTEXT(2) 
PARAMETRIC_REPRESENTATION_CONTEXT() REPRESENTATION_CONTEXT('2D SPACE',''
  ) );
#1376 = PCURVE('',#1377,#1382);
#1377 = PLANE('',#1378);
#1378 = AXIS2_PLACEMENT_3D('',#1379,#1380,#1381);
#1379 = CARTESIAN_POINT('',(307.6,-117.5425,4.));
#1380 = DIRECTION('',(-1.,0.,0.));
#1381 = DIRECTION('',(0.,1.,0.));
#1382 = DEFINITIONAL_REPRESENTATION('',(#1383),#1386);
#1383 = B_SPLINE_CURVE_WITH_KNOTS('',1,(#1384,#1385),.UNSPECIFIED.,.F.,
  .F.,(2,2),(-90.590625,30.196875),.PIECEWISE_BEZIER_KNOTS.);
#1384 = CARTESIAN_POINT('',(120.7875,-1.));
#1385 = CARTESIAN_POINT('',(0.,-1.));
#1386 = ( GEOMETRIC_REPRESENTATION_CONTEXT(2) 
PARAMETRIC_REPRESENTATION_CONTEXT() REPRESENTATION_CONTEXT('2D SPACE',''
  ) );
#1387 = ORIENTED_EDGE('',*,*,#1388,.T.);
#1388 = EDGE_CURVE('',#1363,#1389,#1391,.T.);
#1389 = VERTEX_POINT('',#1390);
#1390 = CARTESIAN_POINT('',(303.3,-121.8425,5.));
#1391 = SURFACE_CURVE('',#1392,(#1397,#1408),.PCURVE_S1.);
#1392 = CIRCLE('',#1393,4.3);
#1393 = AXIS2_PLACEMENT_3D('',#1394,#1395,#1396);
#1394 = CARTESIAN_POINT('',(303.3,-117.5425,5.));
#1395 = DIRECTION('',(0.,0.,-1.));
#1396 = DIRECTION('',(-1.,0.,0.));
#1397 = PCURVE('',#126,#1398);
#1398 = DEFINITIONAL_REPRESENTATION('',(#1399),#1407);
#1399 = ( BOUNDED_CURVE() B_SPLINE_CURVE(2,(#1400,#1401,#1402,#1403,
#1404,#1405,#1406),.UNSPECIFIED.,.T.,.F.) B_SPLINE_CURVE_WITH_KNOTS((1,2
    ,2,2,2,1),(-2.094395102393,0.,2.094395102393,4.188790204786,
6.28318530718,8.377580409573),.UNSPECIFIED.) CURVE() 
GEOMETRIC_REPRESENTATION_ITEM() RATIONAL_B_SPLINE_CURVE((1.,0.5,1.,0.5,
1.,0.5,1.)) REPRESENTATION_ITEM('') );
#1400 = CARTESIAN_POINT('',(146.6,-60.39375));
#1401 = CARTESIAN_POINT('',(146.6,-52.94593152745));
#1402 = CARTESIAN_POINT('',(153.05,-56.66984076372));
#1403 = CARTESIAN_POINT('',(159.5,-60.39375));
#1404 = CARTESIAN_POINT('',(153.05,-64.11765923627));
#1405 = CARTESIAN_POINT('',(146.6,-67.84156847254));
#1406 = CARTESIAN_POINT('',(146.6,-60.39375));
#1407 = ( GEOMETRIC_REPRESENTATION_CONTEXT(2) 
PARAMETRIC_REPRESENTATION_CONTEXT() REPRESENTATION_CONTEXT('2D SPACE',''
  ) );
#1408 = PCURVE('',#1409,#1414);
#1409 = CYLINDRICAL_SURFACE('',#1410,4.3);
#1410 = AXIS2_PLACEMENT_3D('',#1411,#1412,#1413);
#1411 = CARTESIAN_POINT('',(303.3,-117.5425,4.));
#1412 = DIRECTION('',(0.,0.,-1.));
#1413 = DIRECTION('',(-1.,0.,0.));
#1414 = DEFINITIONAL_REPRESENTATION('',(#1415),#1419);
#1415 = LINE('',#1416,#1417);
#1416 = CARTESIAN_POINT('',(0.,-1.));
#1417 = VECTOR('',#1418,1.);
#1418 = DIRECTION('',(1.,0.));
#1419 = ( GEOMETRIC_REPRESENTATION_CONTEXT(2) 
PARAMETRIC_REPRESENTATION_CONTEXT() REPRESENTATION_CONTEXT('2D SPACE',''
  ) );
#1420 = ORIENTED_EDGE('',*,*,#1421,.T.);
#1421 = EDGE_CURVE('',#1389,#1422,#1424,.T.);
#1422 = VERTEX_POINT('',#1423);
#1423 = CARTESIAN_POINT('',(286.13496231132,-121.8425,5.));
#1424 = SURFACE_CURVE('',#1425,(#1429,#1435),.PCURVE_S1.);
#1425 = LINE('',#1426,#1427);
#1426 = CARTESIAN_POINT('',(76.95,-121.8425,5.));
#1427 = VECTOR('',#1428,1.);
#1428 = DIRECTION('',(-1.,0.,0.));
#1429 = PCURVE('',#126,#1430);
#1430 = DEFINITIONAL_REPRESENTATION('',(#1431),#1434);
#1431 = B_SPLINE_CURVE_WITH_KNOTS('',1,(#1432,#1433),.UNSPECIFIED.,.F.,
  .F.,(2,2),(-226.35,75.45),.PIECEWISE_BEZIER_KNOTS.);
#1432 = CARTESIAN_POINT('',(150.9,-64.69375));
#1433 = CARTESIAN_POINT('',(-150.9,-64.69375));
#1434 = ( GEOMETRIC_REPRESENTATION_CONTEXT(2) 
PARAMETRIC_REPRESENTATION_CONTEXT() REPRESENTATION_CONTEXT('2D SPACE',''
  ) );
#1435 = PCURVE('',#1436,#1441);
#1436 = PLANE('',#1437);
#1437 = AXIS2_PLACEMENT_3D('',#1438,#1439,#1440);
#1438 = CARTESIAN_POINT('',(1.5,-121.8425,4.));
#1439 = DIRECTION('',(0.,1.,0.));
#1440 = DIRECTION('',(1.,0.,0.));
#1441 = DEFINITIONAL_REPRESENTATION('',(#1442),#1445);
#1442 = B_SPLINE_CURVE_WITH_KNOTS('',1,(#1443,#1444),.UNSPECIFIED.,.F.,
  .F.,(2,2),(-226.35,75.45),.PIECEWISE_BEZIER_KNOTS.);
#1443 = CARTESIAN_POINT('',(301.8,-1.));
#1444 = CARTESIAN_POINT('',(0.,-1.));
#1445 = ( GEOMETRIC_REPRESENTATION_CONTEXT(2) 
PARAMETRIC_REPRESENTATION_CONTEXT() REPRESENTATION_CONTEXT('2D SPACE',''
  ) );
#1446 = ORIENTED_EDGE('',*,*,#1447,.T.);
#1447 = EDGE_CURVE('',#1422,#1448,#1450,.T.);
#1448 = VERTEX_POINT('',#1449);
#1449 = CARTESIAN_POINT('',(283.15,-124.5425,5.));
#1450 = SURFACE_CURVE('',#1451,(#1456,#1467),.PCURVE_S1.);
#1451 = CIRCLE('',#1452,3.);
#1452 = AXIS2_PLACEMENT_3D('',#1453,#1454,#1455);
#1453 = CARTESIAN_POINT('',(283.15,-121.5425,5.));
#1454 = DIRECTION('',(0.,0.,-1.));
#1455 = DIRECTION('',(1.,0.,0.));
#1456 = PCURVE('',#126,#1457);
#1457 = DEFINITIONAL_REPRESENTATION('',(#1458),#1466);
#1458 = ( BOUNDED_CURVE() B_SPLINE_CURVE(2,(#1459,#1460,#1461,#1462,
#1463,#1464,#1465),.UNSPECIFIED.,.T.,.F.) B_SPLINE_CURVE_WITH_KNOTS((1,2
    ,2,2,2,1),(-2.094395102393,0.,2.094395102393,4.188790204786,
6.28318530718,8.377580409573),.UNSPECIFIED.) CURVE() 
GEOMETRIC_REPRESENTATION_ITEM() RATIONAL_B_SPLINE_CURVE((1.,0.5,1.,0.5,
1.,0.5,1.)) REPRESENTATION_ITEM('') );
#1459 = CARTESIAN_POINT('',(133.75,-64.39375));
#1460 = CARTESIAN_POINT('',(133.75,-69.5899024227));
#1461 = CARTESIAN_POINT('',(129.25,-66.99182621135));
#1462 = CARTESIAN_POINT('',(124.75,-64.39375));
#1463 = CARTESIAN_POINT('',(129.25,-61.79567378864));
#1464 = CARTESIAN_POINT('',(133.75,-59.19759757729));
#1465 = CARTESIAN_POINT('',(133.75,-64.39375));
#1466 = ( GEOMETRIC_REPRESENTATION_CONTEXT(2) 
PARAMETRIC_REPRESENTATION_CONTEXT() REPRESENTATION_CONTEXT('2D SPACE',''
  ) );
#1467 = PCURVE('',#1468,#1473);
#1468 = CYLINDRICAL_SURFACE('',#1469,3.);
#1469 = AXIS2_PLACEMENT_3D('',#1470,#1471,#1472);
#1470 = CARTESIAN_POINT('',(283.15,-121.5425,4.));
#1471 = DIRECTION('',(-0.,-0.,-1.));
#1472 = DIRECTION('',(1.,0.,0.));
#1473 = DEFINITIONAL_REPRESENTATION('',(#1474),#1478);
#1474 = LINE('',#1475,#1476);
#1475 = CARTESIAN_POINT('',(-6.28318530718,-1.));
#1476 = VECTOR('',#1477,1.);
#1477 = DIRECTION('',(1.,-0.));
#1478 = ( GEOMETRIC_REPRESENTATION_CONTEXT(2) 
PARAMETRIC_REPRESENTATION_CONTEXT() REPRESENTATION_CONTEXT('2D SPACE',''
  ) );
#1479 = ORIENTED_EDGE('',*,*,#1480,.T.);
#1480 = EDGE_CURVE('',#1448,#1481,#1483,.T.);
#1481 = VERTEX_POINT('',#1482);
#1482 = CARTESIAN_POINT('',(269.3,-124.5425,5.));
#1483 = SURFACE_CURVE('',#1484,(#1488,#1494),.PCURVE_S1.);
#1484 = LINE('',#1485,#1486);
#1485 = CARTESIAN_POINT('',(210.85,-124.5425,5.));
#1486 = VECTOR('',#1487,1.);
#1487 = DIRECTION('',(-1.,0.,0.));
#1488 = PCURVE('',#126,#1489);
#1489 = DEFINITIONAL_REPRESENTATION('',(#1490),#1493);
#1490 = B_SPLINE_CURVE_WITH_KNOTS('',1,(#1491,#1492),.UNSPECIFIED.,.F.,
  .F.,(2,2),(-72.3,-58.45),.PIECEWISE_BEZIER_KNOTS.);
#1491 = CARTESIAN_POINT('',(130.75,-67.39375));
#1492 = CARTESIAN_POINT('',(116.9,-67.39375));
#1493 = ( GEOMETRIC_REPRESENTATION_CONTEXT(2) 
PARAMETRIC_REPRESENTATION_CONTEXT() REPRESENTATION_CONTEXT('2D SPACE',''
  ) );
#1494 = PCURVE('',#1495,#1500);
#1495 = PLANE('',#1496);
#1496 = AXIS2_PLACEMENT_3D('',#1497,#1498,#1499);
#1497 = CARTESIAN_POINT('',(269.3,-124.5425,4.));
#1498 = DIRECTION('',(0.,1.,0.));
#1499 = DIRECTION('',(1.,0.,0.));
#1500 = DEFINITIONAL_REPRESENTATION('',(#1501),#1504);
#1501 = B_SPLINE_CURVE_WITH_KNOTS('',1,(#1502,#1503),.UNSPECIFIED.,.F.,
  .F.,(2,2),(-72.3,-58.45),.PIECEWISE_BEZIER_KNOTS.);
#1502 = CARTESIAN_POINT('',(13.85,-1.));
#1503 = CARTESIAN_POINT('',(0.,-1.));
#1504 = ( GEOMETRIC_REPRESENTATION_CONTEXT(2) 
PARAMETRIC_REPRESENTATION_CONTEXT() REPRESENTATION_CONTEXT('2D SPACE',''
  ) );
#1505 = ORIENTED_EDGE('',*,*,#1506,.T.);
#1506 = EDGE_CURVE('',#1481,#1507,#1509,.T.);
#1507 = VERTEX_POINT('',#1508);
#1508 = CARTESIAN_POINT('',(266.31503768868,-121.8425,5.));
#1509 = SURFACE_CURVE('',#1510,(#1515,#1526),.PCURVE_S1.);
#1510 = CIRCLE('',#1511,3.);
#1511 = AXIS2_PLACEMENT_3D('',#1512,#1513,#1514);
#1512 = CARTESIAN_POINT('',(269.3,-121.5425,5.));
#1513 = DIRECTION('',(0.,0.,-1.));
#1514 = DIRECTION('',(1.,0.,0.));
#1515 = PCURVE('',#126,#1516);
#1516 = DEFINITIONAL_REPRESENTATION('',(#1517),#1525);
#1517 = ( BOUNDED_CURVE() B_SPLINE_CURVE(2,(#1518,#1519,#1520,#1521,
#1522,#1523,#1524),.UNSPECIFIED.,.T.,.F.) B_SPLINE_CURVE_WITH_KNOTS((1,2
    ,2,2,2,1),(-2.094395102393,0.,2.094395102393,4.188790204786,
6.28318530718,8.377580409573),.UNSPECIFIED.) CURVE() 
GEOMETRIC_REPRESENTATION_ITEM() RATIONAL_B_SPLINE_CURVE((1.,0.5,1.,0.5,
1.,0.5,1.)) REPRESENTATION_ITEM('') );
#1518 = CARTESIAN_POINT('',(119.9,-64.39375));
#1519 = CARTESIAN_POINT('',(119.9,-69.5899024227));
#1520 = CARTESIAN_POINT('',(115.4,-66.99182621135));
#1521 = CARTESIAN_POINT('',(110.9,-64.39375));
#1522 = CARTESIAN_POINT('',(115.4,-61.79567378864));
#1523 = CARTESIAN_POINT('',(119.9,-59.19759757729));
#1524 = CARTESIAN_POINT('',(119.9,-64.39375));
#1525 = ( GEOMETRIC_REPRESENTATION_CONTEXT(2) 
PARAMETRIC_REPRESENTATION_CONTEXT() REPRESENTATION_CONTEXT('2D SPACE',''
  ) );
#1526 = PCURVE('',#1527,#1532);
#1527 = CYLINDRICAL_SURFACE('',#1528,3.);
#1528 = AXIS2_PLACEMENT_3D('',#1529,#1530,#1531);
#1529 = CARTESIAN_POINT('',(269.3,-121.5425,4.));
#1530 = DIRECTION('',(-0.,-0.,-1.));
#1531 = DIRECTION('',(1.,0.,0.));
#1532 = DEFINITIONAL_REPRESENTATION('',(#1533),#1537);
#1533 = LINE('',#1534,#1535);
#1534 = CARTESIAN_POINT('',(-6.28318530718,-1.));
#1535 = VECTOR('',#1536,1.);
#1536 = DIRECTION('',(1.,-0.));
#1537 = ( GEOMETRIC_REPRESENTATION_CONTEXT(2) 
PARAMETRIC_REPRESENTATION_CONTEXT() REPRESENTATION_CONTEXT('2D SPACE',''
  ) );
#1538 = ORIENTED_EDGE('',*,*,#1539,.T.);
#1539 = EDGE_CURVE('',#1507,#1540,#1542,.T.);
#1540 = VERTEX_POINT('',#1541);
#1541 = CARTESIAN_POINT('',(224.22246231131,-121.8425,5.));
#1542 = SURFACE_CURVE('',#1543,(#1547,#1553),.PCURVE_S1.);
#1543 = LINE('',#1544,#1545);
#1544 = CARTESIAN_POINT('',(76.95,-121.8425,5.));
#1545 = VECTOR('',#1546,1.);
#1546 = DIRECTION('',(-1.,0.,0.));
#1547 = PCURVE('',#126,#1548);
#1548 = DEFINITIONAL_REPRESENTATION('',(#1549),#1552);
#1549 = B_SPLINE_CURVE_WITH_KNOTS('',1,(#1550,#1551),.UNSPECIFIED.,.F.,
  .F.,(2,2),(-226.35,75.45),.PIECEWISE_BEZIER_KNOTS.);
#1550 = CARTESIAN_POINT('',(150.9,-64.69375));
#1551 = CARTESIAN_POINT('',(-150.9,-64.69375));
#1552 = ( GEOMETRIC_REPRESENTATION_CONTEXT(2) 
PARAMETRIC_REPRESENTATION_CONTEXT() REPRESENTATION_CONTEXT('2D SPACE',''
  ) );
#1553 = PCURVE('',#1554,#1559);
#1554 = PLANE('',#1555);
#1555 = AXIS2_PLACEMENT_3D('',#1556,#1557,#1558);
#1556 = CARTESIAN_POINT('',(1.5,-121.8425,4.));
#1557 = DIRECTION('',(0.,1.,0.));
#1558 = DIRECTION('',(1.,0.,0.));
#1559 = DEFINITIONAL_REPRESENTATION('',(#1560),#1563);
#1560 = B_SPLINE_CURVE_WITH_KNOTS('',1,(#1561,#1562),.UNSPECIFIED.,.F.,
  .F.,(2,2),(-226.35,75.45),.PIECEWISE_BEZIER_KNOTS.);
#1561 = CARTESIAN_POINT('',(301.8,-1.));
#1562 = CARTESIAN_POINT('',(0.,-1.));
#1563 = ( GEOMETRIC_REPRESENTATION_CONTEXT(2) 
PARAMETRIC_REPRESENTATION_CONTEXT() REPRESENTATION_CONTEXT('2D SPACE',''
  ) );
#1564 = ORIENTED_EDGE('',*,*,#1565,.T.);
#1565 = EDGE_CURVE('',#1540,#1566,#1568,.T.);
#1566 = VERTEX_POINT('',#1567);
#1567 = CARTESIAN_POINT('',(221.2375,-124.5425,5.));
#1568 = SURFACE_CURVE('',#1569,(#1574,#1585),.PCURVE_S1.);
#1569 = CIRCLE('',#1570,3.);
#1570 = AXIS2_PLACEMENT_3D('',#1571,#1572,#1573);
#1571 = CARTESIAN_POINT('',(221.2375,-121.5425,5.));
#1572 = DIRECTION('',(0.,0.,-1.));
#1573 = DIRECTION('',(1.,0.,0.));
#1574 = PCURVE('',#126,#1575);
#1575 = DEFINITIONAL_REPRESENTATION('',(#1576),#1584);
#1576 = ( BOUNDED_CURVE() B_SPLINE_CURVE(2,(#1577,#1578,#1579,#1580,
#1581,#1582,#1583),.UNSPECIFIED.,.T.,.F.) B_SPLINE_CURVE_WITH_KNOTS((1,2
    ,2,2,2,1),(-2.094395102393,0.,2.094395102393,4.188790204786,
6.28318530718,8.377580409573),.UNSPECIFIED.) CURVE() 
GEOMETRIC_REPRESENTATION_ITEM() RATIONAL_B_SPLINE_CURVE((1.,0.5,1.,0.5,
1.,0.5,1.)) REPRESENTATION_ITEM('') );
#1577 = CARTESIAN_POINT('',(71.8375,-64.39375));
#1578 = CARTESIAN_POINT('',(71.8375,-69.5899024227));
#1579 = CARTESIAN_POINT('',(67.3375,-66.99182621135));
#1580 = CARTESIAN_POINT('',(62.8375,-64.39375));
#1581 = CARTESIAN_POINT('',(67.3375,-61.79567378864));
#1582 = CARTESIAN_POINT('',(71.8375,-59.19759757729));
#1583 = CARTESIAN_POINT('',(71.8375,-64.39375));
#1584 = ( GEOMETRIC_REPRESENTATION_CONTEXT(2) 
PARAMETRIC_REPRESENTATION_CONTEXT() REPRESENTATION_CONTEXT('2D SPACE',''
  ) );
#1585 = PCURVE('',#1586,#1591);
#1586 = CYLINDRICAL_SURFACE('',#1587,3.);
#1587 = AXIS2_PLACEMENT_3D('',#1588,#1589,#1590);
#1588 = CARTESIAN_POINT('',(221.2375,-121.5425,4.));
#1589 = DIRECTION('',(-0.,-0.,-1.));
#1590 = DIRECTION('',(1.,0.,0.));
#1591 = DEFINITIONAL_REPRESENTATION('',(#1592),#1596);
#1592 = LINE('',#1593,#1594);
#1593 = CARTESIAN_POINT('',(-6.28318530718,-1.));
#1594 = VECTOR('',#1595,1.);
#1595 = DIRECTION('',(1.,-0.));
#1596 = ( GEOMETRIC_REPRESENTATION_CONTEXT(2) 
PARAMETRIC_REPRESENTATION_CONTEXT() REPRESENTATION_CONTEXT('2D SPACE',''
  ) );
#1597 = ORIENTED_EDGE('',*,*,#1598,.T.);
#1598 = EDGE_CURVE('',#1566,#1599,#1601,.T.);
#1599 = VERTEX_POINT('',#1600);
#1600 = CARTESIAN_POINT('',(207.3875,-124.5425,5.));
#1601 = SURFACE_CURVE('',#1602,(#1606,#1612),.PCURVE_S1.);
#1602 = LINE('',#1603,#1604);
#1603 = CARTESIAN_POINT('',(179.89375,-124.5425,5.));
#1604 = VECTOR('',#1605,1.);
#1605 = DIRECTION('',(-1.,0.,0.));
#1606 = PCURVE('',#126,#1607);
#1607 = DEFINITIONAL_REPRESENTATION('',(#1608),#1611);
#1608 = B_SPLINE_CURVE_WITH_KNOTS('',1,(#1609,#1610),.UNSPECIFIED.,.F.,
  .F.,(2,2),(-41.34375,-27.49375),.PIECEWISE_BEZIER_KNOTS.);
#1609 = CARTESIAN_POINT('',(68.8375,-67.39375));
#1610 = CARTESIAN_POINT('',(54.9875,-67.39375));
#1611 = ( GEOMETRIC_REPRESENTATION_CONTEXT(2) 
PARAMETRIC_REPRESENTATION_CONTEXT() REPRESENTATION_CONTEXT('2D SPACE',''
  ) );
#1612 = PCURVE('',#1613,#1618);
#1613 = PLANE('',#1614);
#1614 = AXIS2_PLACEMENT_3D('',#1615,#1616,#1617);
#1615 = CARTESIAN_POINT('',(207.3875,-124.5425,4.));
#1616 = DIRECTION('',(0.,1.,0.));
#1617 = DIRECTION('',(1.,0.,0.));
#1618 = DEFINITIONAL_REPRESENTATION('',(#1619),#1622);
#1619 = B_SPLINE_CURVE_WITH_KNOTS('',1,(#1620,#1621),.UNSPECIFIED.,.F.,
  .F.,(2,2),(-41.34375,-27.49375),.PIECEWISE_BEZIER_KNOTS.);
#1620 = CARTESIAN_POINT('',(13.85,-1.));
#1621 = CARTESIAN_POINT('',(0.,-1.));
#1622 = ( GEOMETRIC_REPRESENTATION_CONTEXT(2) 
PARAMETRIC_REPRESENTATION_CONTEXT() REPRESENTATION_CONTEXT('2D SPACE',''
  ) );
#1623 = ORIENTED_EDGE('',*,*,#1624,.T.);
#1624 = EDGE_CURVE('',#1599,#1625,#1627,.T.);
#1625 = VERTEX_POINT('',#1626);
#1626 = CARTESIAN_POINT('',(204.40253768867,-121.8425,5.));
#1627 = SURFACE_CURVE('',#1628,(#1633,#1644),.PCURVE_S1.);
#1628 = CIRCLE('',#1629,3.);
#1629 = AXIS2_PLACEMENT_3D('',#1630,#1631,#1632);
#1630 = CARTESIAN_POINT('',(207.3875,-121.5425,5.));
#1631 = DIRECTION('',(0.,0.,-1.));
#1632 = DIRECTION('',(1.,0.,0.));
#1633 = PCURVE('',#126,#1634);
#1634 = DEFINITIONAL_REPRESENTATION('',(#1635),#1643);
#1635 = ( BOUNDED_CURVE() B_SPLINE_CURVE(2,(#1636,#1637,#1638,#1639,
#1640,#1641,#1642),.UNSPECIFIED.,.T.,.F.) B_SPLINE_CURVE_WITH_KNOTS((1,2
    ,2,2,2,1),(-2.094395102393,0.,2.094395102393,4.188790204786,
6.28318530718,8.377580409573),.UNSPECIFIED.) CURVE() 
GEOMETRIC_REPRESENTATION_ITEM() RATIONAL_B_SPLINE_CURVE((1.,0.5,1.,0.5,
1.,0.5,1.)) REPRESENTATION_ITEM('') );
#1636 = CARTESIAN_POINT('',(57.9875,-64.39375));
#1637 = CARTESIAN_POINT('',(57.9875,-69.5899024227));
#1638 = CARTESIAN_POINT('',(53.4875,-66.99182621135));
#1639 = CARTESIAN_POINT('',(48.9875,-64.39375));
#1640 = CARTESIAN_POINT('',(53.4875,-61.79567378864));
#1641 = CARTESIAN_POINT('',(57.9875,-59.19759757729));
#1642 = CARTESIAN_POINT('',(57.9875,-64.39375));
#1643 = ( GEOMETRIC_REPRESENTATION_CONTEXT(2) 
PARAMETRIC_REPRESENTATION_CONTEXT() REPRESENTATION_CONTEXT('2D SPACE',''
  ) );
#1644 = PCURVE('',#1645,#1650);
#1645 = CYLINDRICAL_SURFACE('',#1646,3.);
#1646 = AXIS2_PLACEMENT_3D('',#1647,#1648,#1649);
#1647 = CARTESIAN_POINT('',(207.3875,-121.5425,4.));
#1648 = DIRECTION('',(-0.,-0.,-1.));
#1649 = DIRECTION('',(1.,0.,0.));
#1650 = DEFINITIONAL_REPRESENTATION('',(#1651),#1655);
#1651 = LINE('',#1652,#1653);
#1652 = CARTESIAN_POINT('',(-6.28318530718,-1.));
#1653 = VECTOR('',#1654,1.);
#1654 = DIRECTION('',(1.,-0.));
#1655 = ( GEOMETRIC_REPRESENTATION_CONTEXT(2) 
PARAMETRIC_REPRESENTATION_CONTEXT() REPRESENTATION_CONTEXT('2D SPACE',''
  ) );
#1656 = ORIENTED_EDGE('',*,*,#1657,.T.);
#1657 = EDGE_CURVE('',#1625,#1658,#1660,.T.);
#1658 = VERTEX_POINT('',#1659);
#1659 = CARTESIAN_POINT('',(107.90996231132,-121.8425,5.));
#1660 = SURFACE_CURVE('',#1661,(#1665,#1671),.PCURVE_S1.);
#1661 = LINE('',#1662,#1663);
#1662 = CARTESIAN_POINT('',(76.95,-121.8425,5.));
#1663 = VECTOR('',#1664,1.);
#1664 = DIRECTION('',(-1.,0.,0.));
#1665 = PCURVE('',#126,#1666);
#1666 = DEFINITIONAL_REPRESENTATION('',(#1667),#1670);
#1667 = B_SPLINE_CURVE_WITH_KNOTS('',1,(#1668,#1669),.UNSPECIFIED.,.F.,
  .F.,(2,2),(-226.35,75.45),.PIECEWISE_BEZIER_KNOTS.);
#1668 = CARTESIAN_POINT('',(150.9,-64.69375));
#1669 = CARTESIAN_POINT('',(-150.9,-64.69375));
#1670 = ( GEOMETRIC_REPRESENTATION_CONTEXT(2) 
PARAMETRIC_REPRESENTATION_CONTEXT() REPRESENTATION_CONTEXT('2D SPACE',''
  ) );
#1671 = PCURVE('',#1672,#1677);
#1672 = PLANE('',#1673);
#1673 = AXIS2_PLACEMENT_3D('',#1674,#1675,#1676);
#1674 = CARTESIAN_POINT('',(1.5,-121.8425,4.));
#1675 = DIRECTION('',(0.,1.,0.));
#1676 = DIRECTION('',(1.,0.,0.));
#1677 = DEFINITIONAL_REPRESENTATION('',(#1678),#1681);
#1678 = B_SPLINE_CURVE_WITH_KNOTS('',1,(#1679,#1680),.UNSPECIFIED.,.F.,
  .F.,(2,2),(-226.35,75.45),.PIECEWISE_BEZIER_KNOTS.);
#1679 = CARTESIAN_POINT('',(301.8,-1.));
#1680 = CARTESIAN_POINT('',(0.,-1.));
#1681 = ( GEOMETRIC_REPRESENTATION_CONTEXT(2) 
PARAMETRIC_REPRESENTATION_CONTEXT() REPRESENTATION_CONTEXT('2D SPACE',''
  ) );
#1682 = ORIENTED_EDGE('',*,*,#1683,.T.);
#1683 = EDGE_CURVE('',#1658,#1684,#1686,.T.);
#1684 = VERTEX_POINT('',#1685);
#1685 = CARTESIAN_POINT('',(104.925,-124.5425,5.));
#1686 = SURFACE_CURVE('',#1687,(#1692,#1703),.PCURVE_S1.);
#1687 = CIRCLE('',#1688,3.);
#1688 = AXIS2_PLACEMENT_3D('',#1689,#1690,#1691);
#1689 = CARTESIAN_POINT('',(104.925,-121.5425,5.));
#1690 = DIRECTION('',(0.,0.,-1.));
#1691 = DIRECTION('',(1.,0.,0.));
#1692 = PCURVE('',#126,#1693);
#1693 = DEFINITIONAL_REPRESENTATION('',(#1694),#1702);
#1694 = ( BOUNDED_CURVE() B_SPLINE_CURVE(2,(#1695,#1696,#1697,#1698,
#1699,#1700,#1701),.UNSPECIFIED.,.T.,.F.) B_SPLINE_CURVE_WITH_KNOTS((1,2
    ,2,2,2,1),(-2.094395102393,0.,2.094395102393,4.188790204786,
6.28318530718,8.377580409573),.UNSPECIFIED.) CURVE() 
GEOMETRIC_REPRESENTATION_ITEM() RATIONAL_B_SPLINE_CURVE((1.,0.5,1.,0.5,
1.,0.5,1.)) REPRESENTATION_ITEM('') );
#1695 = CARTESIAN_POINT('',(-44.475,-64.39375));
#1696 = CARTESIAN_POINT('',(-44.475,-69.5899024227));
#1697 = CARTESIAN_POINT('',(-48.975,-66.99182621135));
#1698 = CARTESIAN_POINT('',(-53.475,-64.39375));
#1699 = CARTESIAN_POINT('',(-48.975,-61.79567378864));
#1700 = CARTESIAN_POINT('',(-44.475,-59.19759757729));
#1701 = CARTESIAN_POINT('',(-44.475,-64.39375));
#1702 = ( GEOMETRIC_REPRESENTATION_CONTEXT(2) 
PARAMETRIC_REPRESENTATION_CONTEXT() REPRESENTATION_CONTEXT('2D SPACE',''
  ) );
#1703 = PCURVE('',#1704,#1709);
#1704 = CYLINDRICAL_SURFACE('',#1705,3.);
#1705 = AXIS2_PLACEMENT_3D('',#1706,#1707,#1708);
#1706 = CARTESIAN_POINT('',(104.925,-121.5425,4.));
#1707 = DIRECTION('',(-0.,-0.,-1.));
#1708 = DIRECTION('',(1.,0.,0.));
#1709 = DEFINITIONAL_REPRESENTATION('',(#1710),#1714);
#1710 = LINE('',#1711,#1712);
#1711 = CARTESIAN_POINT('',(-6.28318530718,-1.));
#1712 = VECTOR('',#1713,1.);
#1713 = DIRECTION('',(1.,-0.));
#1714 = ( GEOMETRIC_REPRESENTATION_CONTEXT(2) 
PARAMETRIC_REPRESENTATION_CONTEXT() REPRESENTATION_CONTEXT('2D SPACE',''
  ) );
#1715 = ORIENTED_EDGE('',*,*,#1716,.T.);
#1716 = EDGE_CURVE('',#1684,#1717,#1719,.T.);
#1717 = VERTEX_POINT('',#1718);
#1718 = CARTESIAN_POINT('',(91.075,-124.5425,5.));
#1719 = SURFACE_CURVE('',#1720,(#1724,#1730),.PCURVE_S1.);
#1720 = LINE('',#1721,#1722);
#1721 = CARTESIAN_POINT('',(121.7375,-124.5425,5.));
#1722 = VECTOR('',#1723,1.);
#1723 = DIRECTION('',(-1.,0.,0.));
#1724 = PCURVE('',#126,#1725);
#1725 = DEFINITIONAL_REPRESENTATION('',(#1726),#1729);
#1726 = B_SPLINE_CURVE_WITH_KNOTS('',1,(#1727,#1728),.UNSPECIFIED.,.F.,
  .F.,(2,2),(16.8125,30.6625),.PIECEWISE_BEZIER_KNOTS.);
#1727 = CARTESIAN_POINT('',(-47.475,-67.39375));
#1728 = CARTESIAN_POINT('',(-61.325,-67.39375));
#1729 = ( GEOMETRIC_REPRESENTATION_CONTEXT(2) 
PARAMETRIC_REPRESENTATION_CONTEXT() REPRESENTATION_CONTEXT('2D SPACE',''
  ) );
#1730 = PCURVE('',#1731,#1736);
#1731 = PLANE('',#1732);
#1732 = AXIS2_PLACEMENT_3D('',#1733,#1734,#1735);
#1733 = CARTESIAN_POINT('',(91.075,-124.5425,4.));
#1734 = DIRECTION('',(0.,1.,0.));
#1735 = DIRECTION('',(1.,0.,0.));
#1736 = DEFINITIONAL_REPRESENTATION('',(#1737),#1740);
#1737 = B_SPLINE_CURVE_WITH_KNOTS('',1,(#1738,#1739),.UNSPECIFIED.,.F.,
  .F.,(2,2),(16.8125,30.6625),.PIECEWISE_BEZIER_KNOTS.);
#1738 = CARTESIAN_POINT('',(13.85,-1.));
#1739 = CARTESIAN_POINT('',(0.,-1.));
#1740 = ( GEOMETRIC_REPRESENTATION_CONTEXT(2) 
PARAMETRIC_REPRESENTATION_CONTEXT() REPRESENTATION_CONTEXT('2D SPACE',''
  ) );
#1741 = ORIENTED_EDGE('',*,*,#1742,.T.);
#1742 = EDGE_CURVE('',#1717,#1743,#1745,.T.);
#1743 = VERTEX_POINT('',#1744);
#1744 = CARTESIAN_POINT('',(88.09003768868,-121.8425,5.));
#1745 = SURFACE_CURVE('',#1746,(#1751,#1762),.PCURVE_S1.);
#1746 = CIRCLE('',#1747,3.);
#1747 = AXIS2_PLACEMENT_3D('',#1748,#1749,#1750);
#1748 = CARTESIAN_POINT('',(91.075,-121.5425,5.));
#1749 = DIRECTION('',(0.,0.,-1.));
#1750 = DIRECTION('',(1.,0.,0.));
#1751 = PCURVE('',#126,#1752);
#1752 = DEFINITIONAL_REPRESENTATION('',(#1753),#1761);
#1753 = ( BOUNDED_CURVE() B_SPLINE_CURVE(2,(#1754,#1755,#1756,#1757,
#1758,#1759,#1760),.UNSPECIFIED.,.T.,.F.) B_SPLINE_CURVE_WITH_KNOTS((1,2
    ,2,2,2,1),(-2.094395102393,0.,2.094395102393,4.188790204786,
6.28318530718,8.377580409573),.UNSPECIFIED.) CURVE() 
GEOMETRIC_REPRESENTATION_ITEM() RATIONAL_B_SPLINE_CURVE((1.,0.5,1.,0.5,
1.,0.5,1.)) REPRESENTATION_ITEM('') );
#1754 = CARTESIAN_POINT('',(-58.325,-64.39375));
#1755 = CARTESIAN_POINT('',(-58.325,-69.5899024227));
#1756 = CARTESIAN_POINT('',(-62.825,-66.99182621135));
#1757 = CARTESIAN_POINT('',(-67.325,-64.39375));
#1758 = CARTESIAN_POINT('',(-62.825,-61.79567378864));
#1759 = CARTESIAN_POINT('',(-58.325,-59.19759757729));
#1760 = CARTESIAN_POINT('',(-58.325,-64.39375));
#1761 = ( GEOMETRIC_REPRESENTATION_CONTEXT(2) 
PARAMETRIC_REPRESENTATION_CONTEXT() REPRESENTATION_CONTEXT('2D SPACE',''
  ) );
#1762 = PCURVE('',#1763,#1768);
#1763 = CYLINDRICAL_SURFACE('',#1764,3.);
#1764 = AXIS2_PLACEMENT_3D('',#1765,#1766,#1767);
#1765 = CARTESIAN_POINT('',(91.075,-121.5425,4.));
#1766 = DIRECTION('',(-0.,-0.,-1.));
#1767 = DIRECTION('',(1.,0.,0.));
#1768 = DEFINITIONAL_REPRESENTATION('',(#1769),#1773);
#1769 = LINE('',#1770,#1771);
#1770 = CARTESIAN_POINT('',(-6.28318530718,-1.));
#1771 = VECTOR('',#1772,1.);
#1772 = DIRECTION('',(1.,-0.));
#1773 = ( GEOMETRIC_REPRESENTATION_CONTEXT(2) 
PARAMETRIC_REPRESENTATION_CONTEXT() REPRESENTATION_CONTEXT('2D SPACE',''
  ) );
#1774 = ORIENTED_EDGE('',*,*,#1775,.T.);
#1775 = EDGE_CURVE('',#1743,#1776,#1778,.T.);
#1776 = VERTEX_POINT('',#1777);
#1777 = CARTESIAN_POINT('',(43.247462311321,-121.8425,5.));
#1778 = SURFACE_CURVE('',#1779,(#1783,#1789),.PCURVE_S1.);
#1779 = LINE('',#1780,#1781);
#1780 = CARTESIAN_POINT('',(76.95,-121.8425,5.));
#1781 = VECTOR('',#1782,1.);
#1782 = DIRECTION('',(-1.,0.,0.));
#1783 = PCURVE('',#126,#1784);
#1784 = DEFINITIONAL_REPRESENTATION('',(#1785),#1788);
#1785 = B_SPLINE_CURVE_WITH_KNOTS('',1,(#1786,#1787),.UNSPECIFIED.,.F.,
  .F.,(2,2),(-226.35,75.45),.PIECEWISE_BEZIER_KNOTS.);
#1786 = CARTESIAN_POINT('',(150.9,-64.69375));
#1787 = CARTESIAN_POINT('',(-150.9,-64.69375));
#1788 = ( GEOMETRIC_REPRESENTATION_CONTEXT(2) 
PARAMETRIC_REPRESENTATION_CONTEXT() REPRESENTATION_CONTEXT('2D SPACE',''
  ) );
#1789 = PCURVE('',#1790,#1795);
#1790 = PLANE('',#1791);
#1791 = AXIS2_PLACEMENT_3D('',#1792,#1793,#1794);
#1792 = CARTESIAN_POINT('',(1.5,-121.8425,4.));
#1793 = DIRECTION('',(0.,1.,0.));
#1794 = DIRECTION('',(1.,0.,0.));
#1795 = DEFINITIONAL_REPRESENTATION('',(#1796),#1799);
#1796 = B_SPLINE_CURVE_WITH_KNOTS('',1,(#1797,#1798),.UNSPECIFIED.,.F.,
  .F.,(2,2),(-226.35,75.45),.PIECEWISE_BEZIER_KNOTS.);
#1797 = CARTESIAN_POINT('',(301.8,-1.));
#1798 = CARTESIAN_POINT('',(0.,-1.));
#1799 = ( GEOMETRIC_REPRESENTATION_CONTEXT(2) 
PARAMETRIC_REPRESENTATION_CONTEXT() REPRESENTATION_CONTEXT('2D SPACE',''
  ) );
#1800 = ORIENTED_EDGE('',*,*,#1801,.T.);
#1801 = EDGE_CURVE('',#1776,#1802,#1804,.T.);
#1802 = VERTEX_POINT('',#1803);
#1803 = CARTESIAN_POINT('',(40.2625,-124.5425,5.));
#1804 = SURFACE_CURVE('',#1805,(#1810,#1821),.PCURVE_S1.);
#1805 = CIRCLE('',#1806,3.);
#1806 = AXIS2_PLACEMENT_3D('',#1807,#1808,#1809);
#1807 = CARTESIAN_POINT('',(40.2625,-121.5425,5.));
#1808 = DIRECTION('',(0.,0.,-1.));
#1809 = DIRECTION('',(1.,0.,0.));
#1810 = PCURVE('',#126,#1811);
#1811 = DEFINITIONAL_REPRESENTATION('',(#1812),#1820);
#1812 = ( BOUNDED_CURVE() B_SPLINE_CURVE(2,(#1813,#1814,#1815,#1816,
#1817,#1818,#1819),.UNSPECIFIED.,.T.,.F.) B_SPLINE_CURVE_WITH_KNOTS((1,2
    ,2,2,2,1),(-2.094395102393,0.,2.094395102393,4.188790204786,
6.28318530718,8.377580409573),.UNSPECIFIED.) CURVE() 
GEOMETRIC_REPRESENTATION_ITEM() RATIONAL_B_SPLINE_CURVE((1.,0.5,1.,0.5,
1.,0.5,1.)) REPRESENTATION_ITEM('') );
#1813 = CARTESIAN_POINT('',(-109.1375,-64.39375));
#1814 = CARTESIAN_POINT('',(-109.1375,-69.5899024227));
#1815 = CARTESIAN_POINT('',(-113.6375,-66.99182621135));
#1816 = CARTESIAN_POINT('',(-118.1375,-64.39375));
#1817 = CARTESIAN_POINT('',(-113.6375,-61.79567378864));
#1818 = CARTESIAN_POINT('',(-109.1375,-59.19759757729));
#1819 = CARTESIAN_POINT('',(-109.1375,-64.39375));
#1820 = ( GEOMETRIC_REPRESENTATION_CONTEXT(2) 
PARAMETRIC_REPRESENTATION_CONTEXT() REPRESENTATION_CONTEXT('2D SPACE',''
  ) );
#1821 = PCURVE('',#1822,#1827);
#1822 = CYLINDRICAL_SURFACE('',#1823,3.);
#1823 = AXIS2_PLACEMENT_3D('',#1824,#1825,#1826);
#1824 = CARTESIAN_POINT('',(40.2625,-121.5425,4.));
#1825 = DIRECTION('',(-0.,-0.,-1.));
#1826 = DIRECTION('',(1.,0.,0.));
#1827 = DEFINITIONAL_REPRESENTATION('',(#1828),#1832);
#1828 = LINE('',#1829,#1830);
#1829 = CARTESIAN_POINT('',(-6.28318530718,-1.));
#1830 = VECTOR('',#1831,1.);
#1831 = DIRECTION('',(1.,-0.));
#1832 = ( GEOMETRIC_REPRESENTATION_CONTEXT(2) 
PARAMETRIC_REPRESENTATION_CONTEXT() REPRESENTATION_CONTEXT('2D SPACE',''
  ) );
#1833 = ORIENTED_EDGE('',*,*,#1834,.T.);
#1834 = EDGE_CURVE('',#1802,#1835,#1837,.T.);
#1835 = VERTEX_POINT('',#1836);
#1836 = CARTESIAN_POINT('',(26.4125,-124.5425,5.));
#1837 = SURFACE_CURVE('',#1838,(#1842,#1848),.PCURVE_S1.);
#1838 = LINE('',#1839,#1840);
#1839 = CARTESIAN_POINT('',(89.40625,-124.5425,5.));
#1840 = VECTOR('',#1841,1.);
#1841 = DIRECTION('',(-1.,0.,0.));
#1842 = PCURVE('',#126,#1843);
#1843 = DEFINITIONAL_REPRESENTATION('',(#1844),#1847);
#1844 = B_SPLINE_CURVE_WITH_KNOTS('',1,(#1845,#1846),.UNSPECIFIED.,.F.,
  .F.,(2,2),(49.14375,62.99375),.PIECEWISE_BEZIER_KNOTS.);
#1845 = CARTESIAN_POINT('',(-112.1375,-67.39375));
#1846 = CARTESIAN_POINT('',(-125.9875,-67.39375));
#1847 = ( GEOMETRIC_REPRESENTATION_CONTEXT(2) 
PARAMETRIC_REPRESENTATION_CONTEXT() REPRESENTATION_CONTEXT('2D SPACE',''
  ) );
#1848 = PCURVE('',#1849,#1854);
#1849 = PLANE('',#1850);
#1850 = AXIS2_PLACEMENT_3D('',#1851,#1852,#1853);
#1851 = CARTESIAN_POINT('',(26.4125,-124.5425,4.));
#1852 = DIRECTION('',(0.,1.,0.));
#1853 = DIRECTION('',(1.,0.,0.));
#1854 = DEFINITIONAL_REPRESENTATION('',(#1855),#1858);
#1855 = B_SPLINE_CURVE_WITH_KNOTS('',1,(#1856,#1857),.UNSPECIFIED.,.F.,
  .F.,(2,2),(49.14375,62.99375),.PIECEWISE_BEZIER_KNOTS.);
#1856 = CARTESIAN_POINT('',(13.85,-1.));
#1857 = CARTESIAN_POINT('',(0.,-1.));
#1858 = ( GEOMETRIC_REPRESENTATION_CONTEXT(2) 
PARAMETRIC_REPRESENTATION_CONTEXT() REPRESENTATION_CONTEXT('2D SPACE',''
  ) );
#1859 = ORIENTED_EDGE('',*,*,#1860,.T.);
#1860 = EDGE_CURVE('',#1835,#1861,#1863,.T.);
#1861 = VERTEX_POINT('',#1862);
#1862 = CARTESIAN_POINT('',(23.42753768868,-121.8425,5.));
#1863 = SURFACE_CURVE('',#1864,(#1869,#1880),.PCURVE_S1.);
#1864 = CIRCLE('',#1865,3.);
#1865 = AXIS2_PLACEMENT_3D('',#1866,#1867,#1868);
#1866 = CARTESIAN_POINT('',(26.4125,-121.5425,5.));
#1867 = DIRECTION('',(0.,0.,-1.));
#1868 = DIRECTION('',(1.,0.,0.));
#1869 = PCURVE('',#126,#1870);
#1870 = DEFINITIONAL_REPRESENTATION('',(#1871),#1879);
#1871 = ( BOUNDED_CURVE() B_SPLINE_CURVE(2,(#1872,#1873,#1874,#1875,
#1876,#1877,#1878),.UNSPECIFIED.,.T.,.F.) B_SPLINE_CURVE_WITH_KNOTS((1,2
    ,2,2,2,1),(-2.094395102393,0.,2.094395102393,4.188790204786,
6.28318530718,8.377580409573),.UNSPECIFIED.) CURVE() 
GEOMETRIC_REPRESENTATION_ITEM() RATIONAL_B_SPLINE_CURVE((1.,0.5,1.,0.5,
1.,0.5,1.)) REPRESENTATION_ITEM('') );
#1872 = CARTESIAN_POINT('',(-122.9875,-64.39375));
#1873 = CARTESIAN_POINT('',(-122.9875,-69.5899024227));
#1874 = CARTESIAN_POINT('',(-127.4875,-66.99182621135));
#1875 = CARTESIAN_POINT('',(-131.9875,-64.39375));
#1876 = CARTESIAN_POINT('',(-127.4875,-61.79567378864));
#1877 = CARTESIAN_POINT('',(-122.9875,-59.19759757729));
#1878 = CARTESIAN_POINT('',(-122.9875,-64.39375));
#1879 = ( GEOMETRIC_REPRESENTATION_CONTEXT(2) 
PARAMETRIC_REPRESENTATION_CONTEXT() REPRESENTATION_CONTEXT('2D SPACE',''
  ) );
#1880 = PCURVE('',#1881,#1886);
#1881 = CYLINDRICAL_SURFACE('',#1882,3.);
#1882 = AXIS2_PLACEMENT_3D('',#1883,#1884,#1885);
#1883 = CARTESIAN_POINT('',(26.4125,-121.5425,4.));
#1884 = DIRECTION('',(-0.,-0.,-1.));
#1885 = DIRECTION('',(1.,0.,0.));
#1886 = DEFINITIONAL_REPRESENTATION('',(#1887),#1891);
#1887 = LINE('',#1888,#1889);
#1888 = CARTESIAN_POINT('',(-6.28318530718,-1.));
#1889 = VECTOR('',#1890,1.);
#1890 = DIRECTION('',(1.,-0.));
#1891 = ( GEOMETRIC_REPRESENTATION_CONTEXT(2) 
PARAMETRIC_REPRESENTATION_CONTEXT() REPRESENTATION_CONTEXT('2D SPACE',''
  ) );
#1892 = ORIENTED_EDGE('',*,*,#1893,.T.);
#1893 = EDGE_CURVE('',#1861,#1894,#1896,.T.);
#1894 = VERTEX_POINT('',#1895);
#1895 = CARTESIAN_POINT('',(1.5,-121.8425,5.));
#1896 = SURFACE_CURVE('',#1897,(#1901,#1907),.PCURVE_S1.);
#1897 = LINE('',#1898,#1899);
#1898 = CARTESIAN_POINT('',(76.95,-121.8425,5.));
#1899 = VECTOR('',#1900,1.);
#1900 = DIRECTION('',(-1.,0.,0.));
#1901 = PCURVE('',#126,#1902);
#1902 = DEFINITIONAL_REPRESENTATION('',(#1903),#1906);
#1903 = B_SPLINE_CURVE_WITH_KNOTS('',1,(#1904,#1905),.UNSPECIFIED.,.F.,
  .F.,(2,2),(-226.35,75.45),.PIECEWISE_BEZIER_KNOTS.);
#1904 = CARTESIAN_POINT('',(150.9,-64.69375));
#1905 = CARTESIAN_POINT('',(-150.9,-64.69375));
#1906 = ( GEOMETRIC_REPRESENTATION_CONTEXT(2) 
PARAMETRIC_REPRESENTATION_CONTEXT() REPRESENTATION_CONTEXT('2D SPACE',''
  ) );
#1907 = PCURVE('',#1908,#1913);
#1908 = PLANE('',#1909);
#1909 = AXIS2_PLACEMENT_3D('',#1910,#1911,#1912);
#1910 = CARTESIAN_POINT('',(1.5,-121.8425,4.));
#1911 = DIRECTION('',(0.,1.,0.));
#1912 = DIRECTION('',(1.,0.,0.));
#1913 = DEFINITIONAL_REPRESENTATION('',(#1914),#1917);
#1914 = B_SPLINE_CURVE_WITH_KNOTS('',1,(#1915,#1916),.UNSPECIFIED.,.F.,
  .F.,(2,2),(-226.35,75.45),.PIECEWISE_BEZIER_KNOTS.);
#1915 = CARTESIAN_POINT('',(301.8,-1.));
#1916 = CARTESIAN_POINT('',(0.,-1.));
#1917 = ( GEOMETRIC_REPRESENTATION_CONTEXT(2) 
PARAMETRIC_REPRESENTATION_CONTEXT() REPRESENTATION_CONTEXT('2D SPACE',''
  ) );
#1918 = ORIENTED_EDGE('',*,*,#1919,.T.);
#1919 = EDGE_CURVE('',#1894,#1920,#1922,.T.);
#1920 = VERTEX_POINT('',#1921);
#1921 = CARTESIAN_POINT('',(-2.8,-117.5425,5.));
#1922 = SURFACE_CURVE('',#1923,(#1928,#1939),.PCURVE_S1.);
#1923 = CIRCLE('',#1924,4.3);
#1924 = AXIS2_PLACEMENT_3D('',#1925,#1926,#1927);
#1925 = CARTESIAN_POINT('',(1.5,-117.5425,5.));
#1926 = DIRECTION('',(0.,0.,-1.));
#1927 = DIRECTION('',(-1.,0.,0.));
#1928 = PCURVE('',#126,#1929);
#1929 = DEFINITIONAL_REPRESENTATION('',(#1930),#1938);
#1930 = ( BOUNDED_CURVE() B_SPLINE_CURVE(2,(#1931,#1932,#1933,#1934,
#1935,#1936,#1937),.UNSPECIFIED.,.T.,.F.) B_SPLINE_CURVE_WITH_KNOTS((1,2
    ,2,2,2,1),(-2.094395102393,0.,2.094395102393,4.188790204786,
6.28318530718,8.377580409573),.UNSPECIFIED.) CURVE() 
GEOMETRIC_REPRESENTATION_ITEM() RATIONAL_B_SPLINE_CURVE((1.,0.5,1.,0.5,
1.,0.5,1.)) REPRESENTATION_ITEM('') );
#1931 = CARTESIAN_POINT('',(-155.2,-60.39375));
#1932 = CARTESIAN_POINT('',(-155.2,-52.94593152745));
#1933 = CARTESIAN_POINT('',(-148.75,-56.66984076372));
#1934 = CARTESIAN_POINT('',(-142.3,-60.39375));
#1935 = CARTESIAN_POINT('',(-148.75,-64.11765923627));
#1936 = CARTESIAN_POINT('',(-155.2,-67.84156847254));
#1937 = CARTESIAN_POINT('',(-155.2,-60.39375));
#1938 = ( GEOMETRIC_REPRESENTATION_CONTEXT(2) 
PARAMETRIC_REPRESENTATION_CONTEXT() REPRESENTATION_CONTEXT('2D SPACE',''
  ) );
#1939 = PCURVE('',#1940,#1945);
#1940 = CYLINDRICAL_SURFACE('',#1941,4.3);
#1941 = AXIS2_PLACEMENT_3D('',#1942,#1943,#1944);
#1942 = CARTESIAN_POINT('',(1.5,-117.5425,4.));
#1943 = DIRECTION('',(0.,0.,-1.));
#1944 = DIRECTION('',(-1.,0.,0.));
#1945 = DEFINITIONAL_REPRESENTATION('',(#1946),#1950);
#1946 = LINE('',#1947,#1948);
#1947 = CARTESIAN_POINT('',(0.,-1.));
#1948 = VECTOR('',#1949,1.);
#1949 = DIRECTION('',(1.,0.));
#1950 = ( GEOMETRIC_REPRESENTATION_CONTEXT(2) 
PARAMETRIC_REPRESENTATION_CONTEXT() REPRESENTATION_CONTEXT('2D SPACE',''
  ) );
#1951 = ORIENTED_EDGE('',*,*,#1952,.F.);
#1952 = EDGE_CURVE('',#1953,#1920,#1955,.T.);
#1953 = VERTEX_POINT('',#1954);
#1954 = CARTESIAN_POINT('',(-2.8,-62.29746231132,5.));
#1955 = SURFACE_CURVE('',#1956,(#1960,#1966),.PCURVE_S1.);
#1956 = LINE('',#1957,#1958);
#1957 = CARTESIAN_POINT('',(-2.8,-87.345625,5.));
#1958 = VECTOR('',#1959,1.);
#1959 = DIRECTION('',(0.,-1.,0.));
#1960 = PCURVE('',#126,#1961);
#1961 = DEFINITIONAL_REPRESENTATION('',(#1962),#1965);
#1962 = B_SPLINE_CURVE_WITH_KNOTS('',1,(#1963,#1964),.UNSPECIFIED.,.F.,
  .F.,(2,2),(-90.590625,30.196875),.PIECEWISE_BEZIER_KNOTS.);
#1963 = CARTESIAN_POINT('',(-155.2,60.39375));
#1964 = CARTESIAN_POINT('',(-155.2,-60.39375));
#1965 = ( GEOMETRIC_REPRESENTATION_CONTEXT(2) 
PARAMETRIC_REPRESENTATION_CONTEXT() REPRESENTATION_CONTEXT('2D SPACE',''
  ) );
#1966 = PCURVE('',#1967,#1972);
#1967 = PLANE('',#1968);
#1968 = AXIS2_PLACEMENT_3D('',#1969,#1970,#1971);
#1969 = CARTESIAN_POINT('',(-2.8,-117.5425,4.));
#1970 = DIRECTION('',(-1.,0.,0.));
#1971 = DIRECTION('',(0.,1.,0.));
#1972 = DEFINITIONAL_REPRESENTATION('',(#1973),#1976);
#1973 = B_SPLINE_CURVE_WITH_KNOTS('',1,(#1974,#1975),.UNSPECIFIED.,.F.,
  .F.,(2,2),(-90.590625,30.196875),.PIECEWISE_BEZIER_KNOTS.);
#1974 = CARTESIAN_POINT('',(120.7875,-1.));
#1975 = CARTESIAN_POINT('',(0.,-1.));
#1976 = ( GEOMETRIC_REPRESENTATION_CONTEXT(2) 
PARAMETRIC_REPRESENTATION_CONTEXT() REPRESENTATION_CONTEXT('2D SPACE',''
  ) );
#1977 = ORIENTED_EDGE('',*,*,#1978,.T.);
#1978 = EDGE_CURVE('',#1953,#1979,#1981,.T.);
#1979 = VERTEX_POINT('',#1980);
#1980 = CARTESIAN_POINT('',(-5.5,-59.3125,5.));
#1981 = SURFACE_CURVE('',#1982,(#1987,#1998),.PCURVE_S1.);
#1982 = CIRCLE('',#1983,3.);
#1983 = AXIS2_PLACEMENT_3D('',#1984,#1985,#1986);
#1984 = CARTESIAN_POINT('',(-2.5,-59.3125,5.));
#1985 = DIRECTION('',(0.,0.,-1.));
#1986 = DIRECTION('',(-1.,0.,0.));
#1987 = PCURVE('',#126,#1988);
#1988 = DEFINITIONAL_REPRESENTATION('',(#1989),#1997);
#1989 = ( BOUNDED_CURVE() B_SPLINE_CURVE(2,(#1990,#1991,#1992,#1993,
#1994,#1995,#1996),.UNSPECIFIED.,.T.,.F.) B_SPLINE_CURVE_WITH_KNOTS((1,2
    ,2,2,2,1),(-2.094395102393,0.,2.094395102393,4.188790204786,
6.28318530718,8.377580409573),.UNSPECIFIED.) CURVE() 
GEOMETRIC_REPRESENTATION_ITEM() RATIONAL_B_SPLINE_CURVE((1.,0.5,1.,0.5,
1.,0.5,1.)) REPRESENTATION_ITEM('') );
#1990 = CARTESIAN_POINT('',(-157.9,-2.16375));
#1991 = CARTESIAN_POINT('',(-157.9,3.032402422707));
#1992 = CARTESIAN_POINT('',(-153.4,0.434326211353));
#1993 = CARTESIAN_POINT('',(-148.9,-2.16375));
#1994 = CARTESIAN_POINT('',(-153.4,-4.761826211353));
#1995 = CARTESIAN_POINT('',(-157.9,-7.359902422707));
#1996 = CARTESIAN_POINT('',(-157.9,-2.16375));
#1997 = ( GEOMETRIC_REPRESENTATION_CONTEXT(2) 
PARAMETRIC_REPRESENTATION_CONTEXT() REPRESENTATION_CONTEXT('2D SPACE',''
  ) );
#1998 = PCURVE('',#1999,#2004);
#1999 = CYLINDRICAL_SURFACE('',#2000,3.);
#2000 = AXIS2_PLACEMENT_3D('',#2001,#2002,#2003);
#2001 = CARTESIAN_POINT('',(-2.5,-59.3125,4.));
#2002 = DIRECTION('',(0.,0.,-1.));
#2003 = DIRECTION('',(-1.,0.,0.));
#2004 = DEFINITIONAL_REPRESENTATION('',(#2005),#2009);
#2005 = LINE('',#2006,#2007);
#2006 = CARTESIAN_POINT('',(0.,-1.));
#2007 = VECTOR('',#2008,1.);
#2008 = DIRECTION('',(1.,0.));
#2009 = ( GEOMETRIC_REPRESENTATION_CONTEXT(2) 
PARAMETRIC_REPRESENTATION_CONTEXT() REPRESENTATION_CONTEXT('2D SPACE',''
  ) );
#2010 = ORIENTED_EDGE('',*,*,#2011,.F.);
#2011 = EDGE_CURVE('',#2012,#1979,#2014,.T.);
#2012 = VERTEX_POINT('',#2013);
#2013 = CARTESIAN_POINT('',(-5.5,-45.4625,5.));
#2014 = SURFACE_CURVE('',#2015,(#2019,#2025),.PCURVE_S1.);
#2015 = LINE('',#2016,#2017);
#2016 = CARTESIAN_POINT('',(-5.5,-58.230625,5.));
#2017 = VECTOR('',#2018,1.);
#2018 = DIRECTION('',(0.,-1.,0.));
#2019 = PCURVE('',#126,#2020);
#2020 = DEFINITIONAL_REPRESENTATION('',(#2021),#2024);
#2021 = B_SPLINE_CURVE_WITH_KNOTS('',1,(#2022,#2023),.UNSPECIFIED.,.F.,
  .F.,(2,2),(-12.768125,1.081875),.PIECEWISE_BEZIER_KNOTS.);
#2022 = CARTESIAN_POINT('',(-157.9,11.68625));
#2023 = CARTESIAN_POINT('',(-157.9,-2.16375));
#2024 = ( GEOMETRIC_REPRESENTATION_CONTEXT(2) 
PARAMETRIC_REPRESENTATION_CONTEXT() REPRESENTATION_CONTEXT('2D SPACE',''
  ) );
#2025 = PCURVE('',#2026,#2031);
#2026 = PLANE('',#2027);
#2027 = AXIS2_PLACEMENT_3D('',#2028,#2029,#2030);
#2028 = CARTESIAN_POINT('',(-5.5,-59.3125,4.));
#2029 = DIRECTION('',(-1.,0.,0.));
#2030 = DIRECTION('',(0.,1.,0.));
#2031 = DEFINITIONAL_REPRESENTATION('',(#2032),#2035);
#2032 = B_SPLINE_CURVE_WITH_KNOTS('',1,(#2033,#2034),.UNSPECIFIED.,.F.,
  .F.,(2,2),(-12.768125,1.081875),.PIECEWISE_BEZIER_KNOTS.);
#2033 = CARTESIAN_POINT('',(13.85,-1.));
#2034 = CARTESIAN_POINT('',(-8.881784197001E-16,-1.));
#2035 = ( GEOMETRIC_REPRESENTATION_CONTEXT(2) 
PARAMETRIC_REPRESENTATION_CONTEXT() REPRESENTATION_CONTEXT('2D SPACE',''
  ) );
#2036 = ORIENTED_EDGE('',*,*,#2037,.T.);
#2037 = EDGE_CURVE('',#2012,#655,#2038,.T.);
#2038 = SURFACE_CURVE('',#2039,(#2044,#2055),.PCURVE_S1.);
#2039 = CIRCLE('',#2040,3.);
#2040 = AXIS2_PLACEMENT_3D('',#2041,#2042,#2043);
#2041 = CARTESIAN_POINT('',(-2.5,-45.4625,5.));
#2042 = DIRECTION('',(0.,0.,-1.));
#2043 = DIRECTION('',(-1.,0.,0.));
#2044 = PCURVE('',#126,#2045);
#2045 = DEFINITIONAL_REPRESENTATION('',(#2046),#2054);
#2046 = ( BOUNDED_CURVE() B_SPLINE_CURVE(2,(#2047,#2048,#2049,#2050,
#2051,#2052,#2053),.UNSPECIFIED.,.T.,.F.) B_SPLINE_CURVE_WITH_KNOTS((1,2
    ,2,2,2,1),(-2.094395102393,0.,2.094395102393,4.188790204786,
6.28318530718,8.377580409573),.UNSPECIFIED.) CURVE() 
GEOMETRIC_REPRESENTATION_ITEM() RATIONAL_B_SPLINE_CURVE((1.,0.5,1.,0.5,
1.,0.5,1.)) REPRESENTATION_ITEM('') );
#2047 = CARTESIAN_POINT('',(-157.9,11.68625));
#2048 = CARTESIAN_POINT('',(-157.9,16.882402422707));
#2049 = CARTESIAN_POINT('',(-153.4,14.284326211353));
#2050 = CARTESIAN_POINT('',(-148.9,11.68625));
#2051 = CARTESIAN_POINT('',(-153.4,9.088173788647));
#2052 = CARTESIAN_POINT('',(-157.9,6.490097577293));
#2053 = CARTESIAN_POINT('',(-157.9,11.68625));
#2054 = ( GEOMETRIC_REPRESENTATION_CONTEXT(2) 
PARAMETRIC_REPRESENTATION_CONTEXT() REPRESENTATION_CONTEXT('2D SPACE',''
  ) );
#2055 = PCURVE('',#2056,#2061);
#2056 = CYLINDRICAL_SURFACE('',#2057,3.);
#2057 = AXIS2_PLACEMENT_3D('',#2058,#2059,#2060);
#2058 = CARTESIAN_POINT('',(-2.5,-45.4625,4.));
#2059 = DIRECTION('',(0.,0.,-1.));
#2060 = DIRECTION('',(-1.,0.,0.));
#2061 = DEFINITIONAL_REPRESENTATION('',(#2062),#2066);
#2062 = LINE('',#2063,#2064);
#2063 = CARTESIAN_POINT('',(0.,-1.));
#2064 = VECTOR('',#2065,1.);
#2065 = DIRECTION('',(1.,0.));
#2066 = ( GEOMETRIC_REPRESENTATION_CONTEXT(2) 
PARAMETRIC_REPRESENTATION_CONTEXT() REPRESENTATION_CONTEXT('2D SPACE',''
  ) );
#2067 = FACE_BOUND('',#2068,.F.);
#2068 = EDGE_LOOP('',(#2069));
#2069 = ORIENTED_EDGE('',*,*,#2070,.F.);
#2070 = EDGE_CURVE('',#2071,#2071,#2073,.T.);
#2071 = VERTEX_POINT('',#2072);
#2072 = CARTESIAN_POINT('',(227.55,11.145,5.));
#2073 = SURFACE_CURVE('',#2074,(#2079,#2086),.PCURVE_S1.);
#2074 = CIRCLE('',#2075,2.55);
#2075 = AXIS2_PLACEMENT_3D('',#2076,#2077,#2078);
#2076 = CARTESIAN_POINT('',(225.,11.145,5.));
#2077 = DIRECTION('',(0.,0.,1.));
#2078 = DIRECTION('',(1.,0.,-0.));
#2079 = PCURVE('',#126,#2080);
#2080 = DEFINITIONAL_REPRESENTATION('',(#2081),#2085);
#2081 = CIRCLE('',#2082,2.55);
#2082 = AXIS2_PLACEMENT_2D('',#2083,#2084);
#2083 = CARTESIAN_POINT('',(72.6,68.29375));
#2084 = DIRECTION('',(1.,0.));
#2085 = ( GEOMETRIC_REPRESENTATION_CONTEXT(2) 
PARAMETRIC_REPRESENTATION_CONTEXT() REPRESENTATION_CONTEXT('2D SPACE',''
  ) );
#2086 = PCURVE('',#2087,#2092);
#2087 = CYLINDRICAL_SURFACE('',#2088,2.55);
#2088 = AXIS2_PLACEMENT_3D('',#2089,#2090,#2091);
#2089 = CARTESIAN_POINT('',(225.,11.145,5.));
#2090 = DIRECTION('',(-0.,-0.,-1.));
#2091 = DIRECTION('',(1.,0.,-0.));
#2092 = DEFINITIONAL_REPRESENTATION('',(#2093),#2097);
#2093 = LINE('',#2094,#2095);
#2094 = CARTESIAN_POINT('',(-0.,0.));
#2095 = VECTOR('',#2096,1.);
#2096 = DIRECTION('',(-1.,0.));
#2097 = ( GEOMETRIC_REPRESENTATION_CONTEXT(2) 
PARAMETRIC_REPRESENTATION_CONTEXT() REPRESENTATION_CONTEXT('2D SPACE',''
  ) );
#2098 = FACE_BOUND('',#2099,.F.);
#2099 = EDGE_LOOP('',(#2100));
#2100 = ORIENTED_EDGE('',*,*,#2101,.F.);
#2101 = EDGE_CURVE('',#2102,#2102,#2104,.T.);
#2102 = VERTEX_POINT('',#2103);
#2103 = CARTESIAN_POINT('',(297.55,11.145,5.));
#2104 = SURFACE_CURVE('',#2105,(#2110,#2117),.PCURVE_S1.);
#2105 = CIRCLE('',#2106,2.55);
#2106 = AXIS2_PLACEMENT_3D('',#2107,#2108,#2109);
#2107 = CARTESIAN_POINT('',(295.,11.145,5.));
#2108 = DIRECTION('',(0.,0.,1.));
#2109 = DIRECTION('',(1.,0.,-0.));
#2110 = PCURVE('',#126,#2111);
#2111 = DEFINITIONAL_REPRESENTATION('',(#2112),#2116);
#2112 = CIRCLE('',#2113,2.55);
#2113 = AXIS2_PLACEMENT_2D('',#2114,#2115);
#2114 = CARTESIAN_POINT('',(142.6,68.29375));
#2115 = DIRECTION('',(1.,0.));
#2116 = ( GEOMETRIC_REPRESENTATION_CONTEXT(2) 
PARAMETRIC_REPRESENTATION_CONTEXT() REPRESENTATION_CONTEXT('2D SPACE',''
  ) );
#2117 = PCURVE('',#2118,#2123);
#2118 = CYLINDRICAL_SURFACE('',#2119,2.55);
#2119 = AXIS2_PLACEMENT_3D('',#2120,#2121,#2122);
#2120 = CARTESIAN_POINT('',(295.,11.145,5.));
#2121 = DIRECTION('',(-0.,-0.,-1.));
#2122 = DIRECTION('',(1.,0.,-0.));
#2123 = DEFINITIONAL_REPRESENTATION('',(#2124),#2128);
#2124 = LINE('',#2125,#2126);
#2125 = CARTESIAN_POINT('',(-0.,0.));
#2126 = VECTOR('',#2127,1.);
#2127 = DIRECTION('',(-1.,0.));
#2128 = ( GEOMETRIC_REPRESENTATION_CONTEXT(2) 
PARAMETRIC_REPRESENTATION_CONTEXT() REPRESENTATION_CONTEXT('2D SPACE',''
  ) );
#2129 = ADVANCED_FACE('',(#2130),#100,.T.);
#2130 = FACE_BOUND('',#2131,.F.);
#2131 = EDGE_LOOP('',(#2132,#2155,#2177,#2178));
#2132 = ORIENTED_EDGE('',*,*,#2133,.T.);
#2133 = EDGE_CURVE('',#415,#2134,#2136,.T.);
#2134 = VERTEX_POINT('',#2135);
#2135 = CARTESIAN_POINT('',(-3.5,14.745,12.5));
#2136 = SURFACE_CURVE('',#2137,(#2141,#2148),.PCURVE_S1.);
#2137 = LINE('',#2138,#2139);
#2138 = CARTESIAN_POINT('',(-3.5,14.745,5.));
#2139 = VECTOR('',#2140,1.);
#2140 = DIRECTION('',(0.,0.,1.));
#2141 = PCURVE('',#100,#2142);
#2142 = DEFINITIONAL_REPRESENTATION('',(#2143),#2147);
#2143 = LINE('',#2144,#2145);
#2144 = CARTESIAN_POINT('',(-1.570796326795,0.));
#2145 = VECTOR('',#2146,1.);
#2146 = DIRECTION('',(-0.,-1.));
#2147 = ( GEOMETRIC_REPRESENTATION_CONTEXT(2) 
PARAMETRIC_REPRESENTATION_CONTEXT() REPRESENTATION_CONTEXT('2D SPACE',''
  ) );
#2148 = PCURVE('',#430,#2149);
#2149 = DEFINITIONAL_REPRESENTATION('',(#2150),#2154);
#2150 = LINE('',#2151,#2152);
#2151 = CARTESIAN_POINT('',(0.,0.));
#2152 = VECTOR('',#2153,1.);
#2153 = DIRECTION('',(0.,-1.));
#2154 = ( GEOMETRIC_REPRESENTATION_CONTEXT(2) 
PARAMETRIC_REPRESENTATION_CONTEXT() REPRESENTATION_CONTEXT('2D SPACE',''
  ) );
#2155 = ORIENTED_EDGE('',*,*,#2156,.F.);
#2156 = EDGE_CURVE('',#57,#2134,#2157,.T.);
#2157 = SURFACE_CURVE('',#2158,(#2163,#2170),.PCURVE_S1.);
#2158 = CIRCLE('',#2159,4.);
#2159 = AXIS2_PLACEMENT_3D('',#2160,#2161,#2162);
#2160 = CARTESIAN_POINT('',(-3.5,10.745,12.5));
#2161 = DIRECTION('',(-0.,0.,-1.));
#2162 = DIRECTION('',(-1.,0.,0.));
#2163 = PCURVE('',#100,#2164);
#2164 = DEFINITIONAL_REPRESENTATION('',(#2165),#2169);
#2165 = LINE('',#2166,#2167);
#2166 = CARTESIAN_POINT('',(-3.14159265359,-7.5));
#2167 = VECTOR('',#2168,1.);
#2168 = DIRECTION('',(1.,-0.));
#2169 = ( GEOMETRIC_REPRESENTATION_CONTEXT(2) 
PARAMETRIC_REPRESENTATION_CONTEXT() REPRESENTATION_CONTEXT('2D SPACE',''
  ) );
#2170 = PCURVE('',#288,#2171);
#2171 = DEFINITIONAL_REPRESENTATION('',(#2172),#2176);
#2172 = LINE('',#2173,#2174);
#2173 = CARTESIAN_POINT('',(-0.,0.));
#2174 = VECTOR('',#2175,1.);
#2175 = DIRECTION('',(-1.,0.));
#2176 = ( GEOMETRIC_REPRESENTATION_CONTEXT(2) 
PARAMETRIC_REPRESENTATION_CONTEXT() REPRESENTATION_CONTEXT('2D SPACE',''
  ) );
#2177 = ORIENTED_EDGE('',*,*,#84,.F.);
#2178 = ORIENTED_EDGE('',*,*,#442,.F.);
#2179 = ADVANCED_FACE('',(#2180),#159,.T.);
#2180 = FACE_BOUND('',#2181,.F.);
#2181 = EDGE_LOOP('',(#2182,#2209,#2210,#2211));
#2182 = ORIENTED_EDGE('',*,*,#2183,.F.);
#2183 = EDGE_CURVE('',#143,#2184,#2186,.T.);
#2184 = VERTEX_POINT('',#2185);
#2185 = CARTESIAN_POINT('',(-3.5,-127.5425,14.));
#2186 = SURFACE_CURVE('',#2187,(#2192,#2198),.PCURVE_S1.);
#2187 = CIRCLE('',#2188,1.5);
#2188 = AXIS2_PLACEMENT_3D('',#2189,#2190,#2191);
#2189 = CARTESIAN_POINT('',(-3.5,-127.5425,12.5));
#2190 = DIRECTION('',(-1.,-0.,0.));
#2191 = DIRECTION('',(0.,-1.,0.));
#2192 = PCURVE('',#159,#2193);
#2193 = DEFINITIONAL_REPRESENTATION('',(#2194),#2197);
#2194 = B_SPLINE_CURVE_WITH_KNOTS('',1,(#2195,#2196),.UNSPECIFIED.,.F.,
  .F.,(2,2),(0.,1.570796326795),.PIECEWISE_BEZIER_KNOTS.);
#2195 = CARTESIAN_POINT('',(0.,0.));
#2196 = CARTESIAN_POINT('',(0.,1.570796326795));
#2197 = ( GEOMETRIC_REPRESENTATION_CONTEXT(2) 
PARAMETRIC_REPRESENTATION_CONTEXT() REPRESENTATION_CONTEXT('2D SPACE',''
  ) );
#2198 = PCURVE('',#2199,#2204);
#2199 = CYLINDRICAL_SURFACE('',#2200,1.5);
#2200 = AXIS2_PLACEMENT_3D('',#2201,#2202,#2203);
#2201 = CARTESIAN_POINT('',(308.3,-127.5425,12.5));
#2202 = DIRECTION('',(-1.,-0.,-0.));
#2203 = DIRECTION('',(0.,-1.,0.));
#2204 = DEFINITIONAL_REPRESENTATION('',(#2205),#2208);
#2205 = B_SPLINE_CURVE_WITH_KNOTS('',1,(#2206,#2207),.UNSPECIFIED.,.F.,
  .F.,(2,2),(0.,1.570796326795),.PIECEWISE_BEZIER_KNOTS.);
#2206 = CARTESIAN_POINT('',(0.,311.8));
#2207 = CARTESIAN_POINT('',(1.570796326795,311.8));
#2208 = ( GEOMETRIC_REPRESENTATION_CONTEXT(2) 
PARAMETRIC_REPRESENTATION_CONTEXT() REPRESENTATION_CONTEXT('2D SPACE',''
  ) );
#2209 = ORIENTED_EDGE('',*,*,#142,.T.);
#2210 = ORIENTED_EDGE('',*,*,#224,.T.);
#2211 = ORIENTED_EDGE('',*,*,#2212,.F.);
#2212 = EDGE_CURVE('',#2184,#225,#2213,.T.);
#2213 = SURFACE_CURVE('',#2214,(#2219,#2226),.PCURVE_S1.);
#2214 = CIRCLE('',#2215,2.5);
#2215 = AXIS2_PLACEMENT_3D('',#2216,#2217,#2218);
#2216 = CARTESIAN_POINT('',(-3.5,-125.0425,14.));
#2217 = DIRECTION('',(-0.,-0.,-1.));
#2218 = DIRECTION('',(0.,-1.,0.));
#2219 = PCURVE('',#159,#2220);
#2220 = DEFINITIONAL_REPRESENTATION('',(#2221),#2225);
#2221 = LINE('',#2222,#2223);
#2222 = CARTESIAN_POINT('',(-0.,1.570796326795));
#2223 = VECTOR('',#2224,1.);
#2224 = DIRECTION('',(-1.,0.));
#2225 = ( GEOMETRIC_REPRESENTATION_CONTEXT(2) 
PARAMETRIC_REPRESENTATION_CONTEXT() REPRESENTATION_CONTEXT('2D SPACE',''
  ) );
#2226 = PCURVE('',#262,#2227);
#2227 = DEFINITIONAL_REPRESENTATION('',(#2228),#2236);
#2228 = ( BOUNDED_CURVE() B_SPLINE_CURVE(2,(#2229,#2230,#2231,#2232,
#2233,#2234,#2235),.UNSPECIFIED.,.T.,.F.) B_SPLINE_CURVE_WITH_KNOTS((1,2
    ,2,2,2,1),(-2.094395102393,0.,2.094395102393,4.188790204786,
6.28318530718,8.377580409573),.UNSPECIFIED.) CURVE() 
GEOMETRIC_REPRESENTATION_ITEM() RATIONAL_B_SPLINE_CURVE((1.,0.5,1.,0.5,
1.,0.5,1.)) REPRESENTATION_ITEM('') );
#2229 = CARTESIAN_POINT('',(-155.9,-70.39375));
#2230 = CARTESIAN_POINT('',(-160.2301270189,-70.39375));
#2231 = CARTESIAN_POINT('',(-158.0650635094,-66.64375));
#2232 = CARTESIAN_POINT('',(-155.9,-62.89375));
#2233 = CARTESIAN_POINT('',(-153.7349364905,-66.64375));
#2234 = CARTESIAN_POINT('',(-151.569872981,-70.39375));
#2235 = CARTESIAN_POINT('',(-155.9,-70.39375));
#2236 = ( GEOMETRIC_REPRESENTATION_CONTEXT(2) 
PARAMETRIC_REPRESENTATION_CONTEXT() REPRESENTATION_CONTEXT('2D SPACE',''
  ) );
#2237 = ADVANCED_FACE('',(#2238),#187,.F.);
#2238 = FACE_BOUND('',#2239,.F.);
#2239 = EDGE_LOOP('',(#2240,#2241,#2264,#2285));
#2240 = ORIENTED_EDGE('',*,*,#171,.T.);
#2241 = ORIENTED_EDGE('',*,*,#2242,.F.);
#2242 = EDGE_CURVE('',#2243,#143,#2245,.T.);
#2243 = VERTEX_POINT('',#2244);
#2244 = CARTESIAN_POINT('',(308.3,-129.0425,12.5));
#2245 = SURFACE_CURVE('',#2246,(#2250,#2257),.PCURVE_S1.);
#2246 = LINE('',#2247,#2248);
#2247 = CARTESIAN_POINT('',(308.3,-129.0425,12.5));
#2248 = VECTOR('',#2249,1.);
#2249 = DIRECTION('',(-1.,-0.,-0.));
#2250 = PCURVE('',#187,#2251);
#2251 = DEFINITIONAL_REPRESENTATION('',(#2252),#2256);
#2252 = LINE('',#2253,#2254);
#2253 = CARTESIAN_POINT('',(311.8,-7.5));
#2254 = VECTOR('',#2255,1.);
#2255 = DIRECTION('',(-1.,0.));
#2256 = ( GEOMETRIC_REPRESENTATION_CONTEXT(2) 
PARAMETRIC_REPRESENTATION_CONTEXT() REPRESENTATION_CONTEXT('2D SPACE',''
  ) );
#2257 = PCURVE('',#2199,#2258);
#2258 = DEFINITIONAL_REPRESENTATION('',(#2259),#2263);
#2259 = LINE('',#2260,#2261);
#2260 = CARTESIAN_POINT('',(0.,0.));
#2261 = VECTOR('',#2262,1.);
#2262 = DIRECTION('',(0.,1.));
#2263 = ( GEOMETRIC_REPRESENTATION_CONTEXT(2) 
PARAMETRIC_REPRESENTATION_CONTEXT() REPRESENTATION_CONTEXT('2D SPACE',''
  ) );
#2264 = ORIENTED_EDGE('',*,*,#2265,.F.);
#2265 = EDGE_CURVE('',#306,#2243,#2266,.T.);
#2266 = SURFACE_CURVE('',#2267,(#2271,#2278),.PCURVE_S1.);
#2267 = LINE('',#2268,#2269);
#2268 = CARTESIAN_POINT('',(308.3,-129.0425,5.));
#2269 = VECTOR('',#2270,1.);
#2270 = DIRECTION('',(0.,0.,1.));
#2271 = PCURVE('',#187,#2272);
#2272 = DEFINITIONAL_REPRESENTATION('',(#2273),#2277);
#2273 = LINE('',#2274,#2275);
#2274 = CARTESIAN_POINT('',(311.8,0.));
#2275 = VECTOR('',#2276,1.);
#2276 = DIRECTION('',(0.,-1.));
#2277 = ( GEOMETRIC_REPRESENTATION_CONTEXT(2) 
PARAMETRIC_REPRESENTATION_CONTEXT() REPRESENTATION_CONTEXT('2D SPACE',''
  ) );
#2278 = PCURVE('',#345,#2279);
#2279 = DEFINITIONAL_REPRESENTATION('',(#2280),#2284);
#2280 = LINE('',#2281,#2282);
#2281 = CARTESIAN_POINT('',(-4.712388980385,0.));
#2282 = VECTOR('',#2283,1.);
#2283 = DIRECTION('',(-0.,-1.));
#2284 = ( GEOMETRIC_REPRESENTATION_CONTEXT(2) 
PARAMETRIC_REPRESENTATION_CONTEXT() REPRESENTATION_CONTEXT('2D SPACE',''
  ) );
#2285 = ORIENTED_EDGE('',*,*,#305,.F.);
#2286 = ADVANCED_FACE('',(#2287,#2462,#2700),#262,.T.);
#2287 = FACE_BOUND('',#2288,.T.);
#2288 = EDGE_LOOP('',(#2289,#2290,#2291,#2314,#2347,#2375,#2408,#2436));
#2289 = ORIENTED_EDGE('',*,*,#246,.F.);
#2290 = ORIENTED_EDGE('',*,*,#2212,.F.);
#2291 = ORIENTED_EDGE('',*,*,#2292,.F.);
#2292 = EDGE_CURVE('',#2293,#2184,#2295,.T.);
#2293 = VERTEX_POINT('',#2294);
#2294 = CARTESIAN_POINT('',(308.3,-127.5425,14.));
#2295 = SURFACE_CURVE('',#2296,(#2300,#2307),.PCURVE_S1.);
#2296 = LINE('',#2297,#2298);
#2297 = CARTESIAN_POINT('',(308.3,-127.5425,14.));
#2298 = VECTOR('',#2299,1.);
#2299 = DIRECTION('',(-1.,-0.,-0.));
#2300 = PCURVE('',#262,#2301);
#2301 = DEFINITIONAL_REPRESENTATION('',(#2302),#2306);
#2302 = LINE('',#2303,#2304);
#2303 = CARTESIAN_POINT('',(155.9,-70.39375));
#2304 = VECTOR('',#2305,1.);
#2305 = DIRECTION('',(-1.,0.));
#2306 = ( GEOMETRIC_REPRESENTATION_CONTEXT(2) 
PARAMETRIC_REPRESENTATION_CONTEXT() REPRESENTATION_CONTEXT('2D SPACE',''
  ) );
#2307 = PCURVE('',#2199,#2308);
#2308 = DEFINITIONAL_REPRESENTATION('',(#2309),#2313);
#2309 = LINE('',#2310,#2311);
#2310 = CARTESIAN_POINT('',(1.570796326795,0.));
#2311 = VECTOR('',#2312,1.);
#2312 = DIRECTION('',(0.,1.));
#2313 = ( GEOMETRIC_REPRESENTATION_CONTEXT(2) 
PARAMETRIC_REPRESENTATION_CONTEXT() REPRESENTATION_CONTEXT('2D SPACE',''
  ) );
#2314 = ORIENTED_EDGE('',*,*,#2315,.F.);
#2315 = EDGE_CURVE('',#2316,#2293,#2318,.T.);
#2316 = VERTEX_POINT('',#2317);
#2317 = CARTESIAN_POINT('',(310.8,-125.0425,14.));
#2318 = SURFACE_CURVE('',#2319,(#2324,#2335),.PCURVE_S1.);
#2319 = CIRCLE('',#2320,2.5);
#2320 = AXIS2_PLACEMENT_3D('',#2321,#2322,#2323);
#2321 = CARTESIAN_POINT('',(308.3,-125.0425,14.));
#2322 = DIRECTION('',(0.,-0.,-1.));
#2323 = DIRECTION('',(1.,0.,-0.));
#2324 = PCURVE('',#262,#2325);
#2325 = DEFINITIONAL_REPRESENTATION('',(#2326),#2334);
#2326 = ( BOUNDED_CURVE() B_SPLINE_CURVE(2,(#2327,#2328,#2329,#2330,
#2331,#2332,#2333),.UNSPECIFIED.,.T.,.F.) B_SPLINE_CURVE_WITH_KNOTS((1,2
    ,2,2,2,1),(-2.094395102393,0.,2.094395102393,4.188790204786,
6.28318530718,8.377580409573),.UNSPECIFIED.) CURVE() 
GEOMETRIC_REPRESENTATION_ITEM() RATIONAL_B_SPLINE_CURVE((1.,0.5,1.,0.5,
1.,0.5,1.)) REPRESENTATION_ITEM('') );
#2327 = CARTESIAN_POINT('',(158.4,-67.89375));
#2328 = CARTESIAN_POINT('',(158.4,-72.22387701892));
#2329 = CARTESIAN_POINT('',(154.65,-70.05881350946));
#2330 = CARTESIAN_POINT('',(150.9,-67.89375));
#2331 = CARTESIAN_POINT('',(154.65,-65.72868649053));
#2332 = CARTESIAN_POINT('',(158.4,-63.56362298107));
#2333 = CARTESIAN_POINT('',(158.4,-67.89375));
#2334 = ( GEOMETRIC_REPRESENTATION_CONTEXT(2) 
PARAMETRIC_REPRESENTATION_CONTEXT() REPRESENTATION_CONTEXT('2D SPACE',''
  ) );
#2335 = PCURVE('',#2336,#2341);
#2336 = TOROIDAL_SURFACE('',#2337,2.5,1.5);
#2337 = AXIS2_PLACEMENT_3D('',#2338,#2339,#2340);
#2338 = CARTESIAN_POINT('',(308.3,-125.0425,12.5));
#2339 = DIRECTION('',(0.,0.,1.));
#2340 = DIRECTION('',(1.,0.,-0.));
#2341 = DEFINITIONAL_REPRESENTATION('',(#2342),#2346);
#2342 = LINE('',#2343,#2344);
#2343 = CARTESIAN_POINT('',(-0.,1.570796326795));
#2344 = VECTOR('',#2345,1.);
#2345 = DIRECTION('',(-1.,0.));
#2346 = ( GEOMETRIC_REPRESENTATION_CONTEXT(2) 
PARAMETRIC_REPRESENTATION_CONTEXT() REPRESENTATION_CONTEXT('2D SPACE',''
  ) );
#2347 = ORIENTED_EDGE('',*,*,#2348,.F.);
#2348 = EDGE_CURVE('',#2349,#2316,#2351,.T.);
#2349 = VERTEX_POINT('',#2350);
#2350 = CARTESIAN_POINT('',(310.8,10.745,14.));
#2351 = SURFACE_CURVE('',#2352,(#2356,#2363),.PCURVE_S1.);
#2352 = LINE('',#2353,#2354);
#2353 = CARTESIAN_POINT('',(310.8,10.745,14.));
#2354 = VECTOR('',#2355,1.);
#2355 = DIRECTION('',(-0.,-1.,-0.));
#2356 = PCURVE('',#262,#2357);
#2357 = DEFINITIONAL_REPRESENTATION('',(#2358),#2362);
#2358 = LINE('',#2359,#2360);
#2359 = CARTESIAN_POINT('',(158.4,67.89375));
#2360 = VECTOR('',#2361,1.);
#2361 = DIRECTION('',(0.,-1.));
#2362 = ( GEOMETRIC_REPRESENTATION_CONTEXT(2) 
PARAMETRIC_REPRESENTATION_CONTEXT() REPRESENTATION_CONTEXT('2D SPACE',''
  ) );
#2363 = PCURVE('',#2364,#2369);
#2364 = CYLINDRICAL_SURFACE('',#2365,1.5);
#2365 = AXIS2_PLACEMENT_3D('',#2366,#2367,#2368);
#2366 = CARTESIAN_POINT('',(310.8,10.745,12.5));
#2367 = DIRECTION('',(-0.,-1.,-0.));
#2368 = DIRECTION('',(1.,-0.,0.));
#2369 = DEFINITIONAL_REPRESENTATION('',(#2370),#2374);
#2370 = LINE('',#2371,#2372);
#2371 = CARTESIAN_POINT('',(1.570796326795,0.));
#2372 = VECTOR('',#2373,1.);
#2373 = DIRECTION('',(0.,1.));
#2374 = ( GEOMETRIC_REPRESENTATION_CONTEXT(2) 
PARAMETRIC_REPRESENTATION_CONTEXT() REPRESENTATION_CONTEXT('2D SPACE',''
  ) );
#2375 = ORIENTED_EDGE('',*,*,#2376,.F.);
#2376 = EDGE_CURVE('',#2377,#2349,#2379,.T.);
#2377 = VERTEX_POINT('',#2378);
#2378 = CARTESIAN_POINT('',(308.3,13.245,14.));
#2379 = SURFACE_CURVE('',#2380,(#2385,#2396),.PCURVE_S1.);
#2380 = CIRCLE('',#2381,2.5);
#2381 = AXIS2_PLACEMENT_3D('',#2382,#2383,#2384);
#2382 = CARTESIAN_POINT('',(308.3,10.745,14.));
#2383 = DIRECTION('',(0.,-0.,-1.));
#2384 = DIRECTION('',(0.,1.,-0.));
#2385 = PCURVE('',#262,#2386);
#2386 = DEFINITIONAL_REPRESENTATION('',(#2387),#2395);
#2387 = ( BOUNDED_CURVE() B_SPLINE_CURVE(2,(#2388,#2389,#2390,#2391,
#2392,#2393,#2394),.UNSPECIFIED.,.T.,.F.) B_SPLINE_CURVE_WITH_KNOTS((1,2
    ,2,2,2,1),(-2.094395102393,0.,2.094395102393,4.188790204786,
6.28318530718,8.377580409573),.UNSPECIFIED.) CURVE() 
GEOMETRIC_REPRESENTATION_ITEM() RATIONAL_B_SPLINE_CURVE((1.,0.5,1.,0.5,
1.,0.5,1.)) REPRESENTATION_ITEM('') );
#2388 = CARTESIAN_POINT('',(155.9,70.39375));
#2389 = CARTESIAN_POINT('',(160.23012701892,70.39375));
#2390 = CARTESIAN_POINT('',(158.06506350946,66.64375));
#2391 = CARTESIAN_POINT('',(155.9,62.89375));
#2392 = CARTESIAN_POINT('',(153.73493649053,66.64375));
#2393 = CARTESIAN_POINT('',(151.56987298107,70.39375));
#2394 = CARTESIAN_POINT('',(155.9,70.39375));
#2395 = ( GEOMETRIC_REPRESENTATION_CONTEXT(2) 
PARAMETRIC_REPRESENTATION_CONTEXT() REPRESENTATION_CONTEXT('2D SPACE',''
  ) );
#2396 = PCURVE('',#2397,#2402);
#2397 = TOROIDAL_SURFACE('',#2398,2.5,1.5);
#2398 = AXIS2_PLACEMENT_3D('',#2399,#2400,#2401);
#2399 = CARTESIAN_POINT('',(308.3,10.745,12.5));
#2400 = DIRECTION('',(0.,0.,1.));
#2401 = DIRECTION('',(0.,1.,-0.));
#2402 = DEFINITIONAL_REPRESENTATION('',(#2403),#2407);
#2403 = LINE('',#2404,#2405);
#2404 = CARTESIAN_POINT('',(-0.,1.570796326795));
#2405 = VECTOR('',#2406,1.);
#2406 = DIRECTION('',(-1.,0.));
#2407 = ( GEOMETRIC_REPRESENTATION_CONTEXT(2) 
PARAMETRIC_REPRESENTATION_CONTEXT() REPRESENTATION_CONTEXT('2D SPACE',''
  ) );
#2408 = ORIENTED_EDGE('',*,*,#2409,.F.);
#2409 = EDGE_CURVE('',#2410,#2377,#2412,.T.);
#2410 = VERTEX_POINT('',#2411);
#2411 = CARTESIAN_POINT('',(-3.5,13.245,14.));
#2412 = SURFACE_CURVE('',#2413,(#2417,#2424),.PCURVE_S1.);
#2413 = LINE('',#2414,#2415);
#2414 = CARTESIAN_POINT('',(-3.5,13.245,14.));
#2415 = VECTOR('',#2416,1.);
#2416 = DIRECTION('',(1.,0.,0.));
#2417 = PCURVE('',#262,#2418);
#2418 = DEFINITIONAL_REPRESENTATION('',(#2419),#2423);
#2419 = LINE('',#2420,#2421);
#2420 = CARTESIAN_POINT('',(-155.9,70.39375));
#2421 = VECTOR('',#2422,1.);
#2422 = DIRECTION('',(1.,0.));
#2423 = ( GEOMETRIC_REPRESENTATION_CONTEXT(2) 
PARAMETRIC_REPRESENTATION_CONTEXT() REPRESENTATION_CONTEXT('2D SPACE',''
  ) );
#2424 = PCURVE('',#2425,#2430);
#2425 = CYLINDRICAL_SURFACE('',#2426,1.5);
#2426 = AXIS2_PLACEMENT_3D('',#2427,#2428,#2429);
#2427 = CARTESIAN_POINT('',(-3.5,13.245,12.5));
#2428 = DIRECTION('',(1.,0.,0.));
#2429 = DIRECTION('',(-0.,1.,0.));
#2430 = DEFINITIONAL_REPRESENTATION('',(#2431),#2435);
#2431 = LINE('',#2432,#2433);
#2432 = CARTESIAN_POINT('',(1.570796326795,0.));
#2433 = VECTOR('',#2434,1.);
#2434 = DIRECTION('',(0.,1.));
#2435 = ( GEOMETRIC_REPRESENTATION_CONTEXT(2) 
PARAMETRIC_REPRESENTATION_CONTEXT() REPRESENTATION_CONTEXT('2D SPACE',''
  ) );
#2436 = ORIENTED_EDGE('',*,*,#2437,.F.);
#2437 = EDGE_CURVE('',#247,#2410,#2438,.T.);
#2438 = SURFACE_CURVE('',#2439,(#2444,#2455),.PCURVE_S1.);
#2439 = CIRCLE('',#2440,2.5);
#2440 = AXIS2_PLACEMENT_3D('',#2441,#2442,#2443);
#2441 = CARTESIAN_POINT('',(-3.5,10.745,14.));
#2442 = DIRECTION('',(-0.,0.,-1.));
#2443 = DIRECTION('',(-1.,0.,0.));
#2444 = PCURVE('',#262,#2445);
#2445 = DEFINITIONAL_REPRESENTATION('',(#2446),#2454);
#2446 = ( BOUNDED_CURVE() B_SPLINE_CURVE(2,(#2447,#2448,#2449,#2450,
#2451,#2452,#2453),.UNSPECIFIED.,.T.,.F.) B_SPLINE_CURVE_WITH_KNOTS((1,2
    ,2,2,2,1),(-2.094395102393,0.,2.094395102393,4.188790204786,
6.28318530718,8.377580409573),.UNSPECIFIED.) CURVE() 
GEOMETRIC_REPRESENTATION_ITEM() RATIONAL_B_SPLINE_CURVE((1.,0.5,1.,0.5,
1.,0.5,1.)) REPRESENTATION_ITEM('') );
#2447 = CARTESIAN_POINT('',(-158.4,67.89375));
#2448 = CARTESIAN_POINT('',(-158.4,72.223877018922));
#2449 = CARTESIAN_POINT('',(-154.65,70.058813509461));
#2450 = CARTESIAN_POINT('',(-150.9,67.89375));
#2451 = CARTESIAN_POINT('',(-154.65,65.728686490539));
#2452 = CARTESIAN_POINT('',(-158.4,63.563622981078));
#2453 = CARTESIAN_POINT('',(-158.4,67.89375));
#2454 = ( GEOMETRIC_REPRESENTATION_CONTEXT(2) 
PARAMETRIC_REPRESENTATION_CONTEXT() REPRESENTATION_CONTEXT('2D SPACE',''
  ) );
#2455 = PCURVE('',#288,#2456);
#2456 = DEFINITIONAL_REPRESENTATION('',(#2457),#2461);
#2457 = LINE('',#2458,#2459);
#2458 = CARTESIAN_POINT('',(-0.,1.570796326795));
#2459 = VECTOR('',#2460,1.);
#2460 = DIRECTION('',(-1.,0.));
#2461 = ( GEOMETRIC_REPRESENTATION_CONTEXT(2) 
PARAMETRIC_REPRESENTATION_CONTEXT() REPRESENTATION_CONTEXT('2D SPACE',''
  ) );
#2462 = FACE_BOUND('',#2463,.T.);
#2463 = EDGE_LOOP('',(#2464,#2492,#2525,#2551,#2584,#2610,#2643,#2669));
#2464 = ORIENTED_EDGE('',*,*,#2465,.F.);
#2465 = EDGE_CURVE('',#2466,#2468,#2470,.T.);
#2466 = VERTEX_POINT('',#2467);
#2467 = CARTESIAN_POINT('',(-0.3,-24.617,14.));
#2468 = VERTEX_POINT('',#2469);
#2469 = CARTESIAN_POINT('',(-0.3,-118.3625,14.));
#2470 = SURFACE_CURVE('',#2471,(#2475,#2481),.PCURVE_S1.);
#2471 = LINE('',#2472,#2473);
#2472 = CARTESIAN_POINT('',(-0.3,-87.755625,14.));
#2473 = VECTOR('',#2474,1.);
#2474 = DIRECTION('',(0.,-1.,0.));
#2475 = PCURVE('',#262,#2476);
#2476 = DEFINITIONAL_REPRESENTATION('',(#2477),#2480);
#2477 = B_SPLINE_CURVE_WITH_KNOTS('',1,(#2478,#2479),.UNSPECIFIED.,.F.,
  .F.,(2,2),(-63.138625,30.606875),.PIECEWISE_BEZIER_KNOTS.);
#2478 = CARTESIAN_POINT('',(-152.7,32.53175));
#2479 = CARTESIAN_POINT('',(-152.7,-61.21375));
#2480 = ( GEOMETRIC_REPRESENTATION_CONTEXT(2) 
PARAMETRIC_REPRESENTATION_CONTEXT() REPRESENTATION_CONTEXT('2D SPACE',''
  ) );
#2481 = PCURVE('',#2482,#2487);
#2482 = PLANE('',#2483);
#2483 = AXIS2_PLACEMENT_3D('',#2484,#2485,#2486);
#2484 = CARTESIAN_POINT('',(-0.3,-118.3625,4.));
#2485 = DIRECTION('',(-1.,0.,0.));
#2486 = DIRECTION('',(0.,1.,0.));
#2487 = DEFINITIONAL_REPRESENTATION('',(#2488),#2491);
#2488 = B_SPLINE_CURVE_WITH_KNOTS('',1,(#2489,#2490),.UNSPECIFIED.,.F.,
  .F.,(2,2),(-63.138625,30.606875),.PIECEWISE_BEZIER_KNOTS.);
#2489 = CARTESIAN_POINT('',(93.7455,-10.));
#2490 = CARTESIAN_POINT('',(0.,-10.));
#2491 = ( GEOMETRIC_REPRESENTATION_CONTEXT(2) 
PARAMETRIC_REPRESENTATION_CONTEXT() REPRESENTATION_CONTEXT('2D SPACE',''
  ) );
#2492 = ORIENTED_EDGE('',*,*,#2493,.T.);
#2493 = EDGE_CURVE('',#2466,#2494,#2496,.T.);
#2494 = VERTEX_POINT('',#2495);
#2495 = CARTESIAN_POINT('',(0.7,-23.617,14.));
#2496 = SURFACE_CURVE('',#2497,(#2502,#2513),.PCURVE_S1.);
#2497 = CIRCLE('',#2498,1.);
#2498 = AXIS2_PLACEMENT_3D('',#2499,#2500,#2501);
#2499 = CARTESIAN_POINT('',(0.7,-24.617,14.));
#2500 = DIRECTION('',(0.,0.,-1.));
#2501 = DIRECTION('',(-1.,0.,0.));
#2502 = PCURVE('',#262,#2503);
#2503 = DEFINITIONAL_REPRESENTATION('',(#2504),#2512);
#2504 = ( BOUNDED_CURVE() B_SPLINE_CURVE(2,(#2505,#2506,#2507,#2508,
#2509,#2510,#2511),.UNSPECIFIED.,.T.,.F.) B_SPLINE_CURVE_WITH_KNOTS((1,2
    ,2,2,2,1),(-2.094395102393,0.,2.094395102393,4.188790204786,
6.28318530718,8.377580409573),.UNSPECIFIED.) CURVE() 
GEOMETRIC_REPRESENTATION_ITEM() RATIONAL_B_SPLINE_CURVE((1.,0.5,1.,0.5,
1.,0.5,1.)) REPRESENTATION_ITEM('') );
#2505 = CARTESIAN_POINT('',(-152.7,32.53175));
#2506 = CARTESIAN_POINT('',(-152.7,34.263800807569));
#2507 = CARTESIAN_POINT('',(-151.2,33.397775403784));
#2508 = CARTESIAN_POINT('',(-149.7,32.53175));
#2509 = CARTESIAN_POINT('',(-151.2,31.665724596216));
#2510 = CARTESIAN_POINT('',(-152.7,30.799699192431));
#2511 = CARTESIAN_POINT('',(-152.7,32.53175));
#2512 = ( GEOMETRIC_REPRESENTATION_CONTEXT(2) 
PARAMETRIC_REPRESENTATION_CONTEXT() REPRESENTATION_CONTEXT('2D SPACE',''
  ) );
#2513 = PCURVE('',#2514,#2519);
#2514 = CYLINDRICAL_SURFACE('',#2515,1.);
#2515 = AXIS2_PLACEMENT_3D('',#2516,#2517,#2518);
#2516 = CARTESIAN_POINT('',(0.7,-24.617,4.));
#2517 = DIRECTION('',(0.,0.,-1.));
#2518 = DIRECTION('',(-1.,0.,0.));
#2519 = DEFINITIONAL_REPRESENTATION('',(#2520),#2524);
#2520 = LINE('',#2521,#2522);
#2521 = CARTESIAN_POINT('',(0.,-10.));
#2522 = VECTOR('',#2523,1.);
#2523 = DIRECTION('',(1.,0.));
#2524 = ( GEOMETRIC_REPRESENTATION_CONTEXT(2) 
PARAMETRIC_REPRESENTATION_CONTEXT() REPRESENTATION_CONTEXT('2D SPACE',''
  ) );
#2525 = ORIENTED_EDGE('',*,*,#2526,.F.);
#2526 = EDGE_CURVE('',#2527,#2494,#2529,.T.);
#2527 = VERTEX_POINT('',#2528);
#2528 = CARTESIAN_POINT('',(304.1,-23.617,14.));
#2529 = SURFACE_CURVE('',#2530,(#2534,#2540),.PCURVE_S1.);
#2530 = LINE('',#2531,#2532);
#2531 = CARTESIAN_POINT('',(76.55,-23.617,14.));
#2532 = VECTOR('',#2533,1.);
#2533 = DIRECTION('',(-1.,0.,0.));
#2534 = PCURVE('',#262,#2535);
#2535 = DEFINITIONAL_REPRESENTATION('',(#2536),#2539);
#2536 = B_SPLINE_CURVE_WITH_KNOTS('',1,(#2537,#2538),.UNSPECIFIED.,.F.,
  .F.,(2,2),(-227.55,75.85),.PIECEWISE_BEZIER_KNOTS.);
#2537 = CARTESIAN_POINT('',(151.7,33.53175));
#2538 = CARTESIAN_POINT('',(-151.7,33.53175));
#2539 = ( GEOMETRIC_REPRESENTATION_CONTEXT(2) 
PARAMETRIC_REPRESENTATION_CONTEXT() REPRESENTATION_CONTEXT('2D SPACE',''
  ) );
#2540 = PCURVE('',#2541,#2546);
#2541 = PLANE('',#2542);
#2542 = AXIS2_PLACEMENT_3D('',#2543,#2544,#2545);
#2543 = CARTESIAN_POINT('',(0.7,-23.617,4.));
#2544 = DIRECTION('',(0.,1.,0.));
#2545 = DIRECTION('',(1.,0.,0.));
#2546 = DEFINITIONAL_REPRESENTATION('',(#2547),#2550);
#2547 = B_SPLINE_CURVE_WITH_KNOTS('',1,(#2548,#2549),.UNSPECIFIED.,.F.,
  .F.,(2,2),(-227.55,75.85),.PIECEWISE_BEZIER_KNOTS.);
#2548 = CARTESIAN_POINT('',(303.4,-10.));
#2549 = CARTESIAN_POINT('',(0.,-10.));
#2550 = ( GEOMETRIC_REPRESENTATION_CONTEXT(2) 
PARAMETRIC_REPRESENTATION_CONTEXT() REPRESENTATION_CONTEXT('2D SPACE',''
  ) );
#2551 = ORIENTED_EDGE('',*,*,#2552,.T.);
#2552 = EDGE_CURVE('',#2527,#2553,#2555,.T.);
#2553 = VERTEX_POINT('',#2554);
#2554 = CARTESIAN_POINT('',(305.1,-24.617,14.));
#2555 = SURFACE_CURVE('',#2556,(#2561,#2572),.PCURVE_S1.);
#2556 = CIRCLE('',#2557,1.);
#2557 = AXIS2_PLACEMENT_3D('',#2558,#2559,#2560);
#2558 = CARTESIAN_POINT('',(304.1,-24.617,14.));
#2559 = DIRECTION('',(0.,0.,-1.));
#2560 = DIRECTION('',(-1.,0.,0.));
#2561 = PCURVE('',#262,#2562);
#2562 = DEFINITIONAL_REPRESENTATION('',(#2563),#2571);
#2563 = ( BOUNDED_CURVE() B_SPLINE_CURVE(2,(#2564,#2565,#2566,#2567,
#2568,#2569,#2570),.UNSPECIFIED.,.T.,.F.) B_SPLINE_CURVE_WITH_KNOTS((1,2
    ,2,2,2,1),(-2.094395102393,0.,2.094395102393,4.188790204786,
6.28318530718,8.377580409573),.UNSPECIFIED.) CURVE() 
GEOMETRIC_REPRESENTATION_ITEM() RATIONAL_B_SPLINE_CURVE((1.,0.5,1.,0.5,
1.,0.5,1.)) REPRESENTATION_ITEM('') );
#2564 = CARTESIAN_POINT('',(150.7,32.53175));
#2565 = CARTESIAN_POINT('',(150.7,34.263800807569));
#2566 = CARTESIAN_POINT('',(152.2,33.397775403784));
#2567 = CARTESIAN_POINT('',(153.7,32.53175));
#2568 = CARTESIAN_POINT('',(152.2,31.665724596216));
#2569 = CARTESIAN_POINT('',(150.7,30.799699192431));
#2570 = CARTESIAN_POINT('',(150.7,32.53175));
#2571 = ( GEOMETRIC_REPRESENTATION_CONTEXT(2) 
PARAMETRIC_REPRESENTATION_CONTEXT() REPRESENTATION_CONTEXT('2D SPACE',''
  ) );
#2572 = PCURVE('',#2573,#2578);
#2573 = CYLINDRICAL_SURFACE('',#2574,1.);
#2574 = AXIS2_PLACEMENT_3D('',#2575,#2576,#2577);
#2575 = CARTESIAN_POINT('',(304.1,-24.617,4.));
#2576 = DIRECTION('',(0.,0.,-1.));
#2577 = DIRECTION('',(-1.,0.,0.));
#2578 = DEFINITIONAL_REPRESENTATION('',(#2579),#2583);
#2579 = LINE('',#2580,#2581);
#2580 = CARTESIAN_POINT('',(0.,-10.));
#2581 = VECTOR('',#2582,1.);
#2582 = DIRECTION('',(1.,0.));
#2583 = ( GEOMETRIC_REPRESENTATION_CONTEXT(2) 
PARAMETRIC_REPRESENTATION_CONTEXT() REPRESENTATION_CONTEXT('2D SPACE',''
  ) );
#2584 = ORIENTED_EDGE('',*,*,#2585,.T.);
#2585 = EDGE_CURVE('',#2553,#2586,#2588,.T.);
#2586 = VERTEX_POINT('',#2587);
#2587 = CARTESIAN_POINT('',(305.1,-118.3625,14.));
#2588 = SURFACE_CURVE('',#2589,(#2593,#2599),.PCURVE_S1.);
#2589 = LINE('',#2590,#2591);
#2590 = CARTESIAN_POINT('',(305.1,-87.755625,14.));
#2591 = VECTOR('',#2592,1.);
#2592 = DIRECTION('',(0.,-1.,0.));
#2593 = PCURVE('',#262,#2594);
#2594 = DEFINITIONAL_REPRESENTATION('',(#2595),#2598);
#2595 = B_SPLINE_CURVE_WITH_KNOTS('',1,(#2596,#2597),.UNSPECIFIED.,.F.,
  .F.,(2,2),(-63.138625,30.606875),.PIECEWISE_BEZIER_KNOTS.);
#2596 = CARTESIAN_POINT('',(152.7,32.53175));
#2597 = CARTESIAN_POINT('',(152.7,-61.21375));
#2598 = ( GEOMETRIC_REPRESENTATION_CONTEXT(2) 
PARAMETRIC_REPRESENTATION_CONTEXT() REPRESENTATION_CONTEXT('2D SPACE',''
  ) );
#2599 = PCURVE('',#2600,#2605);
#2600 = PLANE('',#2601);
#2601 = AXIS2_PLACEMENT_3D('',#2602,#2603,#2604);
#2602 = CARTESIAN_POINT('',(305.1,-118.3625,4.));
#2603 = DIRECTION('',(-1.,0.,0.));
#2604 = DIRECTION('',(0.,1.,0.));
#2605 = DEFINITIONAL_REPRESENTATION('',(#2606),#2609);
#2606 = B_SPLINE_CURVE_WITH_KNOTS('',1,(#2607,#2608),.UNSPECIFIED.,.F.,
  .F.,(2,2),(-63.138625,30.606875),.PIECEWISE_BEZIER_KNOTS.);
#2607 = CARTESIAN_POINT('',(93.7455,-10.));
#2608 = CARTESIAN_POINT('',(0.,-10.));
#2609 = ( GEOMETRIC_REPRESENTATION_CONTEXT(2) 
PARAMETRIC_REPRESENTATION_CONTEXT() REPRESENTATION_CONTEXT('2D SPACE',''
  ) );
#2610 = ORIENTED_EDGE('',*,*,#2611,.T.);
#2611 = EDGE_CURVE('',#2586,#2612,#2614,.T.);
#2612 = VERTEX_POINT('',#2613);
#2613 = CARTESIAN_POINT('',(304.1,-119.3625,14.));
#2614 = SURFACE_CURVE('',#2615,(#2620,#2631),.PCURVE_S1.);
#2615 = CIRCLE('',#2616,1.);
#2616 = AXIS2_PLACEMENT_3D('',#2617,#2618,#2619);
#2617 = CARTESIAN_POINT('',(304.1,-118.3625,14.));
#2618 = DIRECTION('',(0.,0.,-1.));
#2619 = DIRECTION('',(-1.,0.,0.));
#2620 = PCURVE('',#262,#2621);
#2621 = DEFINITIONAL_REPRESENTATION('',(#2622),#2630);
#2622 = ( BOUNDED_CURVE() B_SPLINE_CURVE(2,(#2623,#2624,#2625,#2626,
#2627,#2628,#2629),.UNSPECIFIED.,.T.,.F.) B_SPLINE_CURVE_WITH_KNOTS((1,2
    ,2,2,2,1),(-2.094395102393,0.,2.094395102393,4.188790204786,
6.28318530718,8.377580409573),.UNSPECIFIED.) CURVE() 
GEOMETRIC_REPRESENTATION_ITEM() RATIONAL_B_SPLINE_CURVE((1.,0.5,1.,0.5,
1.,0.5,1.)) REPRESENTATION_ITEM('') );
#2623 = CARTESIAN_POINT('',(150.7,-61.21375));
#2624 = CARTESIAN_POINT('',(150.7,-59.48169919243));
#2625 = CARTESIAN_POINT('',(152.2,-60.34772459621));
#2626 = CARTESIAN_POINT('',(153.7,-61.21375));
#2627 = CARTESIAN_POINT('',(152.2,-62.07977540378));
#2628 = CARTESIAN_POINT('',(150.7,-62.94580080756));
#2629 = CARTESIAN_POINT('',(150.7,-61.21375));
#2630 = ( GEOMETRIC_REPRESENTATION_CONTEXT(2) 
PARAMETRIC_REPRESENTATION_CONTEXT() REPRESENTATION_CONTEXT('2D SPACE',''
  ) );
#2631 = PCURVE('',#2632,#2637);
#2632 = CYLINDRICAL_SURFACE('',#2633,1.);
#2633 = AXIS2_PLACEMENT_3D('',#2634,#2635,#2636);
#2634 = CARTESIAN_POINT('',(304.1,-118.3625,4.));
#2635 = DIRECTION('',(0.,0.,-1.));
#2636 = DIRECTION('',(-1.,0.,0.));
#2637 = DEFINITIONAL_REPRESENTATION('',(#2638),#2642);
#2638 = LINE('',#2639,#2640);
#2639 = CARTESIAN_POINT('',(0.,-10.));
#2640 = VECTOR('',#2641,1.);
#2641 = DIRECTION('',(1.,0.));
#2642 = ( GEOMETRIC_REPRESENTATION_CONTEXT(2) 
PARAMETRIC_REPRESENTATION_CONTEXT() REPRESENTATION_CONTEXT('2D SPACE',''
  ) );
#2643 = ORIENTED_EDGE('',*,*,#2644,.T.);
#2644 = EDGE_CURVE('',#2612,#2645,#2647,.T.);
#2645 = VERTEX_POINT('',#2646);
#2646 = CARTESIAN_POINT('',(0.7,-119.3625,14.));
#2647 = SURFACE_CURVE('',#2648,(#2652,#2658),.PCURVE_S1.);
#2648 = LINE('',#2649,#2650);
#2649 = CARTESIAN_POINT('',(76.55,-119.3625,14.));
#2650 = VECTOR('',#2651,1.);
#2651 = DIRECTION('',(-1.,0.,0.));
#2652 = PCURVE('',#262,#2653);
#2653 = DEFINITIONAL_REPRESENTATION('',(#2654),#2657);
#2654 = B_SPLINE_CURVE_WITH_KNOTS('',1,(#2655,#2656),.UNSPECIFIED.,.F.,
  .F.,(2,2),(-227.55,75.85),.PIECEWISE_BEZIER_KNOTS.);
#2655 = CARTESIAN_POINT('',(151.7,-62.21375));
#2656 = CARTESIAN_POINT('',(-151.7,-62.21375));
#2657 = ( GEOMETRIC_REPRESENTATION_CONTEXT(2) 
PARAMETRIC_REPRESENTATION_CONTEXT() REPRESENTATION_CONTEXT('2D SPACE',''
  ) );
#2658 = PCURVE('',#2659,#2664);
#2659 = PLANE('',#2660);
#2660 = AXIS2_PLACEMENT_3D('',#2661,#2662,#2663);
#2661 = CARTESIAN_POINT('',(0.7,-119.3625,4.));
#2662 = DIRECTION('',(0.,1.,0.));
#2663 = DIRECTION('',(1.,0.,0.));
#2664 = DEFINITIONAL_REPRESENTATION('',(#2665),#2668);
#2665 = B_SPLINE_CURVE_WITH_KNOTS('',1,(#2666,#2667),.UNSPECIFIED.,.F.,
  .F.,(2,2),(-227.55,75.85),.PIECEWISE_BEZIER_KNOTS.);
#2666 = CARTESIAN_POINT('',(303.4,-10.));
#2667 = CARTESIAN_POINT('',(0.,-10.));
#2668 = ( GEOMETRIC_REPRESENTATION_CONTEXT(2) 
PARAMETRIC_REPRESENTATION_CONTEXT() REPRESENTATION_CONTEXT('2D SPACE',''
  ) );
#2669 = ORIENTED_EDGE('',*,*,#2670,.T.);
#2670 = EDGE_CURVE('',#2645,#2468,#2671,.T.);
#2671 = SURFACE_CURVE('',#2672,(#2677,#2688),.PCURVE_S1.);
#2672 = CIRCLE('',#2673,1.);
#2673 = AXIS2_PLACEMENT_3D('',#2674,#2675,#2676);
#2674 = CARTESIAN_POINT('',(0.7,-118.3625,14.));
#2675 = DIRECTION('',(0.,0.,-1.));
#2676 = DIRECTION('',(-1.,0.,0.));
#2677 = PCURVE('',#262,#2678);
#2678 = DEFINITIONAL_REPRESENTATION('',(#2679),#2687);
#2679 = ( BOUNDED_CURVE() B_SPLINE_CURVE(2,(#2680,#2681,#2682,#2683,
#2684,#2685,#2686),.UNSPECIFIED.,.T.,.F.) B_SPLINE_CURVE_WITH_KNOTS((1,2
    ,2,2,2,1),(-2.094395102393,0.,2.094395102393,4.188790204786,
6.28318530718,8.377580409573),.UNSPECIFIED.) CURVE() 
GEOMETRIC_REPRESENTATION_ITEM() RATIONAL_B_SPLINE_CURVE((1.,0.5,1.,0.5,
1.,0.5,1.)) REPRESENTATION_ITEM('') );
#2680 = CARTESIAN_POINT('',(-152.7,-61.21375));
#2681 = CARTESIAN_POINT('',(-152.7,-59.48169919243));
#2682 = CARTESIAN_POINT('',(-151.2,-60.34772459621));
#2683 = CARTESIAN_POINT('',(-149.7,-61.21375));
#2684 = CARTESIAN_POINT('',(-151.2,-62.07977540378));
#2685 = CARTESIAN_POINT('',(-152.7,-62.94580080756));
#2686 = CARTESIAN_POINT('',(-152.7,-61.21375));
#2687 = ( GEOMETRIC_REPRESENTATION_CONTEXT(2) 
PARAMETRIC_REPRESENTATION_CONTEXT() REPRESENTATION_CONTEXT('2D SPACE',''
  ) );
#2688 = PCURVE('',#2689,#2694);
#2689 = CYLINDRICAL_SURFACE('',#2690,1.);
#2690 = AXIS2_PLACEMENT_3D('',#2691,#2692,#2693);
#2691 = CARTESIAN_POINT('',(0.7,-118.3625,4.));
#2692 = DIRECTION('',(0.,0.,-1.));
#2693 = DIRECTION('',(-1.,0.,0.));
#2694 = DEFINITIONAL_REPRESENTATION('',(#2695),#2699);
#2695 = LINE('',#2696,#2697);
#2696 = CARTESIAN_POINT('',(0.,-10.));
#2697 = VECTOR('',#2698,1.);
#2698 = DIRECTION('',(1.,0.));
#2699 = ( GEOMETRIC_REPRESENTATION_CONTEXT(2) 
PARAMETRIC_REPRESENTATION_CONTEXT() REPRESENTATION_CONTEXT('2D SPACE',''
  ) );
#2700 = FACE_BOUND('',#2701,.T.);
#2701 = EDGE_LOOP('',(#2702,#2730,#2763,#2789,#2822,#2848,#2881,#2907));
#2702 = ORIENTED_EDGE('',*,*,#2703,.F.);
#2703 = EDGE_CURVE('',#2704,#2706,#2708,.T.);
#2704 = VERTEX_POINT('',#2705);
#2705 = CARTESIAN_POINT('',(-0.3,-0.7,14.));
#2706 = VERTEX_POINT('',#2707);
#2707 = CARTESIAN_POINT('',(-0.3,-18.105,14.));
#2708 = SURFACE_CURVE('',#2709,(#2713,#2719),.PCURVE_S1.);
#2709 = LINE('',#2710,#2711);
#2710 = CARTESIAN_POINT('',(-0.3,-37.626875,14.));
#2711 = VECTOR('',#2712,1.);
#2712 = DIRECTION('',(0.,-1.,0.));
#2713 = PCURVE('',#262,#2714);
#2714 = DEFINITIONAL_REPRESENTATION('',(#2715),#2718);
#2715 = B_SPLINE_CURVE_WITH_KNOTS('',1,(#2716,#2717),.UNSPECIFIED.,.F.,
  .F.,(2,2),(-36.926875,-19.521875),.PIECEWISE_BEZIER_KNOTS.);
#2716 = CARTESIAN_POINT('',(-152.7,56.44875));
#2717 = CARTESIAN_POINT('',(-152.7,39.04375));
#2718 = ( GEOMETRIC_REPRESENTATION_CONTEXT(2) 
PARAMETRIC_REPRESENTATION_CONTEXT() REPRESENTATION_CONTEXT('2D SPACE',''
  ) );
#2719 = PCURVE('',#2720,#2725);
#2720 = PLANE('',#2721);
#2721 = AXIS2_PLACEMENT_3D('',#2722,#2723,#2724);
#2722 = CARTESIAN_POINT('',(-0.3,-18.105,4.));
#2723 = DIRECTION('',(-1.,0.,0.));
#2724 = DIRECTION('',(0.,1.,0.));
#2725 = DEFINITIONAL_REPRESENTATION('',(#2726),#2729);
#2726 = B_SPLINE_CURVE_WITH_KNOTS('',1,(#2727,#2728),.UNSPECIFIED.,.F.,
  .F.,(2,2),(-36.926875,-19.521875),.PIECEWISE_BEZIER_KNOTS.);
#2727 = CARTESIAN_POINT('',(17.405,-10.));
#2728 = CARTESIAN_POINT('',(0.,-10.));
#2729 = ( GEOMETRIC_REPRESENTATION_CONTEXT(2) 
PARAMETRIC_REPRESENTATION_CONTEXT() REPRESENTATION_CONTEXT('2D SPACE',''
  ) );
#2730 = ORIENTED_EDGE('',*,*,#2731,.T.);
#2731 = EDGE_CURVE('',#2704,#2732,#2734,.T.);
#2732 = VERTEX_POINT('',#2733);
#2733 = CARTESIAN_POINT('',(0.7,0.3,14.));
#2734 = SURFACE_CURVE('',#2735,(#2740,#2751),.PCURVE_S1.);
#2735 = CIRCLE('',#2736,1.);
#2736 = AXIS2_PLACEMENT_3D('',#2737,#2738,#2739);
#2737 = CARTESIAN_POINT('',(0.7,-0.7,14.));
#2738 = DIRECTION('',(0.,0.,-1.));
#2739 = DIRECTION('',(1.,0.,0.));
#2740 = PCURVE('',#262,#2741);
#2741 = DEFINITIONAL_REPRESENTATION('',(#2742),#2750);
#2742 = ( BOUNDED_CURVE() B_SPLINE_CURVE(2,(#2743,#2744,#2745,#2746,
#2747,#2748,#2749),.UNSPECIFIED.,.T.,.F.) B_SPLINE_CURVE_WITH_KNOTS((1,2
    ,2,2,2,1),(-2.094395102393,0.,2.094395102393,4.188790204786,
6.28318530718,8.377580409573),.UNSPECIFIED.) CURVE() 
GEOMETRIC_REPRESENTATION_ITEM() RATIONAL_B_SPLINE_CURVE((1.,0.5,1.,0.5,
1.,0.5,1.)) REPRESENTATION_ITEM('') );
#2743 = CARTESIAN_POINT('',(-150.7,56.44875));
#2744 = CARTESIAN_POINT('',(-150.7,54.716699192431));
#2745 = CARTESIAN_POINT('',(-152.2,55.582724596216));
#2746 = CARTESIAN_POINT('',(-153.7,56.44875));
#2747 = CARTESIAN_POINT('',(-152.2,57.314775403784));
#2748 = CARTESIAN_POINT('',(-150.7,58.180800807569));
#2749 = CARTESIAN_POINT('',(-150.7,56.44875));
#2750 = ( GEOMETRIC_REPRESENTATION_CONTEXT(2) 
PARAMETRIC_REPRESENTATION_CONTEXT() REPRESENTATION_CONTEXT('2D SPACE',''
  ) );
#2751 = PCURVE('',#2752,#2757);
#2752 = CYLINDRICAL_SURFACE('',#2753,1.);
#2753 = AXIS2_PLACEMENT_3D('',#2754,#2755,#2756);
#2754 = CARTESIAN_POINT('',(0.7,-0.7,4.));
#2755 = DIRECTION('',(-0.,-0.,-1.));
#2756 = DIRECTION('',(1.,0.,0.));
#2757 = DEFINITIONAL_REPRESENTATION('',(#2758),#2762);
#2758 = LINE('',#2759,#2760);
#2759 = CARTESIAN_POINT('',(-6.28318530718,-10.));
#2760 = VECTOR('',#2761,1.);
#2761 = DIRECTION('',(1.,-0.));
#2762 = ( GEOMETRIC_REPRESENTATION_CONTEXT(2) 
PARAMETRIC_REPRESENTATION_CONTEXT() REPRESENTATION_CONTEXT('2D SPACE',''
  ) );
#2763 = ORIENTED_EDGE('',*,*,#2764,.F.);
#2764 = EDGE_CURVE('',#2765,#2732,#2767,.T.);
#2765 = VERTEX_POINT('',#2766);
#2766 = CARTESIAN_POINT('',(304.1,0.3,14.));
#2767 = SURFACE_CURVE('',#2768,(#2772,#2778),.PCURVE_S1.);
#2768 = LINE('',#2769,#2770);
#2769 = CARTESIAN_POINT('',(76.55,0.3,14.));
#2770 = VECTOR('',#2771,1.);
#2771 = DIRECTION('',(-1.,0.,0.));
#2772 = PCURVE('',#262,#2773);
#2773 = DEFINITIONAL_REPRESENTATION('',(#2774),#2777);
#2774 = B_SPLINE_CURVE_WITH_KNOTS('',1,(#2775,#2776),.UNSPECIFIED.,.F.,
  .F.,(2,2),(-227.55,75.85),.PIECEWISE_BEZIER_KNOTS.);
#2775 = CARTESIAN_POINT('',(151.7,57.44875));
#2776 = CARTESIAN_POINT('',(-151.7,57.44875));
#2777 = ( GEOMETRIC_REPRESENTATION_CONTEXT(2) 
PARAMETRIC_REPRESENTATION_CONTEXT() REPRESENTATION_CONTEXT('2D SPACE',''
  ) );
#2778 = PCURVE('',#2779,#2784);
#2779 = PLANE('',#2780);
#2780 = AXIS2_PLACEMENT_3D('',#2781,#2782,#2783);
#2781 = CARTESIAN_POINT('',(0.7,0.3,4.));
#2782 = DIRECTION('',(0.,1.,0.));
#2783 = DIRECTION('',(1.,0.,0.));
#2784 = DEFINITIONAL_REPRESENTATION('',(#2785),#2788);
#2785 = B_SPLINE_CURVE_WITH_KNOTS('',1,(#2786,#2787),.UNSPECIFIED.,.F.,
  .F.,(2,2),(-227.55,75.85),.PIECEWISE_BEZIER_KNOTS.);
#2786 = CARTESIAN_POINT('',(303.4,-10.));
#2787 = CARTESIAN_POINT('',(0.,-10.));
#2788 = ( GEOMETRIC_REPRESENTATION_CONTEXT(2) 
PARAMETRIC_REPRESENTATION_CONTEXT() REPRESENTATION_CONTEXT('2D SPACE',''
  ) );
#2789 = ORIENTED_EDGE('',*,*,#2790,.T.);
#2790 = EDGE_CURVE('',#2765,#2791,#2793,.T.);
#2791 = VERTEX_POINT('',#2792);
#2792 = CARTESIAN_POINT('',(305.1,-0.7,14.));
#2793 = SURFACE_CURVE('',#2794,(#2799,#2810),.PCURVE_S1.);
#2794 = CIRCLE('',#2795,1.);
#2795 = AXIS2_PLACEMENT_3D('',#2796,#2797,#2798);
#2796 = CARTESIAN_POINT('',(304.1,-0.7,14.));
#2797 = DIRECTION('',(0.,0.,-1.));
#2798 = DIRECTION('',(1.,0.,0.));
#2799 = PCURVE('',#262,#2800);
#2800 = DEFINITIONAL_REPRESENTATION('',(#2801),#2809);
#2801 = ( BOUNDED_CURVE() B_SPLINE_CURVE(2,(#2802,#2803,#2804,#2805,
#2806,#2807,#2808),.UNSPECIFIED.,.T.,.F.) B_SPLINE_CURVE_WITH_KNOTS((1,2
    ,2,2,2,1),(-2.094395102393,0.,2.094395102393,4.188790204786,
6.28318530718,8.377580409573),.UNSPECIFIED.) CURVE() 
GEOMETRIC_REPRESENTATION_ITEM() RATIONAL_B_SPLINE_CURVE((1.,0.5,1.,0.5,
1.,0.5,1.)) REPRESENTATION_ITEM('') );
#2802 = CARTESIAN_POINT('',(152.7,56.44875));
#2803 = CARTESIAN_POINT('',(152.7,54.716699192431));
#2804 = CARTESIAN_POINT('',(151.2,55.582724596216));
#2805 = CARTESIAN_POINT('',(149.7,56.44875));
#2806 = CARTESIAN_POINT('',(151.2,57.314775403784));
#2807 = CARTESIAN_POINT('',(152.7,58.180800807569));
#2808 = CARTESIAN_POINT('',(152.7,56.44875));
#2809 = ( GEOMETRIC_REPRESENTATION_CONTEXT(2) 
PARAMETRIC_REPRESENTATION_CONTEXT() REPRESENTATION_CONTEXT('2D SPACE',''
  ) );
#2810 = PCURVE('',#2811,#2816);
#2811 = CYLINDRICAL_SURFACE('',#2812,1.);
#2812 = AXIS2_PLACEMENT_3D('',#2813,#2814,#2815);
#2813 = CARTESIAN_POINT('',(304.1,-0.7,4.));
#2814 = DIRECTION('',(-0.,-0.,-1.));
#2815 = DIRECTION('',(1.,0.,0.));
#2816 = DEFINITIONAL_REPRESENTATION('',(#2817),#2821);
#2817 = LINE('',#2818,#2819);
#2818 = CARTESIAN_POINT('',(-6.28318530718,-10.));
#2819 = VECTOR('',#2820,1.);
#2820 = DIRECTION('',(1.,-0.));
#2821 = ( GEOMETRIC_REPRESENTATION_CONTEXT(2) 
PARAMETRIC_REPRESENTATION_CONTEXT() REPRESENTATION_CONTEXT('2D SPACE',''
  ) );
#2822 = ORIENTED_EDGE('',*,*,#2823,.T.);
#2823 = EDGE_CURVE('',#2791,#2824,#2826,.T.);
#2824 = VERTEX_POINT('',#2825);
#2825 = CARTESIAN_POINT('',(305.1,-18.105,14.));
#2826 = SURFACE_CURVE('',#2827,(#2831,#2837),.PCURVE_S1.);
#2827 = LINE('',#2828,#2829);
#2828 = CARTESIAN_POINT('',(305.1,-37.626875,14.));
#2829 = VECTOR('',#2830,1.);
#2830 = DIRECTION('',(0.,-1.,0.));
#2831 = PCURVE('',#262,#2832);
#2832 = DEFINITIONAL_REPRESENTATION('',(#2833),#2836);
#2833 = B_SPLINE_CURVE_WITH_KNOTS('',1,(#2834,#2835),.UNSPECIFIED.,.F.,
  .F.,(2,2),(-36.926875,-19.521875),.PIECEWISE_BEZIER_KNOTS.);
#2834 = CARTESIAN_POINT('',(152.7,56.44875));
#2835 = CARTESIAN_POINT('',(152.7,39.04375));
#2836 = ( GEOMETRIC_REPRESENTATION_CONTEXT(2) 
PARAMETRIC_REPRESENTATION_CONTEXT() REPRESENTATION_CONTEXT('2D SPACE',''
  ) );
#2837 = PCURVE('',#2838,#2843);
#2838 = PLANE('',#2839);
#2839 = AXIS2_PLACEMENT_3D('',#2840,#2841,#2842);
#2840 = CARTESIAN_POINT('',(305.1,-18.105,4.));
#2841 = DIRECTION('',(-1.,0.,0.));
#2842 = DIRECTION('',(0.,1.,0.));
#2843 = DEFINITIONAL_REPRESENTATION('',(#2844),#2847);
#2844 = B_SPLINE_CURVE_WITH_KNOTS('',1,(#2845,#2846),.UNSPECIFIED.,.F.,
  .F.,(2,2),(-36.926875,-19.521875),.PIECEWISE_BEZIER_KNOTS.);
#2845 = CARTESIAN_POINT('',(17.405,-10.));
#2846 = CARTESIAN_POINT('',(0.,-10.));
#2847 = ( GEOMETRIC_REPRESENTATION_CONTEXT(2) 
PARAMETRIC_REPRESENTATION_CONTEXT() REPRESENTATION_CONTEXT('2D SPACE',''
  ) );
#2848 = ORIENTED_EDGE('',*,*,#2849,.T.);
#2849 = EDGE_CURVE('',#2824,#2850,#2852,.T.);
#2850 = VERTEX_POINT('',#2851);
#2851 = CARTESIAN_POINT('',(304.1,-19.105,14.));
#2852 = SURFACE_CURVE('',#2853,(#2858,#2869),.PCURVE_S1.);
#2853 = CIRCLE('',#2854,1.);
#2854 = AXIS2_PLACEMENT_3D('',#2855,#2856,#2857);
#2855 = CARTESIAN_POINT('',(304.1,-18.105,14.));
#2856 = DIRECTION('',(0.,0.,-1.));
#2857 = DIRECTION('',(1.,0.,0.));
#2858 = PCURVE('',#262,#2859);
#2859 = DEFINITIONAL_REPRESENTATION('',(#2860),#2868);
#2860 = ( BOUNDED_CURVE() B_SPLINE_CURVE(2,(#2861,#2862,#2863,#2864,
#2865,#2866,#2867),.UNSPECIFIED.,.T.,.F.) B_SPLINE_CURVE_WITH_KNOTS((1,2
    ,2,2,2,1),(-2.094395102393,0.,2.094395102393,4.188790204786,
6.28318530718,8.377580409573),.UNSPECIFIED.) CURVE() 
GEOMETRIC_REPRESENTATION_ITEM() RATIONAL_B_SPLINE_CURVE((1.,0.5,1.,0.5,
1.,0.5,1.)) REPRESENTATION_ITEM('') );
#2861 = CARTESIAN_POINT('',(152.7,39.04375));
#2862 = CARTESIAN_POINT('',(152.7,37.311699192431));
#2863 = CARTESIAN_POINT('',(151.2,38.177724596216));
#2864 = CARTESIAN_POINT('',(149.7,39.04375));
#2865 = CARTESIAN_POINT('',(151.2,39.909775403784));
#2866 = CARTESIAN_POINT('',(152.7,40.775800807569));
#2867 = CARTESIAN_POINT('',(152.7,39.04375));
#2868 = ( GEOMETRIC_REPRESENTATION_CONTEXT(2) 
PARAMETRIC_REPRESENTATION_CONTEXT() REPRESENTATION_CONTEXT('2D SPACE',''
  ) );
#2869 = PCURVE('',#2870,#2875);
#2870 = CYLINDRICAL_SURFACE('',#2871,1.);
#2871 = AXIS2_PLACEMENT_3D('',#2872,#2873,#2874);
#2872 = CARTESIAN_POINT('',(304.1,-18.105,4.));
#2873 = DIRECTION('',(-0.,-0.,-1.));
#2874 = DIRECTION('',(1.,0.,0.));
#2875 = DEFINITIONAL_REPRESENTATION('',(#2876),#2880);
#2876 = LINE('',#2877,#2878);
#2877 = CARTESIAN_POINT('',(-6.28318530718,-10.));
#2878 = VECTOR('',#2879,1.);
#2879 = DIRECTION('',(1.,-0.));
#2880 = ( GEOMETRIC_REPRESENTATION_CONTEXT(2) 
PARAMETRIC_REPRESENTATION_CONTEXT() REPRESENTATION_CONTEXT('2D SPACE',''
  ) );
#2881 = ORIENTED_EDGE('',*,*,#2882,.T.);
#2882 = EDGE_CURVE('',#2850,#2883,#2885,.T.);
#2883 = VERTEX_POINT('',#2884);
#2884 = CARTESIAN_POINT('',(0.7,-19.105,14.));
#2885 = SURFACE_CURVE('',#2886,(#2890,#2896),.PCURVE_S1.);
#2886 = LINE('',#2887,#2888);
#2887 = CARTESIAN_POINT('',(76.55,-19.105,14.));
#2888 = VECTOR('',#2889,1.);
#2889 = DIRECTION('',(-1.,0.,0.));
#2890 = PCURVE('',#262,#2891);
#2891 = DEFINITIONAL_REPRESENTATION('',(#2892),#2895);
#2892 = B_SPLINE_CURVE_WITH_KNOTS('',1,(#2893,#2894),.UNSPECIFIED.,.F.,
  .F.,(2,2),(-227.55,75.85),.PIECEWISE_BEZIER_KNOTS.);
#2893 = CARTESIAN_POINT('',(151.7,38.04375));
#2894 = CARTESIAN_POINT('',(-151.7,38.04375));
#2895 = ( GEOMETRIC_REPRESENTATION_CONTEXT(2) 
PARAMETRIC_REPRESENTATION_CONTEXT() REPRESENTATION_CONTEXT('2D SPACE',''
  ) );
#2896 = PCURVE('',#2897,#2902);
#2897 = PLANE('',#2898);
#2898 = AXIS2_PLACEMENT_3D('',#2899,#2900,#2901);
#2899 = CARTESIAN_POINT('',(0.7,-19.105,4.));
#2900 = DIRECTION('',(0.,1.,0.));
#2901 = DIRECTION('',(1.,0.,0.));
#2902 = DEFINITIONAL_REPRESENTATION('',(#2903),#2906);
#2903 = B_SPLINE_CURVE_WITH_KNOTS('',1,(#2904,#2905),.UNSPECIFIED.,.F.,
  .F.,(2,2),(-227.55,75.85),.PIECEWISE_BEZIER_KNOTS.);
#2904 = CARTESIAN_POINT('',(303.4,-10.));
#2905 = CARTESIAN_POINT('',(0.,-10.));
#2906 = ( GEOMETRIC_REPRESENTATION_CONTEXT(2) 
PARAMETRIC_REPRESENTATION_CONTEXT() REPRESENTATION_CONTEXT('2D SPACE',''
  ) );
#2907 = ORIENTED_EDGE('',*,*,#2908,.T.);
#2908 = EDGE_CURVE('',#2883,#2706,#2909,.T.);
#2909 = SURFACE_CURVE('',#2910,(#2915,#2926),.PCURVE_S1.);
#2910 = CIRCLE('',#2911,1.);
#2911 = AXIS2_PLACEMENT_3D('',#2912,#2913,#2914);
#2912 = CARTESIAN_POINT('',(0.7,-18.105,14.));
#2913 = DIRECTION('',(0.,0.,-1.));
#2914 = DIRECTION('',(1.,0.,0.));
#2915 = PCURVE('',#262,#2916);
#2916 = DEFINITIONAL_REPRESENTATION('',(#2917),#2925);
#2917 = ( BOUNDED_CURVE() B_SPLINE_CURVE(2,(#2918,#2919,#2920,#2921,
#2922,#2923,#2924),.UNSPECIFIED.,.T.,.F.) B_SPLINE_CURVE_WITH_KNOTS((1,2
    ,2,2,2,1),(-2.094395102393,0.,2.094395102393,4.188790204786,
6.28318530718,8.377580409573),.UNSPECIFIED.) CURVE() 
GEOMETRIC_REPRESENTATION_ITEM() RATIONAL_B_SPLINE_CURVE((1.,0.5,1.,0.5,
1.,0.5,1.)) REPRESENTATION_ITEM('') );
#2918 = CARTESIAN_POINT('',(-150.7,39.04375));
#2919 = CARTESIAN_POINT('',(-150.7,37.311699192431));
#2920 = CARTESIAN_POINT('',(-152.2,38.177724596216));
#2921 = CARTESIAN_POINT('',(-153.7,39.04375));
#2922 = CARTESIAN_POINT('',(-152.2,39.909775403784));
#2923 = CARTESIAN_POINT('',(-150.7,40.775800807569));
#2924 = CARTESIAN_POINT('',(-150.7,39.04375));
#2925 = ( GEOMETRIC_REPRESENTATION_CONTEXT(2) 
PARAMETRIC_REPRESENTATION_CONTEXT() REPRESENTATION_CONTEXT('2D SPACE',''
  ) );
#2926 = PCURVE('',#2927,#2932);
#2927 = CYLINDRICAL_SURFACE('',#2928,1.);
#2928 = AXIS2_PLACEMENT_3D('',#2929,#2930,#2931);
#2929 = CARTESIAN_POINT('',(0.7,-18.105,4.));
#2930 = DIRECTION('',(-0.,-0.,-1.));
#2931 = DIRECTION('',(1.,0.,0.));
#2932 = DEFINITIONAL_REPRESENTATION('',(#2933),#2937);
#2933 = LINE('',#2934,#2935);
#2934 = CARTESIAN_POINT('',(-6.28318530718,-10.));
#2935 = VECTOR('',#2936,1.);
#2936 = DIRECTION('',(1.,-0.));
#2937 = ( GEOMETRIC_REPRESENTATION_CONTEXT(2) 
PARAMETRIC_REPRESENTATION_CONTEXT() REPRESENTATION_CONTEXT('2D SPACE',''
  ) );
#2938 = ADVANCED_FACE('',(#2939),#288,.T.);
#2939 = FACE_BOUND('',#2940,.F.);
#2940 = EDGE_LOOP('',(#2941,#2942,#2943,#2963));
#2941 = ORIENTED_EDGE('',*,*,#274,.F.);
#2942 = ORIENTED_EDGE('',*,*,#2156,.T.);
#2943 = ORIENTED_EDGE('',*,*,#2944,.T.);
#2944 = EDGE_CURVE('',#2134,#2410,#2945,.T.);
#2945 = SURFACE_CURVE('',#2946,(#2951,#2957),.PCURVE_S1.);
#2946 = CIRCLE('',#2947,1.5);
#2947 = AXIS2_PLACEMENT_3D('',#2948,#2949,#2950);
#2948 = CARTESIAN_POINT('',(-3.5,13.245,12.5));
#2949 = DIRECTION('',(1.,6.123233995737E-17,-0.));
#2950 = DIRECTION('',(-6.123233995737E-17,1.,0.));
#2951 = PCURVE('',#288,#2952);
#2952 = DEFINITIONAL_REPRESENTATION('',(#2953),#2956);
#2953 = B_SPLINE_CURVE_WITH_KNOTS('',1,(#2954,#2955),.UNSPECIFIED.,.F.,
  .F.,(2,2),(0.,1.570796326795),.PIECEWISE_BEZIER_KNOTS.);
#2954 = CARTESIAN_POINT('',(-1.570796326795,0.));
#2955 = CARTESIAN_POINT('',(-1.570796326795,1.570796326795));
#2956 = ( GEOMETRIC_REPRESENTATION_CONTEXT(2) 
PARAMETRIC_REPRESENTATION_CONTEXT() REPRESENTATION_CONTEXT('2D SPACE',''
  ) );
#2957 = PCURVE('',#2425,#2958);
#2958 = DEFINITIONAL_REPRESENTATION('',(#2959),#2962);
#2959 = B_SPLINE_CURVE_WITH_KNOTS('',1,(#2960,#2961),.UNSPECIFIED.,.F.,
  .F.,(2,2),(0.,1.570796326795),.PIECEWISE_BEZIER_KNOTS.);
#2960 = CARTESIAN_POINT('',(0.,0.));
#2961 = CARTESIAN_POINT('',(1.570796326795,0.));
#2962 = ( GEOMETRIC_REPRESENTATION_CONTEXT(2) 
PARAMETRIC_REPRESENTATION_CONTEXT() REPRESENTATION_CONTEXT('2D SPACE',''
  ) );
#2963 = ORIENTED_EDGE('',*,*,#2437,.F.);
#2964 = ADVANCED_FACE('',(#2965),#430,.T.);
#2965 = FACE_BOUND('',#2966,.T.);
#2966 = EDGE_LOOP('',(#2967,#2968,#2991,#3012));
#2967 = ORIENTED_EDGE('',*,*,#2133,.T.);
#2968 = ORIENTED_EDGE('',*,*,#2969,.T.);
#2969 = EDGE_CURVE('',#2134,#2970,#2972,.T.);
#2970 = VERTEX_POINT('',#2971);
#2971 = CARTESIAN_POINT('',(308.3,14.745,12.5));
#2972 = SURFACE_CURVE('',#2973,(#2977,#2984),.PCURVE_S1.);
#2973 = LINE('',#2974,#2975);
#2974 = CARTESIAN_POINT('',(-3.5,14.745,12.5));
#2975 = VECTOR('',#2976,1.);
#2976 = DIRECTION('',(1.,0.,0.));
#2977 = PCURVE('',#430,#2978);
#2978 = DEFINITIONAL_REPRESENTATION('',(#2979),#2983);
#2979 = LINE('',#2980,#2981);
#2980 = CARTESIAN_POINT('',(0.,-7.5));
#2981 = VECTOR('',#2982,1.);
#2982 = DIRECTION('',(1.,0.));
#2983 = ( GEOMETRIC_REPRESENTATION_CONTEXT(2) 
PARAMETRIC_REPRESENTATION_CONTEXT() REPRESENTATION_CONTEXT('2D SPACE',''
  ) );
#2984 = PCURVE('',#2425,#2985);
#2985 = DEFINITIONAL_REPRESENTATION('',(#2986),#2990);
#2986 = LINE('',#2987,#2988);
#2987 = CARTESIAN_POINT('',(0.,0.));
#2988 = VECTOR('',#2989,1.);
#2989 = DIRECTION('',(0.,1.));
#2990 = ( GEOMETRIC_REPRESENTATION_CONTEXT(2) 
PARAMETRIC_REPRESENTATION_CONTEXT() REPRESENTATION_CONTEXT('2D SPACE',''
  ) );
#2991 = ORIENTED_EDGE('',*,*,#2992,.F.);
#2992 = EDGE_CURVE('',#386,#2970,#2993,.T.);
#2993 = SURFACE_CURVE('',#2994,(#2998,#3005),.PCURVE_S1.);
#2994 = LINE('',#2995,#2996);
#2995 = CARTESIAN_POINT('',(308.3,14.745,5.));
#2996 = VECTOR('',#2997,1.);
#2997 = DIRECTION('',(0.,0.,1.));
#2998 = PCURVE('',#430,#2999);
#2999 = DEFINITIONAL_REPRESENTATION('',(#3000),#3004);
#3000 = LINE('',#3001,#3002);
#3001 = CARTESIAN_POINT('',(311.8,0.));
#3002 = VECTOR('',#3003,1.);
#3003 = DIRECTION('',(0.,-1.));
#3004 = ( GEOMETRIC_REPRESENTATION_CONTEXT(2) 
PARAMETRIC_REPRESENTATION_CONTEXT() REPRESENTATION_CONTEXT('2D SPACE',''
  ) );
#3005 = PCURVE('',#402,#3006);
#3006 = DEFINITIONAL_REPRESENTATION('',(#3007),#3011);
#3007 = LINE('',#3008,#3009);
#3008 = CARTESIAN_POINT('',(-1.570796326795,0.));
#3009 = VECTOR('',#3010,1.);
#3010 = DIRECTION('',(-0.,-1.));
#3011 = ( GEOMETRIC_REPRESENTATION_CONTEXT(2) 
PARAMETRIC_REPRESENTATION_CONTEXT() REPRESENTATION_CONTEXT('2D SPACE',''
  ) );
#3012 = ORIENTED_EDGE('',*,*,#414,.F.);
#3013 = ADVANCED_FACE('',(#3014),#345,.T.);
#3014 = FACE_BOUND('',#3015,.F.);
#3015 = EDGE_LOOP('',(#3016,#3017,#3041,#3062));
#3016 = ORIENTED_EDGE('',*,*,#2265,.T.);
#3017 = ORIENTED_EDGE('',*,*,#3018,.F.);
#3018 = EDGE_CURVE('',#3019,#2243,#3021,.T.);
#3019 = VERTEX_POINT('',#3020);
#3020 = CARTESIAN_POINT('',(312.3,-125.0425,12.5));
#3021 = SURFACE_CURVE('',#3022,(#3027,#3034),.PCURVE_S1.);
#3022 = CIRCLE('',#3023,4.);
#3023 = AXIS2_PLACEMENT_3D('',#3024,#3025,#3026);
#3024 = CARTESIAN_POINT('',(308.3,-125.0425,12.5));
#3025 = DIRECTION('',(0.,-0.,-1.));
#3026 = DIRECTION('',(1.,0.,-0.));
#3027 = PCURVE('',#345,#3028);
#3028 = DEFINITIONAL_REPRESENTATION('',(#3029),#3033);
#3029 = LINE('',#3030,#3031);
#3030 = CARTESIAN_POINT('',(-6.28318530718,-7.5));
#3031 = VECTOR('',#3032,1.);
#3032 = DIRECTION('',(1.,-0.));
#3033 = ( GEOMETRIC_REPRESENTATION_CONTEXT(2) 
PARAMETRIC_REPRESENTATION_CONTEXT() REPRESENTATION_CONTEXT('2D SPACE',''
  ) );
#3034 = PCURVE('',#2336,#3035);
#3035 = DEFINITIONAL_REPRESENTATION('',(#3036),#3040);
#3036 = LINE('',#3037,#3038);
#3037 = CARTESIAN_POINT('',(-0.,0.));
#3038 = VECTOR('',#3039,1.);
#3039 = DIRECTION('',(-1.,0.));
#3040 = ( GEOMETRIC_REPRESENTATION_CONTEXT(2) 
PARAMETRIC_REPRESENTATION_CONTEXT() REPRESENTATION_CONTEXT('2D SPACE',''
  ) );
#3041 = ORIENTED_EDGE('',*,*,#3042,.F.);
#3042 = EDGE_CURVE('',#329,#3019,#3043,.T.);
#3043 = SURFACE_CURVE('',#3044,(#3048,#3055),.PCURVE_S1.);
#3044 = LINE('',#3045,#3046);
#3045 = CARTESIAN_POINT('',(312.3,-125.0425,5.));
#3046 = VECTOR('',#3047,1.);
#3047 = DIRECTION('',(0.,0.,1.));
#3048 = PCURVE('',#345,#3049);
#3049 = DEFINITIONAL_REPRESENTATION('',(#3050),#3054);
#3050 = LINE('',#3051,#3052);
#3051 = CARTESIAN_POINT('',(-6.28318530718,0.));
#3052 = VECTOR('',#3053,1.);
#3053 = DIRECTION('',(-0.,-1.));
#3054 = ( GEOMETRIC_REPRESENTATION_CONTEXT(2) 
PARAMETRIC_REPRESENTATION_CONTEXT() REPRESENTATION_CONTEXT('2D SPACE',''
  ) );
#3055 = PCURVE('',#373,#3056);
#3056 = DEFINITIONAL_REPRESENTATION('',(#3057),#3061);
#3057 = LINE('',#3058,#3059);
#3058 = CARTESIAN_POINT('',(0.,0.));
#3059 = VECTOR('',#3060,1.);
#3060 = DIRECTION('',(0.,-1.));
#3061 = ( GEOMETRIC_REPRESENTATION_CONTEXT(2) 
PARAMETRIC_REPRESENTATION_CONTEXT() REPRESENTATION_CONTEXT('2D SPACE',''
  ) );
#3062 = ORIENTED_EDGE('',*,*,#328,.F.);
#3063 = ADVANCED_FACE('',(#3064),#402,.T.);
#3064 = FACE_BOUND('',#3065,.F.);
#3065 = EDGE_LOOP('',(#3066,#3089,#3111,#3112));
#3066 = ORIENTED_EDGE('',*,*,#3067,.T.);
#3067 = EDGE_CURVE('',#358,#3068,#3070,.T.);
#3068 = VERTEX_POINT('',#3069);
#3069 = CARTESIAN_POINT('',(312.3,10.745,12.5));
#3070 = SURFACE_CURVE('',#3071,(#3075,#3082),.PCURVE_S1.);
#3071 = LINE('',#3072,#3073);
#3072 = CARTESIAN_POINT('',(312.3,10.745,5.));
#3073 = VECTOR('',#3074,1.);
#3074 = DIRECTION('',(0.,0.,1.));
#3075 = PCURVE('',#402,#3076);
#3076 = DEFINITIONAL_REPRESENTATION('',(#3077),#3081);
#3077 = LINE('',#3078,#3079);
#3078 = CARTESIAN_POINT('',(-0.,0.));
#3079 = VECTOR('',#3080,1.);
#3080 = DIRECTION('',(-0.,-1.));
#3081 = ( GEOMETRIC_REPRESENTATION_CONTEXT(2) 
PARAMETRIC_REPRESENTATION_CONTEXT() REPRESENTATION_CONTEXT('2D SPACE',''
  ) );
#3082 = PCURVE('',#373,#3083);
#3083 = DEFINITIONAL_REPRESENTATION('',(#3084),#3088);
#3084 = LINE('',#3085,#3086);
#3085 = CARTESIAN_POINT('',(135.7875,0.));
#3086 = VECTOR('',#3087,1.);
#3087 = DIRECTION('',(0.,-1.));
#3088 = ( GEOMETRIC_REPRESENTATION_CONTEXT(2) 
PARAMETRIC_REPRESENTATION_CONTEXT() REPRESENTATION_CONTEXT('2D SPACE',''
  ) );
#3089 = ORIENTED_EDGE('',*,*,#3090,.F.);
#3090 = EDGE_CURVE('',#2970,#3068,#3091,.T.);
#3091 = SURFACE_CURVE('',#3092,(#3097,#3104),.PCURVE_S1.);
#3092 = CIRCLE('',#3093,4.);
#3093 = AXIS2_PLACEMENT_3D('',#3094,#3095,#3096);
#3094 = CARTESIAN_POINT('',(308.3,10.745,12.5));
#3095 = DIRECTION('',(0.,-0.,-1.));
#3096 = DIRECTION('',(0.,1.,-0.));
#3097 = PCURVE('',#402,#3098);
#3098 = DEFINITIONAL_REPRESENTATION('',(#3099),#3103);
#3099 = LINE('',#3100,#3101);
#3100 = CARTESIAN_POINT('',(-1.570796326795,-7.5));
#3101 = VECTOR('',#3102,1.);
#3102 = DIRECTION('',(1.,-0.));
#3103 = ( GEOMETRIC_REPRESENTATION_CONTEXT(2) 
PARAMETRIC_REPRESENTATION_CONTEXT() REPRESENTATION_CONTEXT('2D SPACE',''
  ) );
#3104 = PCURVE('',#2397,#3105);
#3105 = DEFINITIONAL_REPRESENTATION('',(#3106),#3110);
#3106 = LINE('',#3107,#3108);
#3107 = CARTESIAN_POINT('',(-0.,0.));
#3108 = VECTOR('',#3109,1.);
#3109 = DIRECTION('',(-1.,0.));
#3110 = ( GEOMETRIC_REPRESENTATION_CONTEXT(2) 
PARAMETRIC_REPRESENTATION_CONTEXT() REPRESENTATION_CONTEXT('2D SPACE',''
  ) );
#3111 = ORIENTED_EDGE('',*,*,#2992,.F.);
#3112 = ORIENTED_EDGE('',*,*,#385,.F.);
#3113 = ADVANCED_FACE('',(#3114),#373,.F.);
#3114 = FACE_BOUND('',#3115,.F.);
#3115 = EDGE_LOOP('',(#3116,#3117,#3138,#3139));
#3116 = ORIENTED_EDGE('',*,*,#3042,.T.);
#3117 = ORIENTED_EDGE('',*,*,#3118,.F.);
#3118 = EDGE_CURVE('',#3068,#3019,#3119,.T.);
#3119 = SURFACE_CURVE('',#3120,(#3124,#3131),.PCURVE_S1.);
#3120 = LINE('',#3121,#3122);
#3121 = CARTESIAN_POINT('',(312.3,10.745,12.5));
#3122 = VECTOR('',#3123,1.);
#3123 = DIRECTION('',(-0.,-1.,-0.));
#3124 = PCURVE('',#373,#3125);
#3125 = DEFINITIONAL_REPRESENTATION('',(#3126),#3130);
#3126 = LINE('',#3127,#3128);
#3127 = CARTESIAN_POINT('',(135.7875,-7.5));
#3128 = VECTOR('',#3129,1.);
#3129 = DIRECTION('',(-1.,0.));
#3130 = ( GEOMETRIC_REPRESENTATION_CONTEXT(2) 
PARAMETRIC_REPRESENTATION_CONTEXT() REPRESENTATION_CONTEXT('2D SPACE',''
  ) );
#3131 = PCURVE('',#2364,#3132);
#3132 = DEFINITIONAL_REPRESENTATION('',(#3133),#3137);
#3133 = LINE('',#3134,#3135);
#3134 = CARTESIAN_POINT('',(0.,0.));
#3135 = VECTOR('',#3136,1.);
#3136 = DIRECTION('',(0.,1.));
#3137 = ( GEOMETRIC_REPRESENTATION_CONTEXT(2) 
PARAMETRIC_REPRESENTATION_CONTEXT() REPRESENTATION_CONTEXT('2D SPACE',''
  ) );
#3138 = ORIENTED_EDGE('',*,*,#3067,.F.);
#3139 = ORIENTED_EDGE('',*,*,#357,.F.);
#3140 = ADVANCED_FACE('',(#3141),#483,.F.);
#3141 = FACE_BOUND('',#3142,.T.);
#3142 = EDGE_LOOP('',(#3143,#3166,#3193,#3194));
#3143 = ORIENTED_EDGE('',*,*,#3144,.T.);
#3144 = EDGE_CURVE('',#467,#3145,#3147,.T.);
#3145 = VERTEX_POINT('',#3146);
#3146 = CARTESIAN_POINT('',(12.55,-125.4425,7.1));
#3147 = SEAM_CURVE('',#3148,(#3152,#3159),.PCURVE_S1.);
#3148 = LINE('',#3149,#3150);
#3149 = CARTESIAN_POINT('',(12.55,-125.4425,5.));
#3150 = VECTOR('',#3151,1.);
#3151 = DIRECTION('',(0.,0.,1.));
#3152 = PCURVE('',#483,#3153);
#3153 = DEFINITIONAL_REPRESENTATION('',(#3154),#3158);
#3154 = LINE('',#3155,#3156);
#3155 = CARTESIAN_POINT('',(-0.,0.));
#3156 = VECTOR('',#3157,1.);
#3157 = DIRECTION('',(-0.,-1.));
#3158 = ( GEOMETRIC_REPRESENTATION_CONTEXT(2) 
PARAMETRIC_REPRESENTATION_CONTEXT() REPRESENTATION_CONTEXT('2D SPACE',''
  ) );
#3159 = PCURVE('',#483,#3160);
#3160 = DEFINITIONAL_REPRESENTATION('',(#3161),#3165);
#3161 = LINE('',#3162,#3163);
#3162 = CARTESIAN_POINT('',(-6.28318530718,0.));
#3163 = VECTOR('',#3164,1.);
#3164 = DIRECTION('',(-0.,-1.));
#3165 = ( GEOMETRIC_REPRESENTATION_CONTEXT(2) 
PARAMETRIC_REPRESENTATION_CONTEXT() REPRESENTATION_CONTEXT('2D SPACE',''
  ) );
#3166 = ORIENTED_EDGE('',*,*,#3167,.T.);
#3167 = EDGE_CURVE('',#3145,#3145,#3168,.T.);
#3168 = SURFACE_CURVE('',#3169,(#3174,#3181),.PCURVE_S1.);
#3169 = CIRCLE('',#3170,2.55);
#3170 = AXIS2_PLACEMENT_3D('',#3171,#3172,#3173);
#3171 = CARTESIAN_POINT('',(10.,-125.4425,7.1));
#3172 = DIRECTION('',(0.,0.,1.));
#3173 = DIRECTION('',(1.,0.,-0.));
#3174 = PCURVE('',#483,#3175);
#3175 = DEFINITIONAL_REPRESENTATION('',(#3176),#3180);
#3176 = LINE('',#3177,#3178);
#3177 = CARTESIAN_POINT('',(-0.,-2.1));
#3178 = VECTOR('',#3179,1.);
#3179 = DIRECTION('',(-1.,0.));
#3180 = ( GEOMETRIC_REPRESENTATION_CONTEXT(2) 
PARAMETRIC_REPRESENTATION_CONTEXT() REPRESENTATION_CONTEXT('2D SPACE',''
  ) );
#3181 = PCURVE('',#3182,#3187);
#3182 = PLANE('',#3183);
#3183 = AXIS2_PLACEMENT_3D('',#3184,#3185,#3186);
#3184 = CARTESIAN_POINT('',(10.,-125.4425,7.1));
#3185 = DIRECTION('',(0.,0.,1.));
#3186 = DIRECTION('',(1.,0.,-0.));
#3187 = DEFINITIONAL_REPRESENTATION('',(#3188),#3192);
#3188 = CIRCLE('',#3189,2.55);
#3189 = AXIS2_PLACEMENT_2D('',#3190,#3191);
#3190 = CARTESIAN_POINT('',(6.703137904605E-17,1.040949779275E-16));
#3191 = DIRECTION('',(1.,0.));
#3192 = ( GEOMETRIC_REPRESENTATION_CONTEXT(2) 
PARAMETRIC_REPRESENTATION_CONTEXT() REPRESENTATION_CONTEXT('2D SPACE',''
  ) );
#3193 = ORIENTED_EDGE('',*,*,#3144,.F.);
#3194 = ORIENTED_EDGE('',*,*,#466,.F.);
#3195 = ADVANCED_FACE('',(#3196),#514,.F.);
#3196 = FACE_BOUND('',#3197,.T.);
#3197 = EDGE_LOOP('',(#3198,#3221,#3248,#3249));
#3198 = ORIENTED_EDGE('',*,*,#3199,.T.);
#3199 = EDGE_CURVE('',#498,#3200,#3202,.T.);
#3200 = VERTEX_POINT('',#3201);
#3201 = CARTESIAN_POINT('',(68.25,-125.4425,7.1));
#3202 = SEAM_CURVE('',#3203,(#3207,#3214),.PCURVE_S1.);
#3203 = LINE('',#3204,#3205);
#3204 = CARTESIAN_POINT('',(68.25,-125.4425,5.));
#3205 = VECTOR('',#3206,1.);
#3206 = DIRECTION('',(0.,0.,1.));
#3207 = PCURVE('',#514,#3208);
#3208 = DEFINITIONAL_REPRESENTATION('',(#3209),#3213);
#3209 = LINE('',#3210,#3211);
#3210 = CARTESIAN_POINT('',(-0.,0.));
#3211 = VECTOR('',#3212,1.);
#3212 = DIRECTION('',(-0.,-1.));
#3213 = ( GEOMETRIC_REPRESENTATION_CONTEXT(2) 
PARAMETRIC_REPRESENTATION_CONTEXT() REPRESENTATION_CONTEXT('2D SPACE',''
  ) );
#3214 = PCURVE('',#514,#3215);
#3215 = DEFINITIONAL_REPRESENTATION('',(#3216),#3220);
#3216 = LINE('',#3217,#3218);
#3217 = CARTESIAN_POINT('',(-6.28318530718,0.));
#3218 = VECTOR('',#3219,1.);
#3219 = DIRECTION('',(-0.,-1.));
#3220 = ( GEOMETRIC_REPRESENTATION_CONTEXT(2) 
PARAMETRIC_REPRESENTATION_CONTEXT() REPRESENTATION_CONTEXT('2D SPACE',''
  ) );
#3221 = ORIENTED_EDGE('',*,*,#3222,.T.);
#3222 = EDGE_CURVE('',#3200,#3200,#3223,.T.);
#3223 = SURFACE_CURVE('',#3224,(#3229,#3236),.PCURVE_S1.);
#3224 = CIRCLE('',#3225,2.55);
#3225 = AXIS2_PLACEMENT_3D('',#3226,#3227,#3228);
#3226 = CARTESIAN_POINT('',(65.7,-125.4425,7.1));
#3227 = DIRECTION('',(0.,0.,1.));
#3228 = DIRECTION('',(1.,0.,-0.));
#3229 = PCURVE('',#514,#3230);
#3230 = DEFINITIONAL_REPRESENTATION('',(#3231),#3235);
#3231 = LINE('',#3232,#3233);
#3232 = CARTESIAN_POINT('',(-0.,-2.1));
#3233 = VECTOR('',#3234,1.);
#3234 = DIRECTION('',(-1.,0.));
#3235 = ( GEOMETRIC_REPRESENTATION_CONTEXT(2) 
PARAMETRIC_REPRESENTATION_CONTEXT() REPRESENTATION_CONTEXT('2D SPACE',''
  ) );
#3236 = PCURVE('',#3237,#3242);
#3237 = PLANE('',#3238);
#3238 = AXIS2_PLACEMENT_3D('',#3239,#3240,#3241);
#3239 = CARTESIAN_POINT('',(65.7,-125.4425,7.1));
#3240 = DIRECTION('',(0.,0.,1.));
#3241 = DIRECTION('',(1.,0.,-0.));
#3242 = DEFINITIONAL_REPRESENTATION('',(#3243),#3247);
#3243 = CIRCLE('',#3244,2.55);
#3244 = AXIS2_PLACEMENT_2D('',#3245,#3246);
#3245 = CARTESIAN_POINT('',(6.703137904605E-17,1.040949779275E-16));
#3246 = DIRECTION('',(1.,0.));
#3247 = ( GEOMETRIC_REPRESENTATION_CONTEXT(2) 
PARAMETRIC_REPRESENTATION_CONTEXT() REPRESENTATION_CONTEXT('2D SPACE',''
  ) );
#3248 = ORIENTED_EDGE('',*,*,#3199,.F.);
#3249 = ORIENTED_EDGE('',*,*,#497,.F.);
#3250 = ADVANCED_FACE('',(#3251),#545,.F.);
#3251 = FACE_BOUND('',#3252,.T.);
#3252 = EDGE_LOOP('',(#3253,#3276,#3303,#3304));
#3253 = ORIENTED_EDGE('',*,*,#3254,.T.);
#3254 = EDGE_CURVE('',#529,#3255,#3257,.T.);
#3255 = VERTEX_POINT('',#3256);
#3256 = CARTESIAN_POINT('',(241.65,-125.4425,7.1));
#3257 = SEAM_CURVE('',#3258,(#3262,#3269),.PCURVE_S1.);
#3258 = LINE('',#3259,#3260);
#3259 = CARTESIAN_POINT('',(241.65,-125.4425,5.));
#3260 = VECTOR('',#3261,1.);
#3261 = DIRECTION('',(0.,0.,1.));
#3262 = PCURVE('',#545,#3263);
#3263 = DEFINITIONAL_REPRESENTATION('',(#3264),#3268);
#3264 = LINE('',#3265,#3266);
#3265 = CARTESIAN_POINT('',(-0.,0.));
#3266 = VECTOR('',#3267,1.);
#3267 = DIRECTION('',(-0.,-1.));
#3268 = ( GEOMETRIC_REPRESENTATION_CONTEXT(2) 
PARAMETRIC_REPRESENTATION_CONTEXT() REPRESENTATION_CONTEXT('2D SPACE',''
  ) );
#3269 = PCURVE('',#545,#3270);
#3270 = DEFINITIONAL_REPRESENTATION('',(#3271),#3275);
#3271 = LINE('',#3272,#3273);
#3272 = CARTESIAN_POINT('',(-6.28318530718,0.));
#3273 = VECTOR('',#3274,1.);
#3274 = DIRECTION('',(-0.,-1.));
#3275 = ( GEOMETRIC_REPRESENTATION_CONTEXT(2) 
PARAMETRIC_REPRESENTATION_CONTEXT() REPRESENTATION_CONTEXT('2D SPACE',''
  ) );
#3276 = ORIENTED_EDGE('',*,*,#3277,.T.);
#3277 = EDGE_CURVE('',#3255,#3255,#3278,.T.);
#3278 = SURFACE_CURVE('',#3279,(#3284,#3291),.PCURVE_S1.);
#3279 = CIRCLE('',#3280,2.55);
#3280 = AXIS2_PLACEMENT_3D('',#3281,#3282,#3283);
#3281 = CARTESIAN_POINT('',(239.1,-125.4425,7.1));
#3282 = DIRECTION('',(0.,0.,1.));
#3283 = DIRECTION('',(1.,0.,-0.));
#3284 = PCURVE('',#545,#3285);
#3285 = DEFINITIONAL_REPRESENTATION('',(#3286),#3290);
#3286 = LINE('',#3287,#3288);
#3287 = CARTESIAN_POINT('',(-0.,-2.1));
#3288 = VECTOR('',#3289,1.);
#3289 = DIRECTION('',(-1.,0.));
#3290 = ( GEOMETRIC_REPRESENTATION_CONTEXT(2) 
PARAMETRIC_REPRESENTATION_CONTEXT() REPRESENTATION_CONTEXT('2D SPACE',''
  ) );
#3291 = PCURVE('',#3292,#3297);
#3292 = PLANE('',#3293);
#3293 = AXIS2_PLACEMENT_3D('',#3294,#3295,#3296);
#3294 = CARTESIAN_POINT('',(239.1,-125.4425,7.1));
#3295 = DIRECTION('',(0.,0.,1.));
#3296 = DIRECTION('',(1.,0.,-0.));
#3297 = DEFINITIONAL_REPRESENTATION('',(#3298),#3302);
#3298 = CIRCLE('',#3299,2.55);
#3299 = AXIS2_PLACEMENT_2D('',#3300,#3301);
#3300 = CARTESIAN_POINT('',(6.703137904605E-17,1.040949779275E-16));
#3301 = DIRECTION('',(1.,0.));
#3302 = ( GEOMETRIC_REPRESENTATION_CONTEXT(2) 
PARAMETRIC_REPRESENTATION_CONTEXT() REPRESENTATION_CONTEXT('2D SPACE',''
  ) );
#3303 = ORIENTED_EDGE('',*,*,#3254,.F.);
#3304 = ORIENTED_EDGE('',*,*,#528,.F.);
#3305 = ADVANCED_FACE('',(#3306),#576,.F.);
#3306 = FACE_BOUND('',#3307,.T.);
#3307 = EDGE_LOOP('',(#3308,#3331,#3358,#3359));
#3308 = ORIENTED_EDGE('',*,*,#3309,.T.);
#3309 = EDGE_CURVE('',#560,#3310,#3312,.T.);
#3310 = VERTEX_POINT('',#3311);
#3311 = CARTESIAN_POINT('',(297.55,-125.4425,7.1));
#3312 = SEAM_CURVE('',#3313,(#3317,#3324),.PCURVE_S1.);
#3313 = LINE('',#3314,#3315);
#3314 = CARTESIAN_POINT('',(297.55,-125.4425,5.));
#3315 = VECTOR('',#3316,1.);
#3316 = DIRECTION('',(0.,0.,1.));
#3317 = PCURVE('',#576,#3318);
#3318 = DEFINITIONAL_REPRESENTATION('',(#3319),#3323);
#3319 = LINE('',#3320,#3321);
#3320 = CARTESIAN_POINT('',(-0.,0.));
#3321 = VECTOR('',#3322,1.);
#3322 = DIRECTION('',(-0.,-1.));
#3323 = ( GEOMETRIC_REPRESENTATION_CONTEXT(2) 
PARAMETRIC_REPRESENTATION_CONTEXT() REPRESENTATION_CONTEXT('2D SPACE',''
  ) );
#3324 = PCURVE('',#576,#3325);
#3325 = DEFINITIONAL_REPRESENTATION('',(#3326),#3330);
#3326 = LINE('',#3327,#3328);
#3327 = CARTESIAN_POINT('',(-6.28318530718,0.));
#3328 = VECTOR('',#3329,1.);
#3329 = DIRECTION('',(-0.,-1.));
#3330 = ( GEOMETRIC_REPRESENTATION_CONTEXT(2) 
PARAMETRIC_REPRESENTATION_CONTEXT() REPRESENTATION_CONTEXT('2D SPACE',''
  ) );
#3331 = ORIENTED_EDGE('',*,*,#3332,.T.);
#3332 = EDGE_CURVE('',#3310,#3310,#3333,.T.);
#3333 = SURFACE_CURVE('',#3334,(#3339,#3346),.PCURVE_S1.);
#3334 = CIRCLE('',#3335,2.55);
#3335 = AXIS2_PLACEMENT_3D('',#3336,#3337,#3338);
#3336 = CARTESIAN_POINT('',(295.,-125.4425,7.1));
#3337 = DIRECTION('',(0.,0.,1.));
#3338 = DIRECTION('',(1.,0.,-0.));
#3339 = PCURVE('',#576,#3340);
#3340 = DEFINITIONAL_REPRESENTATION('',(#3341),#3345);
#3341 = LINE('',#3342,#3343);
#3342 = CARTESIAN_POINT('',(-0.,-2.1));
#3343 = VECTOR('',#3344,1.);
#3344 = DIRECTION('',(-1.,0.));
#3345 = ( GEOMETRIC_REPRESENTATION_CONTEXT(2) 
PARAMETRIC_REPRESENTATION_CONTEXT() REPRESENTATION_CONTEXT('2D SPACE',''
  ) );
#3346 = PCURVE('',#3347,#3352);
#3347 = PLANE('',#3348);
#3348 = AXIS2_PLACEMENT_3D('',#3349,#3350,#3351);
#3349 = CARTESIAN_POINT('',(295.,-125.4425,7.1));
#3350 = DIRECTION('',(0.,0.,1.));
#3351 = DIRECTION('',(1.,0.,-0.));
#3352 = DEFINITIONAL_REPRESENTATION('',(#3353),#3357);
#3353 = CIRCLE('',#3354,2.55);
#3354 = AXIS2_PLACEMENT_2D('',#3355,#3356);
#3355 = CARTESIAN_POINT('',(6.703137904605E-17,1.040949779275E-16));
#3356 = DIRECTION('',(1.,0.));
#3357 = ( GEOMETRIC_REPRESENTATION_CONTEXT(2) 
PARAMETRIC_REPRESENTATION_CONTEXT() REPRESENTATION_CONTEXT('2D SPACE',''
  ) );
#3358 = ORIENTED_EDGE('',*,*,#3309,.F.);
#3359 = ORIENTED_EDGE('',*,*,#559,.F.);
#3360 = ADVANCED_FACE('',(#3361),#607,.F.);
#3361 = FACE_BOUND('',#3362,.T.);
#3362 = EDGE_LOOP('',(#3363,#3386,#3413,#3414));
#3363 = ORIENTED_EDGE('',*,*,#3364,.T.);
#3364 = EDGE_CURVE('',#591,#3365,#3367,.T.);
#3365 = VERTEX_POINT('',#3366);
#3366 = CARTESIAN_POINT('',(12.55,11.145,7.1));
#3367 = SEAM_CURVE('',#3368,(#3372,#3379),.PCURVE_S1.);
#3368 = LINE('',#3369,#3370);
#3369 = CARTESIAN_POINT('',(12.55,11.145,5.));
#3370 = VECTOR('',#3371,1.);
#3371 = DIRECTION('',(0.,0.,1.));
#3372 = PCURVE('',#607,#3373);
#3373 = DEFINITIONAL_REPRESENTATION('',(#3374),#3378);
#3374 = LINE('',#3375,#3376);
#3375 = CARTESIAN_POINT('',(-0.,0.));
#3376 = VECTOR('',#3377,1.);
#3377 = DIRECTION('',(-0.,-1.));
#3378 = ( GEOMETRIC_REPRESENTATION_CONTEXT(2) 
PARAMETRIC_REPRESENTATION_CONTEXT() REPRESENTATION_CONTEXT('2D SPACE',''
  ) );
#3379 = PCURVE('',#607,#3380);
#3380 = DEFINITIONAL_REPRESENTATION('',(#3381),#3385);
#3381 = LINE('',#3382,#3383);
#3382 = CARTESIAN_POINT('',(-6.28318530718,0.));
#3383 = VECTOR('',#3384,1.);
#3384 = DIRECTION('',(-0.,-1.));
#3385 = ( GEOMETRIC_REPRESENTATION_CONTEXT(2) 
PARAMETRIC_REPRESENTATION_CONTEXT() REPRESENTATION_CONTEXT('2D SPACE',''
  ) );
#3386 = ORIENTED_EDGE('',*,*,#3387,.T.);
#3387 = EDGE_CURVE('',#3365,#3365,#3388,.T.);
#3388 = SURFACE_CURVE('',#3389,(#3394,#3401),.PCURVE_S1.);
#3389 = CIRCLE('',#3390,2.55);
#3390 = AXIS2_PLACEMENT_3D('',#3391,#3392,#3393);
#3391 = CARTESIAN_POINT('',(10.,11.145,7.1));
#3392 = DIRECTION('',(0.,0.,1.));
#3393 = DIRECTION('',(1.,0.,-0.));
#3394 = PCURVE('',#607,#3395);
#3395 = DEFINITIONAL_REPRESENTATION('',(#3396),#3400);
#3396 = LINE('',#3397,#3398);
#3397 = CARTESIAN_POINT('',(-0.,-2.1));
#3398 = VECTOR('',#3399,1.);
#3399 = DIRECTION('',(-1.,0.));
#3400 = ( GEOMETRIC_REPRESENTATION_CONTEXT(2) 
PARAMETRIC_REPRESENTATION_CONTEXT() REPRESENTATION_CONTEXT('2D SPACE',''
  ) );
#3401 = PCURVE('',#3402,#3407);
#3402 = PLANE('',#3403);
#3403 = AXIS2_PLACEMENT_3D('',#3404,#3405,#3406);
#3404 = CARTESIAN_POINT('',(10.,11.145,7.1));
#3405 = DIRECTION('',(0.,0.,1.));
#3406 = DIRECTION('',(1.,0.,-0.));
#3407 = DEFINITIONAL_REPRESENTATION('',(#3408),#3412);
#3408 = CIRCLE('',#3409,2.55);
#3409 = AXIS2_PLACEMENT_2D('',#3410,#3411);
#3410 = CARTESIAN_POINT('',(6.703137904605E-17,1.040949779275E-16));
#3411 = DIRECTION('',(1.,0.));
#3412 = ( GEOMETRIC_REPRESENTATION_CONTEXT(2) 
PARAMETRIC_REPRESENTATION_CONTEXT() REPRESENTATION_CONTEXT('2D SPACE',''
  ) );
#3413 = ORIENTED_EDGE('',*,*,#3364,.F.);
#3414 = ORIENTED_EDGE('',*,*,#590,.F.);
#3415 = ADVANCED_FACE('',(#3416),#638,.F.);
#3416 = FACE_BOUND('',#3417,.T.);
#3417 = EDGE_LOOP('',(#3418,#3441,#3468,#3469));
#3418 = ORIENTED_EDGE('',*,*,#3419,.T.);
#3419 = EDGE_CURVE('',#622,#3420,#3422,.T.);
#3420 = VERTEX_POINT('',#3421);
#3421 = CARTESIAN_POINT('',(82.55,11.145,7.1));
#3422 = SEAM_CURVE('',#3423,(#3427,#3434),.PCURVE_S1.);
#3423 = LINE('',#3424,#3425);
#3424 = CARTESIAN_POINT('',(82.55,11.145,5.));
#3425 = VECTOR('',#3426,1.);
#3426 = DIRECTION('',(0.,0.,1.));
#3427 = PCURVE('',#638,#3428);
#3428 = DEFINITIONAL_REPRESENTATION('',(#3429),#3433);
#3429 = LINE('',#3430,#3431);
#3430 = CARTESIAN_POINT('',(-0.,0.));
#3431 = VECTOR('',#3432,1.);
#3432 = DIRECTION('',(-0.,-1.));
#3433 = ( GEOMETRIC_REPRESENTATION_CONTEXT(2) 
PARAMETRIC_REPRESENTATION_CONTEXT() REPRESENTATION_CONTEXT('2D SPACE',''
  ) );
#3434 = PCURVE('',#638,#3435);
#3435 = DEFINITIONAL_REPRESENTATION('',(#3436),#3440);
#3436 = LINE('',#3437,#3438);
#3437 = CARTESIAN_POINT('',(-6.28318530718,0.));
#3438 = VECTOR('',#3439,1.);
#3439 = DIRECTION('',(-0.,-1.));
#3440 = ( GEOMETRIC_REPRESENTATION_CONTEXT(2) 
PARAMETRIC_REPRESENTATION_CONTEXT() REPRESENTATION_CONTEXT('2D SPACE',''
  ) );
#3441 = ORIENTED_EDGE('',*,*,#3442,.T.);
#3442 = EDGE_CURVE('',#3420,#3420,#3443,.T.);
#3443 = SURFACE_CURVE('',#3444,(#3449,#3456),.PCURVE_S1.);
#3444 = CIRCLE('',#3445,2.55);
#3445 = AXIS2_PLACEMENT_3D('',#3446,#3447,#3448);
#3446 = CARTESIAN_POINT('',(80.,11.145,7.1));
#3447 = DIRECTION('',(0.,0.,1.));
#3448 = DIRECTION('',(1.,0.,-0.));
#3449 = PCURVE('',#638,#3450);
#3450 = DEFINITIONAL_REPRESENTATION('',(#3451),#3455);
#3451 = LINE('',#3452,#3453);
#3452 = CARTESIAN_POINT('',(-0.,-2.1));
#3453 = VECTOR('',#3454,1.);
#3454 = DIRECTION('',(-1.,0.));
#3455 = ( GEOMETRIC_REPRESENTATION_CONTEXT(2) 
PARAMETRIC_REPRESENTATION_CONTEXT() REPRESENTATION_CONTEXT('2D SPACE',''
  ) );
#3456 = PCURVE('',#3457,#3462);
#3457 = PLANE('',#3458);
#3458 = AXIS2_PLACEMENT_3D('',#3459,#3460,#3461);
#3459 = CARTESIAN_POINT('',(80.,11.145,7.1));
#3460 = DIRECTION('',(0.,0.,1.));
#3461 = DIRECTION('',(1.,0.,-0.));
#3462 = DEFINITIONAL_REPRESENTATION('',(#3463),#3467);
#3463 = CIRCLE('',#3464,2.55);
#3464 = AXIS2_PLACEMENT_2D('',#3465,#3466);
#3465 = CARTESIAN_POINT('',(6.703137904605E-17,1.040949779275E-16));
#3466 = DIRECTION('',(1.,0.));
#3467 = ( GEOMETRIC_REPRESENTATION_CONTEXT(2) 
PARAMETRIC_REPRESENTATION_CONTEXT() REPRESENTATION_CONTEXT('2D SPACE',''
  ) );
#3468 = ORIENTED_EDGE('',*,*,#3419,.F.);
#3469 = ORIENTED_EDGE('',*,*,#621,.F.);
#3470 = ADVANCED_FACE('',(#3471),#669,.F.);
#3471 = FACE_BOUND('',#3472,.F.);
#3472 = EDGE_LOOP('',(#3473,#3496,#3497,#3518));
#3473 = ORIENTED_EDGE('',*,*,#3474,.F.);
#3474 = EDGE_CURVE('',#653,#3475,#3477,.T.);
#3475 = VERTEX_POINT('',#3476);
#3476 = CARTESIAN_POINT('',(-2.8,3.245,7.4));
#3477 = SURFACE_CURVE('',#3478,(#3482,#3489),.PCURVE_S1.);
#3478 = LINE('',#3479,#3480);
#3479 = CARTESIAN_POINT('',(-2.8,3.245,4.));
#3480 = VECTOR('',#3481,1.);
#3481 = DIRECTION('',(0.,0.,1.));
#3482 = PCURVE('',#669,#3483);
#3483 = DEFINITIONAL_REPRESENTATION('',(#3484),#3488);
#3484 = LINE('',#3485,#3486);
#3485 = CARTESIAN_POINT('',(120.7875,0.));
#3486 = VECTOR('',#3487,1.);
#3487 = DIRECTION('',(0.,-1.));
#3488 = ( GEOMETRIC_REPRESENTATION_CONTEXT(2) 
PARAMETRIC_REPRESENTATION_CONTEXT() REPRESENTATION_CONTEXT('2D SPACE',''
  ) );
#3489 = PCURVE('',#701,#3490);
#3490 = DEFINITIONAL_REPRESENTATION('',(#3491),#3495);
#3491 = LINE('',#3492,#3493);
#3492 = CARTESIAN_POINT('',(0.,0.));
#3493 = VECTOR('',#3494,1.);
#3494 = DIRECTION('',(0.,-1.));
#3495 = ( GEOMETRIC_REPRESENTATION_CONTEXT(2) 
PARAMETRIC_REPRESENTATION_CONTEXT() REPRESENTATION_CONTEXT('2D SPACE',''
  ) );
#3496 = ORIENTED_EDGE('',*,*,#652,.T.);
#3497 = ORIENTED_EDGE('',*,*,#3498,.F.);
#3498 = EDGE_CURVE('',#3499,#655,#3501,.T.);
#3499 = VERTEX_POINT('',#3500);
#3500 = CARTESIAN_POINT('',(-2.8,-42.47753768868,7.4));
#3501 = SURFACE_CURVE('',#3502,(#3506,#3512),.PCURVE_S1.);
#3502 = LINE('',#3503,#3504);
#3503 = CARTESIAN_POINT('',(-2.8,-42.47753768868,4.));
#3504 = VECTOR('',#3505,1.);
#3505 = DIRECTION('',(0.,0.,-1.));
#3506 = PCURVE('',#669,#3507);
#3507 = DEFINITIONAL_REPRESENTATION('',(#3508),#3511);
#3508 = B_SPLINE_CURVE_WITH_KNOTS('',1,(#3509,#3510),.UNSPECIFIED.,.F.,
  .F.,(2,2),(-3.4000006,-0.76),.PIECEWISE_BEZIER_KNOTS.);
#3509 = CARTESIAN_POINT('',(75.06496231132,-3.4000006));
#3510 = CARTESIAN_POINT('',(75.06496231132,-0.76));
#3511 = ( GEOMETRIC_REPRESENTATION_CONTEXT(2) 
PARAMETRIC_REPRESENTATION_CONTEXT() REPRESENTATION_CONTEXT('2D SPACE',''
  ) );
#3512 = PCURVE('',#2056,#3513);
#3513 = DEFINITIONAL_REPRESENTATION('',(#3514),#3517);
#3514 = B_SPLINE_CURVE_WITH_KNOTS('',1,(#3515,#3516),.UNSPECIFIED.,.F.,
  .F.,(2,2),(-3.4000006,-0.76),.PIECEWISE_BEZIER_KNOTS.);
#3515 = CARTESIAN_POINT('',(1.470628905633,-3.4000006));
#3516 = CARTESIAN_POINT('',(1.470628905633,-0.76));
#3517 = ( GEOMETRIC_REPRESENTATION_CONTEXT(2) 
PARAMETRIC_REPRESENTATION_CONTEXT() REPRESENTATION_CONTEXT('2D SPACE',''
  ) );
#3518 = ORIENTED_EDGE('',*,*,#3519,.T.);
#3519 = EDGE_CURVE('',#3499,#3475,#3520,.T.);
#3520 = SURFACE_CURVE('',#3521,(#3525,#3532),.PCURVE_S1.);
#3521 = LINE('',#3522,#3523);
#3522 = CARTESIAN_POINT('',(-2.8,-57.14875,7.4));
#3523 = VECTOR('',#3524,1.);
#3524 = DIRECTION('',(0.,1.,0.));
#3525 = PCURVE('',#669,#3526);
#3526 = DEFINITIONAL_REPRESENTATION('',(#3527),#3531);
#3527 = LINE('',#3528,#3529);
#3528 = CARTESIAN_POINT('',(60.39375,-3.4));
#3529 = VECTOR('',#3530,1.);
#3530 = DIRECTION('',(1.,0.));
#3531 = ( GEOMETRIC_REPRESENTATION_CONTEXT(2) 
PARAMETRIC_REPRESENTATION_CONTEXT() REPRESENTATION_CONTEXT('2D SPACE',''
  ) );
#3532 = PCURVE('',#3533,#3538);
#3533 = PLANE('',#3534);
#3534 = AXIS2_PLACEMENT_3D('',#3535,#3536,#3537);
#3535 = CARTESIAN_POINT('',(152.4,-57.14875,7.4));
#3536 = DIRECTION('',(0.,0.,1.));
#3537 = DIRECTION('',(1.,0.,-0.));
#3538 = DEFINITIONAL_REPRESENTATION('',(#3539),#3543);
#3539 = LINE('',#3540,#3541);
#3540 = CARTESIAN_POINT('',(-155.2,0.));
#3541 = VECTOR('',#3542,1.);
#3542 = DIRECTION('',(0.,1.));
#3543 = ( GEOMETRIC_REPRESENTATION_CONTEXT(2) 
PARAMETRIC_REPRESENTATION_CONTEXT() REPRESENTATION_CONTEXT('2D SPACE',''
  ) );
#3544 = ADVANCED_FACE('',(#3545),#701,.F.);
#3545 = FACE_BOUND('',#3546,.F.);
#3546 = EDGE_LOOP('',(#3547,#3548,#3549,#3577));
#3547 = ORIENTED_EDGE('',*,*,#680,.F.);
#3548 = ORIENTED_EDGE('',*,*,#3474,.T.);
#3549 = ORIENTED_EDGE('',*,*,#3550,.T.);
#3550 = EDGE_CURVE('',#3475,#3551,#3553,.T.);
#3551 = VERTEX_POINT('',#3552);
#3552 = CARTESIAN_POINT('',(1.5,7.545,7.4));
#3553 = SURFACE_CURVE('',#3554,(#3559,#3566),.PCURVE_S1.);
#3554 = CIRCLE('',#3555,4.3);
#3555 = AXIS2_PLACEMENT_3D('',#3556,#3557,#3558);
#3556 = CARTESIAN_POINT('',(1.5,3.245,7.4));
#3557 = DIRECTION('',(0.,0.,-1.));
#3558 = DIRECTION('',(-1.,0.,0.));
#3559 = PCURVE('',#701,#3560);
#3560 = DEFINITIONAL_REPRESENTATION('',(#3561),#3565);
#3561 = LINE('',#3562,#3563);
#3562 = CARTESIAN_POINT('',(0.,-3.4));
#3563 = VECTOR('',#3564,1.);
#3564 = DIRECTION('',(1.,0.));
#3565 = ( GEOMETRIC_REPRESENTATION_CONTEXT(2) 
PARAMETRIC_REPRESENTATION_CONTEXT() REPRESENTATION_CONTEXT('2D SPACE',''
  ) );
#3566 = PCURVE('',#3533,#3567);
#3567 = DEFINITIONAL_REPRESENTATION('',(#3568),#3576);
#3568 = ( BOUNDED_CURVE() B_SPLINE_CURVE(2,(#3569,#3570,#3571,#3572,
#3573,#3574,#3575),.UNSPECIFIED.,.T.,.F.) B_SPLINE_CURVE_WITH_KNOTS((1,2
    ,2,2,2,1),(-2.094395102393,0.,2.094395102393,4.188790204786,
6.28318530718,8.377580409573),.UNSPECIFIED.) CURVE() 
GEOMETRIC_REPRESENTATION_ITEM() RATIONAL_B_SPLINE_CURVE((1.,0.5,1.,0.5,
1.,0.5,1.)) REPRESENTATION_ITEM('') );
#3569 = CARTESIAN_POINT('',(-155.2,60.39375));
#3570 = CARTESIAN_POINT('',(-155.2,67.841568472546));
#3571 = CARTESIAN_POINT('',(-148.75,64.117659236273));
#3572 = CARTESIAN_POINT('',(-142.3,60.39375));
#3573 = CARTESIAN_POINT('',(-148.75,56.669840763727));
#3574 = CARTESIAN_POINT('',(-155.2,52.945931527454));
#3575 = CARTESIAN_POINT('',(-155.2,60.39375));
#3576 = ( GEOMETRIC_REPRESENTATION_CONTEXT(2) 
PARAMETRIC_REPRESENTATION_CONTEXT() REPRESENTATION_CONTEXT('2D SPACE',''
  ) );
#3577 = ORIENTED_EDGE('',*,*,#3578,.F.);
#3578 = EDGE_CURVE('',#681,#3551,#3579,.T.);
#3579 = SURFACE_CURVE('',#3580,(#3584,#3591),.PCURVE_S1.);
#3580 = LINE('',#3581,#3582);
#3581 = CARTESIAN_POINT('',(1.5,7.545,4.));
#3582 = VECTOR('',#3583,1.);
#3583 = DIRECTION('',(0.,0.,1.));
#3584 = PCURVE('',#701,#3585);
#3585 = DEFINITIONAL_REPRESENTATION('',(#3586),#3590);
#3586 = LINE('',#3587,#3588);
#3587 = CARTESIAN_POINT('',(1.570796326795,0.));
#3588 = VECTOR('',#3589,1.);
#3589 = DIRECTION('',(0.,-1.));
#3590 = ( GEOMETRIC_REPRESENTATION_CONTEXT(2) 
PARAMETRIC_REPRESENTATION_CONTEXT() REPRESENTATION_CONTEXT('2D SPACE',''
  ) );
#3591 = PCURVE('',#728,#3592);
#3592 = DEFINITIONAL_REPRESENTATION('',(#3593),#3597);
#3593 = LINE('',#3594,#3595);
#3594 = CARTESIAN_POINT('',(0.,0.));
#3595 = VECTOR('',#3596,1.);
#3596 = DIRECTION('',(0.,-1.));
#3597 = ( GEOMETRIC_REPRESENTATION_CONTEXT(2) 
PARAMETRIC_REPRESENTATION_CONTEXT() REPRESENTATION_CONTEXT('2D SPACE',''
  ) );
#3598 = ADVANCED_FACE('',(#3599),#2056,.F.);
#3599 = FACE_BOUND('',#3600,.F.);
#3600 = EDGE_LOOP('',(#3601,#3602,#3625,#3651));
#3601 = ORIENTED_EDGE('',*,*,#2037,.F.);
#3602 = ORIENTED_EDGE('',*,*,#3603,.T.);
#3603 = EDGE_CURVE('',#2012,#3604,#3606,.T.);
#3604 = VERTEX_POINT('',#3605);
#3605 = CARTESIAN_POINT('',(-5.5,-45.4625,7.4));
#3606 = SURFACE_CURVE('',#3607,(#3611,#3618),.PCURVE_S1.);
#3607 = LINE('',#3608,#3609);
#3608 = CARTESIAN_POINT('',(-5.5,-45.4625,4.));
#3609 = VECTOR('',#3610,1.);
#3610 = DIRECTION('',(0.,0.,1.));
#3611 = PCURVE('',#2056,#3612);
#3612 = DEFINITIONAL_REPRESENTATION('',(#3613),#3617);
#3613 = LINE('',#3614,#3615);
#3614 = CARTESIAN_POINT('',(0.,0.));
#3615 = VECTOR('',#3616,1.);
#3616 = DIRECTION('',(0.,-1.));
#3617 = ( GEOMETRIC_REPRESENTATION_CONTEXT(2) 
PARAMETRIC_REPRESENTATION_CONTEXT() REPRESENTATION_CONTEXT('2D SPACE',''
  ) );
#3618 = PCURVE('',#2026,#3619);
#3619 = DEFINITIONAL_REPRESENTATION('',(#3620),#3624);
#3620 = LINE('',#3621,#3622);
#3621 = CARTESIAN_POINT('',(13.85,0.));
#3622 = VECTOR('',#3623,1.);
#3623 = DIRECTION('',(0.,-1.));
#3624 = ( GEOMETRIC_REPRESENTATION_CONTEXT(2) 
PARAMETRIC_REPRESENTATION_CONTEXT() REPRESENTATION_CONTEXT('2D SPACE',''
  ) );
#3625 = ORIENTED_EDGE('',*,*,#3626,.T.);
#3626 = EDGE_CURVE('',#3604,#3499,#3627,.T.);
#3627 = SURFACE_CURVE('',#3628,(#3633,#3640),.PCURVE_S1.);
#3628 = CIRCLE('',#3629,3.);
#3629 = AXIS2_PLACEMENT_3D('',#3630,#3631,#3632);
#3630 = CARTESIAN_POINT('',(-2.5,-45.4625,7.4));
#3631 = DIRECTION('',(0.,0.,-1.));
#3632 = DIRECTION('',(-1.,0.,0.));
#3633 = PCURVE('',#2056,#3634);
#3634 = DEFINITIONAL_REPRESENTATION('',(#3635),#3639);
#3635 = LINE('',#3636,#3637);
#3636 = CARTESIAN_POINT('',(0.,-3.4));
#3637 = VECTOR('',#3638,1.);
#3638 = DIRECTION('',(1.,0.));
#3639 = ( GEOMETRIC_REPRESENTATION_CONTEXT(2) 
PARAMETRIC_REPRESENTATION_CONTEXT() REPRESENTATION_CONTEXT('2D SPACE',''
  ) );
#3640 = PCURVE('',#3533,#3641);
#3641 = DEFINITIONAL_REPRESENTATION('',(#3642),#3650);
#3642 = ( BOUNDED_CURVE() B_SPLINE_CURVE(2,(#3643,#3644,#3645,#3646,
#3647,#3648,#3649),.UNSPECIFIED.,.T.,.F.) B_SPLINE_CURVE_WITH_KNOTS((1,2
    ,2,2,2,1),(-2.094395102393,0.,2.094395102393,4.188790204786,
6.28318530718,8.377580409573),.UNSPECIFIED.) CURVE() 
GEOMETRIC_REPRESENTATION_ITEM() RATIONAL_B_SPLINE_CURVE((1.,0.5,1.,0.5,
1.,0.5,1.)) REPRESENTATION_ITEM('') );
#3643 = CARTESIAN_POINT('',(-157.9,11.68625));
#3644 = CARTESIAN_POINT('',(-157.9,16.882402422707));
#3645 = CARTESIAN_POINT('',(-153.4,14.284326211353));
#3646 = CARTESIAN_POINT('',(-148.9,11.68625));
#3647 = CARTESIAN_POINT('',(-153.4,9.088173788647));
#3648 = CARTESIAN_POINT('',(-157.9,6.490097577293));
#3649 = CARTESIAN_POINT('',(-157.9,11.68625));
#3650 = ( GEOMETRIC_REPRESENTATION_CONTEXT(2) 
PARAMETRIC_REPRESENTATION_CONTEXT() REPRESENTATION_CONTEXT('2D SPACE',''
  ) );
#3651 = ORIENTED_EDGE('',*,*,#3498,.T.);
#3652 = ADVANCED_FACE('',(#3653),#728,.F.);
#3653 = FACE_BOUND('',#3654,.F.);
#3654 = EDGE_LOOP('',(#3655,#3676,#3677,#3678));
#3655 = ORIENTED_EDGE('',*,*,#3656,.T.);
#3656 = EDGE_CURVE('',#3657,#714,#3659,.T.);
#3657 = VERTEX_POINT('',#3658);
#3658 = CARTESIAN_POINT('',(37.09003768868,7.545,7.4));
#3659 = SURFACE_CURVE('',#3660,(#3664,#3670),.PCURVE_S1.);
#3660 = LINE('',#3661,#3662);
#3661 = CARTESIAN_POINT('',(37.09003768868,7.545,4.));
#3662 = VECTOR('',#3663,1.);
#3663 = DIRECTION('',(-0.,-0.,-1.));
#3664 = PCURVE('',#728,#3665);
#3665 = DEFINITIONAL_REPRESENTATION('',(#3666),#3669);
#3666 = B_SPLINE_CURVE_WITH_KNOTS('',1,(#3667,#3668),.UNSPECIFIED.,.F.,
  .F.,(2,2),(-3.4000006,-0.76),.PIECEWISE_BEZIER_KNOTS.);
#3667 = CARTESIAN_POINT('',(35.59003768868,-3.4000006));
#3668 = CARTESIAN_POINT('',(35.59003768868,-0.76));
#3669 = ( GEOMETRIC_REPRESENTATION_CONTEXT(2) 
PARAMETRIC_REPRESENTATION_CONTEXT() REPRESENTATION_CONTEXT('2D SPACE',''
  ) );
#3670 = PCURVE('',#760,#3671);
#3671 = DEFINITIONAL_REPRESENTATION('',(#3672),#3675);
#3672 = B_SPLINE_CURVE_WITH_KNOTS('',1,(#3673,#3674),.UNSPECIFIED.,.F.,
  .F.,(2,2),(-3.4000006,-0.76),.PIECEWISE_BEZIER_KNOTS.);
#3673 = CARTESIAN_POINT('',(-3.041425232428,-3.4000006));
#3674 = CARTESIAN_POINT('',(-3.041425232428,-0.76));
#3675 = ( GEOMETRIC_REPRESENTATION_CONTEXT(2) 
PARAMETRIC_REPRESENTATION_CONTEXT() REPRESENTATION_CONTEXT('2D SPACE',''
  ) );
#3676 = ORIENTED_EDGE('',*,*,#713,.T.);
#3677 = ORIENTED_EDGE('',*,*,#3578,.T.);
#3678 = ORIENTED_EDGE('',*,*,#3679,.T.);
#3679 = EDGE_CURVE('',#3551,#3657,#3680,.T.);
#3680 = SURFACE_CURVE('',#3681,(#3685,#3692),.PCURVE_S1.);
#3681 = LINE('',#3682,#3683);
#3682 = CARTESIAN_POINT('',(152.4,7.545,7.4));
#3683 = VECTOR('',#3684,1.);
#3684 = DIRECTION('',(1.,0.,0.));
#3685 = PCURVE('',#728,#3686);
#3686 = DEFINITIONAL_REPRESENTATION('',(#3687),#3691);
#3687 = LINE('',#3688,#3689);
#3688 = CARTESIAN_POINT('',(150.9,-3.4));
#3689 = VECTOR('',#3690,1.);
#3690 = DIRECTION('',(1.,0.));
#3691 = ( GEOMETRIC_REPRESENTATION_CONTEXT(2) 
PARAMETRIC_REPRESENTATION_CONTEXT() REPRESENTATION_CONTEXT('2D SPACE',''
  ) );
#3692 = PCURVE('',#3533,#3693);
#3693 = DEFINITIONAL_REPRESENTATION('',(#3694),#3698);
#3694 = LINE('',#3695,#3696);
#3695 = CARTESIAN_POINT('',(0.,64.69375));
#3696 = VECTOR('',#3697,1.);
#3697 = DIRECTION('',(1.,0.));
#3698 = ( GEOMETRIC_REPRESENTATION_CONTEXT(2) 
PARAMETRIC_REPRESENTATION_CONTEXT() REPRESENTATION_CONTEXT('2D SPACE',''
  ) );
#3699 = ADVANCED_FACE('',(#3700),#2026,.F.);
#3700 = FACE_BOUND('',#3701,.F.);
#3701 = EDGE_LOOP('',(#3702,#3703,#3726,#3747));
#3702 = ORIENTED_EDGE('',*,*,#2011,.T.);
#3703 = ORIENTED_EDGE('',*,*,#3704,.T.);
#3704 = EDGE_CURVE('',#1979,#3705,#3707,.T.);
#3705 = VERTEX_POINT('',#3706);
#3706 = CARTESIAN_POINT('',(-5.5,-59.3125,7.4));
#3707 = SURFACE_CURVE('',#3708,(#3712,#3719),.PCURVE_S1.);
#3708 = LINE('',#3709,#3710);
#3709 = CARTESIAN_POINT('',(-5.5,-59.3125,4.));
#3710 = VECTOR('',#3711,1.);
#3711 = DIRECTION('',(0.,0.,1.));
#3712 = PCURVE('',#2026,#3713);
#3713 = DEFINITIONAL_REPRESENTATION('',(#3714),#3718);
#3714 = LINE('',#3715,#3716);
#3715 = CARTESIAN_POINT('',(0.,0.));
#3716 = VECTOR('',#3717,1.);
#3717 = DIRECTION('',(0.,-1.));
#3718 = ( GEOMETRIC_REPRESENTATION_CONTEXT(2) 
PARAMETRIC_REPRESENTATION_CONTEXT() REPRESENTATION_CONTEXT('2D SPACE',''
  ) );
#3719 = PCURVE('',#1999,#3720);
#3720 = DEFINITIONAL_REPRESENTATION('',(#3721),#3725);
#3721 = LINE('',#3722,#3723);
#3722 = CARTESIAN_POINT('',(6.28318530718,0.));
#3723 = VECTOR('',#3724,1.);
#3724 = DIRECTION('',(0.,-1.));
#3725 = ( GEOMETRIC_REPRESENTATION_CONTEXT(2) 
PARAMETRIC_REPRESENTATION_CONTEXT() REPRESENTATION_CONTEXT('2D SPACE',''
  ) );
#3726 = ORIENTED_EDGE('',*,*,#3727,.T.);
#3727 = EDGE_CURVE('',#3705,#3604,#3728,.T.);
#3728 = SURFACE_CURVE('',#3729,(#3733,#3740),.PCURVE_S1.);
#3729 = LINE('',#3730,#3731);
#3730 = CARTESIAN_POINT('',(-5.5,-52.3875,7.4));
#3731 = VECTOR('',#3732,1.);
#3732 = DIRECTION('',(0.,1.,0.));
#3733 = PCURVE('',#2026,#3734);
#3734 = DEFINITIONAL_REPRESENTATION('',(#3735),#3739);
#3735 = LINE('',#3736,#3737);
#3736 = CARTESIAN_POINT('',(6.925,-3.4));
#3737 = VECTOR('',#3738,1.);
#3738 = DIRECTION('',(1.,0.));
#3739 = ( GEOMETRIC_REPRESENTATION_CONTEXT(2) 
PARAMETRIC_REPRESENTATION_CONTEXT() REPRESENTATION_CONTEXT('2D SPACE',''
  ) );
#3740 = PCURVE('',#3533,#3741);
#3741 = DEFINITIONAL_REPRESENTATION('',(#3742),#3746);
#3742 = LINE('',#3743,#3744);
#3743 = CARTESIAN_POINT('',(-157.9,4.76125));
#3744 = VECTOR('',#3745,1.);
#3745 = DIRECTION('',(0.,1.));
#3746 = ( GEOMETRIC_REPRESENTATION_CONTEXT(2) 
PARAMETRIC_REPRESENTATION_CONTEXT() REPRESENTATION_CONTEXT('2D SPACE',''
  ) );
#3747 = ORIENTED_EDGE('',*,*,#3603,.F.);
#3748 = ADVANCED_FACE('',(#3749),#760,.F.);
#3749 = FACE_BOUND('',#3750,.T.);
#3750 = EDGE_LOOP('',(#3751,#3752,#3775,#3797));
#3751 = ORIENTED_EDGE('',*,*,#739,.T.);
#3752 = ORIENTED_EDGE('',*,*,#3753,.T.);
#3753 = EDGE_CURVE('',#740,#3754,#3756,.T.);
#3754 = VERTEX_POINT('',#3755);
#3755 = CARTESIAN_POINT('',(40.075,10.245,7.4));
#3756 = SURFACE_CURVE('',#3757,(#3761,#3768),.PCURVE_S1.);
#3757 = LINE('',#3758,#3759);
#3758 = CARTESIAN_POINT('',(40.075,10.245,4.));
#3759 = VECTOR('',#3760,1.);
#3760 = DIRECTION('',(0.,0.,1.));
#3761 = PCURVE('',#760,#3762);
#3762 = DEFINITIONAL_REPRESENTATION('',(#3763),#3767);
#3763 = LINE('',#3764,#3765);
#3764 = CARTESIAN_POINT('',(-1.570796326795,0.));
#3765 = VECTOR('',#3766,1.);
#3766 = DIRECTION('',(-0.,-1.));
#3767 = ( GEOMETRIC_REPRESENTATION_CONTEXT(2) 
PARAMETRIC_REPRESENTATION_CONTEXT() REPRESENTATION_CONTEXT('2D SPACE',''
  ) );
#3768 = PCURVE('',#787,#3769);
#3769 = DEFINITIONAL_REPRESENTATION('',(#3770),#3774);
#3770 = LINE('',#3771,#3772);
#3771 = CARTESIAN_POINT('',(0.,0.));
#3772 = VECTOR('',#3773,1.);
#3773 = DIRECTION('',(0.,-1.));
#3774 = ( GEOMETRIC_REPRESENTATION_CONTEXT(2) 
PARAMETRIC_REPRESENTATION_CONTEXT() REPRESENTATION_CONTEXT('2D SPACE',''
  ) );
#3775 = ORIENTED_EDGE('',*,*,#3776,.T.);
#3776 = EDGE_CURVE('',#3754,#3657,#3777,.T.);
#3777 = SURFACE_CURVE('',#3778,(#3783,#3790),.PCURVE_S1.);
#3778 = CIRCLE('',#3779,3.);
#3779 = AXIS2_PLACEMENT_3D('',#3780,#3781,#3782);
#3780 = CARTESIAN_POINT('',(40.075,7.245,7.4));
#3781 = DIRECTION('',(0.,0.,1.));
#3782 = DIRECTION('',(1.,0.,0.));
#3783 = PCURVE('',#760,#3784);
#3784 = DEFINITIONAL_REPRESENTATION('',(#3785),#3789);
#3785 = LINE('',#3786,#3787);
#3786 = CARTESIAN_POINT('',(-0.,-3.4));
#3787 = VECTOR('',#3788,1.);
#3788 = DIRECTION('',(-1.,0.));
#3789 = ( GEOMETRIC_REPRESENTATION_CONTEXT(2) 
PARAMETRIC_REPRESENTATION_CONTEXT() REPRESENTATION_CONTEXT('2D SPACE',''
  ) );
#3790 = PCURVE('',#3533,#3791);
#3791 = DEFINITIONAL_REPRESENTATION('',(#3792),#3796);
#3792 = CIRCLE('',#3793,3.);
#3793 = AXIS2_PLACEMENT_2D('',#3794,#3795);
#3794 = CARTESIAN_POINT('',(-112.325,64.39375));
#3795 = DIRECTION('',(1.,0.));
#3796 = ( GEOMETRIC_REPRESENTATION_CONTEXT(2) 
PARAMETRIC_REPRESENTATION_CONTEXT() REPRESENTATION_CONTEXT('2D SPACE',''
  ) );
#3797 = ORIENTED_EDGE('',*,*,#3656,.T.);
#3798 = ADVANCED_FACE('',(#3799),#1999,.F.);
#3799 = FACE_BOUND('',#3800,.F.);
#3800 = EDGE_LOOP('',(#3801,#3822,#3848,#3849));
#3801 = ORIENTED_EDGE('',*,*,#3802,.F.);
#3802 = EDGE_CURVE('',#3803,#1953,#3805,.T.);
#3803 = VERTEX_POINT('',#3804);
#3804 = CARTESIAN_POINT('',(-2.8,-62.29746231132,7.4));
#3805 = SURFACE_CURVE('',#3806,(#3810,#3816),.PCURVE_S1.);
#3806 = LINE('',#3807,#3808);
#3807 = CARTESIAN_POINT('',(-2.8,-62.29746231132,4.));
#3808 = VECTOR('',#3809,1.);
#3809 = DIRECTION('',(0.,0.,-1.));
#3810 = PCURVE('',#1999,#3811);
#3811 = DEFINITIONAL_REPRESENTATION('',(#3812),#3815);
#3812 = B_SPLINE_CURVE_WITH_KNOTS('',1,(#3813,#3814),.UNSPECIFIED.,.F.,
  .F.,(2,2),(-3.4000006,-0.76),.PIECEWISE_BEZIER_KNOTS.);
#3813 = CARTESIAN_POINT('',(4.812556401546,-3.4000006));
#3814 = CARTESIAN_POINT('',(4.812556401546,-0.76));
#3815 = ( GEOMETRIC_REPRESENTATION_CONTEXT(2) 
PARAMETRIC_REPRESENTATION_CONTEXT() REPRESENTATION_CONTEXT('2D SPACE',''
  ) );
#3816 = PCURVE('',#1967,#3817);
#3817 = DEFINITIONAL_REPRESENTATION('',(#3818),#3821);
#3818 = B_SPLINE_CURVE_WITH_KNOTS('',1,(#3819,#3820),.UNSPECIFIED.,.F.,
  .F.,(2,2),(-3.4000006,-0.76),.PIECEWISE_BEZIER_KNOTS.);
#3819 = CARTESIAN_POINT('',(55.24503768868,-3.4000006));
#3820 = CARTESIAN_POINT('',(55.24503768868,-0.76));
#3821 = ( GEOMETRIC_REPRESENTATION_CONTEXT(2) 
PARAMETRIC_REPRESENTATION_CONTEXT() REPRESENTATION_CONTEXT('2D SPACE',''
  ) );
#3822 = ORIENTED_EDGE('',*,*,#3823,.T.);
#3823 = EDGE_CURVE('',#3803,#3705,#3824,.T.);
#3824 = SURFACE_CURVE('',#3825,(#3830,#3837),.PCURVE_S1.);
#3825 = CIRCLE('',#3826,3.);
#3826 = AXIS2_PLACEMENT_3D('',#3827,#3828,#3829);
#3827 = CARTESIAN_POINT('',(-2.5,-59.3125,7.4));
#3828 = DIRECTION('',(0.,0.,-1.));
#3829 = DIRECTION('',(-1.,0.,0.));
#3830 = PCURVE('',#1999,#3831);
#3831 = DEFINITIONAL_REPRESENTATION('',(#3832),#3836);
#3832 = LINE('',#3833,#3834);
#3833 = CARTESIAN_POINT('',(0.,-3.4));
#3834 = VECTOR('',#3835,1.);
#3835 = DIRECTION('',(1.,0.));
#3836 = ( GEOMETRIC_REPRESENTATION_CONTEXT(2) 
PARAMETRIC_REPRESENTATION_CONTEXT() REPRESENTATION_CONTEXT('2D SPACE',''
  ) );
#3837 = PCURVE('',#3533,#3838);
#3838 = DEFINITIONAL_REPRESENTATION('',(#3839),#3847);
#3839 = ( BOUNDED_CURVE() B_SPLINE_CURVE(2,(#3840,#3841,#3842,#3843,
#3844,#3845,#3846),.UNSPECIFIED.,.T.,.F.) B_SPLINE_CURVE_WITH_KNOTS((1,2
    ,2,2,2,1),(-2.094395102393,0.,2.094395102393,4.188790204786,
6.28318530718,8.377580409573),.UNSPECIFIED.) CURVE() 
GEOMETRIC_REPRESENTATION_ITEM() RATIONAL_B_SPLINE_CURVE((1.,0.5,1.,0.5,
1.,0.5,1.)) REPRESENTATION_ITEM('') );
#3840 = CARTESIAN_POINT('',(-157.9,-2.16375));
#3841 = CARTESIAN_POINT('',(-157.9,3.032402422707));
#3842 = CARTESIAN_POINT('',(-153.4,0.434326211353));
#3843 = CARTESIAN_POINT('',(-148.9,-2.16375));
#3844 = CARTESIAN_POINT('',(-153.4,-4.761826211353));
#3845 = CARTESIAN_POINT('',(-157.9,-7.359902422707));
#3846 = CARTESIAN_POINT('',(-157.9,-2.16375));
#3847 = ( GEOMETRIC_REPRESENTATION_CONTEXT(2) 
PARAMETRIC_REPRESENTATION_CONTEXT() REPRESENTATION_CONTEXT('2D SPACE',''
  ) );
#3848 = ORIENTED_EDGE('',*,*,#3704,.F.);
#3849 = ORIENTED_EDGE('',*,*,#1978,.F.);
#3850 = ADVANCED_FACE('',(#3851),#787,.F.);
#3851 = FACE_BOUND('',#3852,.F.);
#3852 = EDGE_LOOP('',(#3853,#3854,#3855,#3878));
#3853 = ORIENTED_EDGE('',*,*,#772,.T.);
#3854 = ORIENTED_EDGE('',*,*,#3753,.T.);
#3855 = ORIENTED_EDGE('',*,*,#3856,.T.);
#3856 = EDGE_CURVE('',#3754,#3857,#3859,.T.);
#3857 = VERTEX_POINT('',#3858);
#3858 = CARTESIAN_POINT('',(53.925,10.245,7.4));
#3859 = SURFACE_CURVE('',#3860,(#3864,#3871),.PCURVE_S1.);
#3860 = LINE('',#3861,#3862);
#3861 = CARTESIAN_POINT('',(47.,10.245,7.4));
#3862 = VECTOR('',#3863,1.);
#3863 = DIRECTION('',(1.,0.,0.));
#3864 = PCURVE('',#787,#3865);
#3865 = DEFINITIONAL_REPRESENTATION('',(#3866),#3870);
#3866 = LINE('',#3867,#3868);
#3867 = CARTESIAN_POINT('',(6.925,-3.4));
#3868 = VECTOR('',#3869,1.);
#3869 = DIRECTION('',(1.,0.));
#3870 = ( GEOMETRIC_REPRESENTATION_CONTEXT(2) 
PARAMETRIC_REPRESENTATION_CONTEXT() REPRESENTATION_CONTEXT('2D SPACE',''
  ) );
#3871 = PCURVE('',#3533,#3872);
#3872 = DEFINITIONAL_REPRESENTATION('',(#3873),#3877);
#3873 = LINE('',#3874,#3875);
#3874 = CARTESIAN_POINT('',(-105.4,67.39375));
#3875 = VECTOR('',#3876,1.);
#3876 = DIRECTION('',(1.,0.));
#3877 = ( GEOMETRIC_REPRESENTATION_CONTEXT(2) 
PARAMETRIC_REPRESENTATION_CONTEXT() REPRESENTATION_CONTEXT('2D SPACE',''
  ) );
#3878 = ORIENTED_EDGE('',*,*,#3879,.F.);
#3879 = EDGE_CURVE('',#773,#3857,#3880,.T.);
#3880 = SURFACE_CURVE('',#3881,(#3885,#3892),.PCURVE_S1.);
#3881 = LINE('',#3882,#3883);
#3882 = CARTESIAN_POINT('',(53.925,10.245,4.));
#3883 = VECTOR('',#3884,1.);
#3884 = DIRECTION('',(0.,0.,1.));
#3885 = PCURVE('',#787,#3886);
#3886 = DEFINITIONAL_REPRESENTATION('',(#3887),#3891);
#3887 = LINE('',#3888,#3889);
#3888 = CARTESIAN_POINT('',(13.85,0.));
#3889 = VECTOR('',#3890,1.);
#3890 = DIRECTION('',(0.,-1.));
#3891 = ( GEOMETRIC_REPRESENTATION_CONTEXT(2) 
PARAMETRIC_REPRESENTATION_CONTEXT() REPRESENTATION_CONTEXT('2D SPACE',''
  ) );
#3892 = PCURVE('',#819,#3893);
#3893 = DEFINITIONAL_REPRESENTATION('',(#3894),#3898);
#3894 = LINE('',#3895,#3896);
#3895 = CARTESIAN_POINT('',(-1.570796326795,0.));
#3896 = VECTOR('',#3897,1.);
#3897 = DIRECTION('',(-0.,-1.));
#3898 = ( GEOMETRIC_REPRESENTATION_CONTEXT(2) 
PARAMETRIC_REPRESENTATION_CONTEXT() REPRESENTATION_CONTEXT('2D SPACE',''
  ) );
#3899 = ADVANCED_FACE('',(#3900),#1967,.F.);
#3900 = FACE_BOUND('',#3901,.F.);
#3901 = EDGE_LOOP('',(#3902,#3903,#3904,#3927));
#3902 = ORIENTED_EDGE('',*,*,#3802,.T.);
#3903 = ORIENTED_EDGE('',*,*,#1952,.T.);
#3904 = ORIENTED_EDGE('',*,*,#3905,.T.);
#3905 = EDGE_CURVE('',#1920,#3906,#3908,.T.);
#3906 = VERTEX_POINT('',#3907);
#3907 = CARTESIAN_POINT('',(-2.8,-117.5425,7.4));
#3908 = SURFACE_CURVE('',#3909,(#3913,#3920),.PCURVE_S1.);
#3909 = LINE('',#3910,#3911);
#3910 = CARTESIAN_POINT('',(-2.8,-117.5425,4.));
#3911 = VECTOR('',#3912,1.);
#3912 = DIRECTION('',(0.,0.,1.));
#3913 = PCURVE('',#1967,#3914);
#3914 = DEFINITIONAL_REPRESENTATION('',(#3915),#3919);
#3915 = LINE('',#3916,#3917);
#3916 = CARTESIAN_POINT('',(0.,0.));
#3917 = VECTOR('',#3918,1.);
#3918 = DIRECTION('',(0.,-1.));
#3919 = ( GEOMETRIC_REPRESENTATION_CONTEXT(2) 
PARAMETRIC_REPRESENTATION_CONTEXT() REPRESENTATION_CONTEXT('2D SPACE',''
  ) );
#3920 = PCURVE('',#1940,#3921);
#3921 = DEFINITIONAL_REPRESENTATION('',(#3922),#3926);
#3922 = LINE('',#3923,#3924);
#3923 = CARTESIAN_POINT('',(6.28318530718,0.));
#3924 = VECTOR('',#3925,1.);
#3925 = DIRECTION('',(0.,-1.));
#3926 = ( GEOMETRIC_REPRESENTATION_CONTEXT(2) 
PARAMETRIC_REPRESENTATION_CONTEXT() REPRESENTATION_CONTEXT('2D SPACE',''
  ) );
#3927 = ORIENTED_EDGE('',*,*,#3928,.T.);
#3928 = EDGE_CURVE('',#3906,#3803,#3929,.T.);
#3929 = SURFACE_CURVE('',#3930,(#3934,#3941),.PCURVE_S1.);
#3930 = LINE('',#3931,#3932);
#3931 = CARTESIAN_POINT('',(-2.8,-57.14875,7.4));
#3932 = VECTOR('',#3933,1.);
#3933 = DIRECTION('',(0.,1.,0.));
#3934 = PCURVE('',#1967,#3935);
#3935 = DEFINITIONAL_REPRESENTATION('',(#3936),#3940);
#3936 = LINE('',#3937,#3938);
#3937 = CARTESIAN_POINT('',(60.39375,-3.4));
#3938 = VECTOR('',#3939,1.);
#3939 = DIRECTION('',(1.,0.));
#3940 = ( GEOMETRIC_REPRESENTATION_CONTEXT(2) 
PARAMETRIC_REPRESENTATION_CONTEXT() REPRESENTATION_CONTEXT('2D SPACE',''
  ) );
#3941 = PCURVE('',#3533,#3942);
#3942 = DEFINITIONAL_REPRESENTATION('',(#3943),#3947);
#3943 = LINE('',#3944,#3945);
#3944 = CARTESIAN_POINT('',(-155.2,0.));
#3945 = VECTOR('',#3946,1.);
#3946 = DIRECTION('',(0.,1.));
#3947 = ( GEOMETRIC_REPRESENTATION_CONTEXT(2) 
PARAMETRIC_REPRESENTATION_CONTEXT() REPRESENTATION_CONTEXT('2D SPACE',''
  ) );
#3948 = ADVANCED_FACE('',(#3949),#819,.F.);
#3949 = FACE_BOUND('',#3950,.T.);
#3950 = EDGE_LOOP('',(#3951,#3972,#3994,#3995));
#3951 = ORIENTED_EDGE('',*,*,#3952,.F.);
#3952 = EDGE_CURVE('',#3953,#799,#3955,.T.);
#3953 = VERTEX_POINT('',#3954);
#3954 = CARTESIAN_POINT('',(56.90996231132,7.545,7.4));
#3955 = SURFACE_CURVE('',#3956,(#3960,#3966),.PCURVE_S1.);
#3956 = LINE('',#3957,#3958);
#3957 = CARTESIAN_POINT('',(56.90996231132,7.545,4.));
#3958 = VECTOR('',#3959,1.);
#3959 = DIRECTION('',(-0.,-0.,-1.));
#3960 = PCURVE('',#819,#3961);
#3961 = DEFINITIONAL_REPRESENTATION('',(#3962),#3965);
#3962 = B_SPLINE_CURVE_WITH_KNOTS('',1,(#3963,#3964),.UNSPECIFIED.,.F.,
  .F.,(2,2),(-3.4000006,-0.76),.PIECEWISE_BEZIER_KNOTS.);
#3963 = CARTESIAN_POINT('',(-0.100167421162,-3.4000006));
#3964 = CARTESIAN_POINT('',(-0.100167421162,-0.76));
#3965 = ( GEOMETRIC_REPRESENTATION_CONTEXT(2) 
PARAMETRIC_REPRESENTATION_CONTEXT() REPRESENTATION_CONTEXT('2D SPACE',''
  ) );
#3966 = PCURVE('',#846,#3967);
#3967 = DEFINITIONAL_REPRESENTATION('',(#3968),#3971);
#3968 = B_SPLINE_CURVE_WITH_KNOTS('',1,(#3969,#3970),.UNSPECIFIED.,.F.,
  .F.,(2,2),(-3.4000006,-0.76),.PIECEWISE_BEZIER_KNOTS.);
#3969 = CARTESIAN_POINT('',(55.40996231132,-3.4000006));
#3970 = CARTESIAN_POINT('',(55.40996231132,-0.76));
#3971 = ( GEOMETRIC_REPRESENTATION_CONTEXT(2) 
PARAMETRIC_REPRESENTATION_CONTEXT() REPRESENTATION_CONTEXT('2D SPACE',''
  ) );
#3972 = ORIENTED_EDGE('',*,*,#3973,.T.);
#3973 = EDGE_CURVE('',#3953,#3857,#3974,.T.);
#3974 = SURFACE_CURVE('',#3975,(#3980,#3987),.PCURVE_S1.);
#3975 = CIRCLE('',#3976,3.);
#3976 = AXIS2_PLACEMENT_3D('',#3977,#3978,#3979);
#3977 = CARTESIAN_POINT('',(53.925,7.245,7.4));
#3978 = DIRECTION('',(0.,0.,1.));
#3979 = DIRECTION('',(1.,0.,0.));
#3980 = PCURVE('',#819,#3981);
#3981 = DEFINITIONAL_REPRESENTATION('',(#3982),#3986);
#3982 = LINE('',#3983,#3984);
#3983 = CARTESIAN_POINT('',(-0.,-3.4));
#3984 = VECTOR('',#3985,1.);
#3985 = DIRECTION('',(-1.,0.));
#3986 = ( GEOMETRIC_REPRESENTATION_CONTEXT(2) 
PARAMETRIC_REPRESENTATION_CONTEXT() REPRESENTATION_CONTEXT('2D SPACE',''
  ) );
#3987 = PCURVE('',#3533,#3988);
#3988 = DEFINITIONAL_REPRESENTATION('',(#3989),#3993);
#3989 = CIRCLE('',#3990,3.);
#3990 = AXIS2_PLACEMENT_2D('',#3991,#3992);
#3991 = CARTESIAN_POINT('',(-98.475,64.39375));
#3992 = DIRECTION('',(1.,0.));
#3993 = ( GEOMETRIC_REPRESENTATION_CONTEXT(2) 
PARAMETRIC_REPRESENTATION_CONTEXT() REPRESENTATION_CONTEXT('2D SPACE',''
  ) );
#3994 = ORIENTED_EDGE('',*,*,#3879,.F.);
#3995 = ORIENTED_EDGE('',*,*,#798,.T.);
#3996 = ADVANCED_FACE('',(#3997),#1940,.F.);
#3997 = FACE_BOUND('',#3998,.F.);
#3998 = EDGE_LOOP('',(#3999,#4000,#4023,#4049));
#3999 = ORIENTED_EDGE('',*,*,#1919,.F.);
#4000 = ORIENTED_EDGE('',*,*,#4001,.T.);
#4001 = EDGE_CURVE('',#1894,#4002,#4004,.T.);
#4002 = VERTEX_POINT('',#4003);
#4003 = CARTESIAN_POINT('',(1.5,-121.8425,7.4));
#4004 = SURFACE_CURVE('',#4005,(#4009,#4016),.PCURVE_S1.);
#4005 = LINE('',#4006,#4007);
#4006 = CARTESIAN_POINT('',(1.5,-121.8425,4.));
#4007 = VECTOR('',#4008,1.);
#4008 = DIRECTION('',(0.,0.,1.));
#4009 = PCURVE('',#1940,#4010);
#4010 = DEFINITIONAL_REPRESENTATION('',(#4011),#4015);
#4011 = LINE('',#4012,#4013);
#4012 = CARTESIAN_POINT('',(4.712388980385,0.));
#4013 = VECTOR('',#4014,1.);
#4014 = DIRECTION('',(0.,-1.));
#4015 = ( GEOMETRIC_REPRESENTATION_CONTEXT(2) 
PARAMETRIC_REPRESENTATION_CONTEXT() REPRESENTATION_CONTEXT('2D SPACE',''
  ) );
#4016 = PCURVE('',#1908,#4017);
#4017 = DEFINITIONAL_REPRESENTATION('',(#4018),#4022);
#4018 = LINE('',#4019,#4020);
#4019 = CARTESIAN_POINT('',(0.,0.));
#4020 = VECTOR('',#4021,1.);
#4021 = DIRECTION('',(0.,-1.));
#4022 = ( GEOMETRIC_REPRESENTATION_CONTEXT(2) 
PARAMETRIC_REPRESENTATION_CONTEXT() REPRESENTATION_CONTEXT('2D SPACE',''
  ) );
#4023 = ORIENTED_EDGE('',*,*,#4024,.T.);
#4024 = EDGE_CURVE('',#4002,#3906,#4025,.T.);
#4025 = SURFACE_CURVE('',#4026,(#4031,#4038),.PCURVE_S1.);
#4026 = CIRCLE('',#4027,4.3);
#4027 = AXIS2_PLACEMENT_3D('',#4028,#4029,#4030);
#4028 = CARTESIAN_POINT('',(1.5,-117.5425,7.4));
#4029 = DIRECTION('',(0.,0.,-1.));
#4030 = DIRECTION('',(-1.,0.,0.));
#4031 = PCURVE('',#1940,#4032);
#4032 = DEFINITIONAL_REPRESENTATION('',(#4033),#4037);
#4033 = LINE('',#4034,#4035);
#4034 = CARTESIAN_POINT('',(0.,-3.4));
#4035 = VECTOR('',#4036,1.);
#4036 = DIRECTION('',(1.,0.));
#4037 = ( GEOMETRIC_REPRESENTATION_CONTEXT(2) 
PARAMETRIC_REPRESENTATION_CONTEXT() REPRESENTATION_CONTEXT('2D SPACE',''
  ) );
#4038 = PCURVE('',#3533,#4039);
#4039 = DEFINITIONAL_REPRESENTATION('',(#4040),#4048);
#4040 = ( BOUNDED_CURVE() B_SPLINE_CURVE(2,(#4041,#4042,#4043,#4044,
#4045,#4046,#4047),.UNSPECIFIED.,.T.,.F.) B_SPLINE_CURVE_WITH_KNOTS((1,2
    ,2,2,2,1),(-2.094395102393,0.,2.094395102393,4.188790204786,
6.28318530718,8.377580409573),.UNSPECIFIED.) CURVE() 
GEOMETRIC_REPRESENTATION_ITEM() RATIONAL_B_SPLINE_CURVE((1.,0.5,1.,0.5,
1.,0.5,1.)) REPRESENTATION_ITEM('') );
#4041 = CARTESIAN_POINT('',(-155.2,-60.39375));
#4042 = CARTESIAN_POINT('',(-155.2,-52.94593152745));
#4043 = CARTESIAN_POINT('',(-148.75,-56.66984076372));
#4044 = CARTESIAN_POINT('',(-142.3,-60.39375));
#4045 = CARTESIAN_POINT('',(-148.75,-64.11765923627));
#4046 = CARTESIAN_POINT('',(-155.2,-67.84156847254));
#4047 = CARTESIAN_POINT('',(-155.2,-60.39375));
#4048 = ( GEOMETRIC_REPRESENTATION_CONTEXT(2) 
PARAMETRIC_REPRESENTATION_CONTEXT() REPRESENTATION_CONTEXT('2D SPACE',''
  ) );
#4049 = ORIENTED_EDGE('',*,*,#3905,.F.);
#4050 = ADVANCED_FACE('',(#4051),#846,.F.);
#4051 = FACE_BOUND('',#4052,.F.);
#4052 = EDGE_LOOP('',(#4053,#4074,#4075,#4076));
#4053 = ORIENTED_EDGE('',*,*,#4054,.T.);
#4054 = EDGE_CURVE('',#4055,#832,#4057,.T.);
#4055 = VERTEX_POINT('',#4056);
#4056 = CARTESIAN_POINT('',(105.09003768868,7.545,7.4));
#4057 = SURFACE_CURVE('',#4058,(#4062,#4068),.PCURVE_S1.);
#4058 = LINE('',#4059,#4060);
#4059 = CARTESIAN_POINT('',(105.09003768868,7.545,4.));
#4060 = VECTOR('',#4061,1.);
#4061 = DIRECTION('',(-0.,-0.,-1.));
#4062 = PCURVE('',#846,#4063);
#4063 = DEFINITIONAL_REPRESENTATION('',(#4064),#4067);
#4064 = B_SPLINE_CURVE_WITH_KNOTS('',1,(#4065,#4066),.UNSPECIFIED.,.F.,
  .F.,(2,2),(-3.4000006,-0.76),.PIECEWISE_BEZIER_KNOTS.);
#4065 = CARTESIAN_POINT('',(103.59003768868,-3.4000006));
#4066 = CARTESIAN_POINT('',(103.59003768868,-0.76));
#4067 = ( GEOMETRIC_REPRESENTATION_CONTEXT(2) 
PARAMETRIC_REPRESENTATION_CONTEXT() REPRESENTATION_CONTEXT('2D SPACE',''
  ) );
#4068 = PCURVE('',#878,#4069);
#4069 = DEFINITIONAL_REPRESENTATION('',(#4070),#4073);
#4070 = B_SPLINE_CURVE_WITH_KNOTS('',1,(#4071,#4072),.UNSPECIFIED.,.F.,
  .F.,(2,2),(-3.4000006,-0.76),.PIECEWISE_BEZIER_KNOTS.);
#4071 = CARTESIAN_POINT('',(-3.041425232428,-3.4000006));
#4072 = CARTESIAN_POINT('',(-3.041425232428,-0.76));
#4073 = ( GEOMETRIC_REPRESENTATION_CONTEXT(2) 
PARAMETRIC_REPRESENTATION_CONTEXT() REPRESENTATION_CONTEXT('2D SPACE',''
  ) );
#4074 = ORIENTED_EDGE('',*,*,#831,.T.);
#4075 = ORIENTED_EDGE('',*,*,#3952,.F.);
#4076 = ORIENTED_EDGE('',*,*,#4077,.T.);
#4077 = EDGE_CURVE('',#3953,#4055,#4078,.T.);
#4078 = SURFACE_CURVE('',#4079,(#4083,#4090),.PCURVE_S1.);
#4079 = LINE('',#4080,#4081);
#4080 = CARTESIAN_POINT('',(152.4,7.545,7.4));
#4081 = VECTOR('',#4082,1.);
#4082 = DIRECTION('',(1.,0.,0.));
#4083 = PCURVE('',#846,#4084);
#4084 = DEFINITIONAL_REPRESENTATION('',(#4085),#4089);
#4085 = LINE('',#4086,#4087);
#4086 = CARTESIAN_POINT('',(150.9,-3.4));
#4087 = VECTOR('',#4088,1.);
#4088 = DIRECTION('',(1.,0.));
#4089 = ( GEOMETRIC_REPRESENTATION_CONTEXT(2) 
PARAMETRIC_REPRESENTATION_CONTEXT() REPRESENTATION_CONTEXT('2D SPACE',''
  ) );
#4090 = PCURVE('',#3533,#4091);
#4091 = DEFINITIONAL_REPRESENTATION('',(#4092),#4096);
#4092 = LINE('',#4093,#4094);
#4093 = CARTESIAN_POINT('',(0.,64.69375));
#4094 = VECTOR('',#4095,1.);
#4095 = DIRECTION('',(1.,0.));
#4096 = ( GEOMETRIC_REPRESENTATION_CONTEXT(2) 
PARAMETRIC_REPRESENTATION_CONTEXT() REPRESENTATION_CONTEXT('2D SPACE',''
  ) );
#4097 = ADVANCED_FACE('',(#4098),#1908,.T.);
#4098 = FACE_BOUND('',#4099,.T.);
#4099 = EDGE_LOOP('',(#4100,#4121,#4122,#4123));
#4100 = ORIENTED_EDGE('',*,*,#4101,.T.);
#4101 = EDGE_CURVE('',#4102,#1861,#4104,.T.);
#4102 = VERTEX_POINT('',#4103);
#4103 = CARTESIAN_POINT('',(23.42753768868,-121.8425,7.4));
#4104 = SURFACE_CURVE('',#4105,(#4109,#4115),.PCURVE_S1.);
#4105 = LINE('',#4106,#4107);
#4106 = CARTESIAN_POINT('',(23.42753768868,-121.8425,4.));
#4107 = VECTOR('',#4108,1.);
#4108 = DIRECTION('',(-0.,-0.,-1.));
#4109 = PCURVE('',#1908,#4110);
#4110 = DEFINITIONAL_REPRESENTATION('',(#4111),#4114);
#4111 = B_SPLINE_CURVE_WITH_KNOTS('',1,(#4112,#4113),.UNSPECIFIED.,.F.,
  .F.,(2,2),(-3.4000006,-0.76),.PIECEWISE_BEZIER_KNOTS.);
#4112 = CARTESIAN_POINT('',(21.92753768868,-3.4000006));
#4113 = CARTESIAN_POINT('',(21.92753768868,-0.76));
#4114 = ( GEOMETRIC_REPRESENTATION_CONTEXT(2) 
PARAMETRIC_REPRESENTATION_CONTEXT() REPRESENTATION_CONTEXT('2D SPACE',''
  ) );
#4115 = PCURVE('',#1881,#4116);
#4116 = DEFINITIONAL_REPRESENTATION('',(#4117),#4120);
#4117 = B_SPLINE_CURVE_WITH_KNOTS('',1,(#4118,#4119),.UNSPECIFIED.,.F.,
  .F.,(2,2),(-3.4000006,-0.76),.PIECEWISE_BEZIER_KNOTS.);
#4118 = CARTESIAN_POINT('',(-3.241760074751,-3.4000006));
#4119 = CARTESIAN_POINT('',(-3.241760074751,-0.76));
#4120 = ( GEOMETRIC_REPRESENTATION_CONTEXT(2) 
PARAMETRIC_REPRESENTATION_CONTEXT() REPRESENTATION_CONTEXT('2D SPACE',''
  ) );
#4121 = ORIENTED_EDGE('',*,*,#1893,.T.);
#4122 = ORIENTED_EDGE('',*,*,#4001,.T.);
#4123 = ORIENTED_EDGE('',*,*,#4124,.T.);
#4124 = EDGE_CURVE('',#4002,#4102,#4125,.T.);
#4125 = SURFACE_CURVE('',#4126,(#4130,#4137),.PCURVE_S1.);
#4126 = LINE('',#4127,#4128);
#4127 = CARTESIAN_POINT('',(152.4,-121.8425,7.4));
#4128 = VECTOR('',#4129,1.);
#4129 = DIRECTION('',(1.,0.,0.));
#4130 = PCURVE('',#1908,#4131);
#4131 = DEFINITIONAL_REPRESENTATION('',(#4132),#4136);
#4132 = LINE('',#4133,#4134);
#4133 = CARTESIAN_POINT('',(150.9,-3.4));
#4134 = VECTOR('',#4135,1.);
#4135 = DIRECTION('',(1.,0.));
#4136 = ( GEOMETRIC_REPRESENTATION_CONTEXT(2) 
PARAMETRIC_REPRESENTATION_CONTEXT() REPRESENTATION_CONTEXT('2D SPACE',''
  ) );
#4137 = PCURVE('',#3533,#4138);
#4138 = DEFINITIONAL_REPRESENTATION('',(#4139),#4143);
#4139 = LINE('',#4140,#4141);
#4140 = CARTESIAN_POINT('',(0.,-64.69375));
#4141 = VECTOR('',#4142,1.);
#4142 = DIRECTION('',(1.,0.));
#4143 = ( GEOMETRIC_REPRESENTATION_CONTEXT(2) 
PARAMETRIC_REPRESENTATION_CONTEXT() REPRESENTATION_CONTEXT('2D SPACE',''
  ) );
#4144 = ADVANCED_FACE('',(#4145),#878,.F.);
#4145 = FACE_BOUND('',#4146,.T.);
#4146 = EDGE_LOOP('',(#4147,#4148,#4171,#4193));
#4147 = ORIENTED_EDGE('',*,*,#857,.T.);
#4148 = ORIENTED_EDGE('',*,*,#4149,.T.);
#4149 = EDGE_CURVE('',#858,#4150,#4152,.T.);
#4150 = VERTEX_POINT('',#4151);
#4151 = CARTESIAN_POINT('',(108.075,10.245,7.4));
#4152 = SURFACE_CURVE('',#4153,(#4157,#4164),.PCURVE_S1.);
#4153 = LINE('',#4154,#4155);
#4154 = CARTESIAN_POINT('',(108.075,10.245,4.));
#4155 = VECTOR('',#4156,1.);
#4156 = DIRECTION('',(0.,0.,1.));
#4157 = PCURVE('',#878,#4158);
#4158 = DEFINITIONAL_REPRESENTATION('',(#4159),#4163);
#4159 = LINE('',#4160,#4161);
#4160 = CARTESIAN_POINT('',(-1.570796326795,0.));
#4161 = VECTOR('',#4162,1.);
#4162 = DIRECTION('',(-0.,-1.));
#4163 = ( GEOMETRIC_REPRESENTATION_CONTEXT(2) 
PARAMETRIC_REPRESENTATION_CONTEXT() REPRESENTATION_CONTEXT('2D SPACE',''
  ) );
#4164 = PCURVE('',#905,#4165);
#4165 = DEFINITIONAL_REPRESENTATION('',(#4166),#4170);
#4166 = LINE('',#4167,#4168);
#4167 = CARTESIAN_POINT('',(0.,0.));
#4168 = VECTOR('',#4169,1.);
#4169 = DIRECTION('',(0.,-1.));
#4170 = ( GEOMETRIC_REPRESENTATION_CONTEXT(2) 
PARAMETRIC_REPRESENTATION_CONTEXT() REPRESENTATION_CONTEXT('2D SPACE',''
  ) );
#4171 = ORIENTED_EDGE('',*,*,#4172,.T.);
#4172 = EDGE_CURVE('',#4150,#4055,#4173,.T.);
#4173 = SURFACE_CURVE('',#4174,(#4179,#4186),.PCURVE_S1.);
#4174 = CIRCLE('',#4175,3.);
#4175 = AXIS2_PLACEMENT_3D('',#4176,#4177,#4178);
#4176 = CARTESIAN_POINT('',(108.075,7.245,7.4));
#4177 = DIRECTION('',(0.,0.,1.));
#4178 = DIRECTION('',(1.,0.,0.));
#4179 = PCURVE('',#878,#4180);
#4180 = DEFINITIONAL_REPRESENTATION('',(#4181),#4185);
#4181 = LINE('',#4182,#4183);
#4182 = CARTESIAN_POINT('',(-0.,-3.4));
#4183 = VECTOR('',#4184,1.);
#4184 = DIRECTION('',(-1.,0.));
#4185 = ( GEOMETRIC_REPRESENTATION_CONTEXT(2) 
PARAMETRIC_REPRESENTATION_CONTEXT() REPRESENTATION_CONTEXT('2D SPACE',''
  ) );
#4186 = PCURVE('',#3533,#4187);
#4187 = DEFINITIONAL_REPRESENTATION('',(#4188),#4192);
#4188 = CIRCLE('',#4189,3.);
#4189 = AXIS2_PLACEMENT_2D('',#4190,#4191);
#4190 = CARTESIAN_POINT('',(-44.325,64.39375));
#4191 = DIRECTION('',(1.,0.));
#4192 = ( GEOMETRIC_REPRESENTATION_CONTEXT(2) 
PARAMETRIC_REPRESENTATION_CONTEXT() REPRESENTATION_CONTEXT('2D SPACE',''
  ) );
#4193 = ORIENTED_EDGE('',*,*,#4054,.T.);
#4194 = ADVANCED_FACE('',(#4195),#1881,.F.);
#4195 = FACE_BOUND('',#4196,.T.);
#4196 = EDGE_LOOP('',(#4197,#4198,#4222,#4243));
#4197 = ORIENTED_EDGE('',*,*,#4101,.F.);
#4198 = ORIENTED_EDGE('',*,*,#4199,.T.);
#4199 = EDGE_CURVE('',#4102,#4200,#4202,.T.);
#4200 = VERTEX_POINT('',#4201);
#4201 = CARTESIAN_POINT('',(26.4125,-124.5425,7.4));
#4202 = SURFACE_CURVE('',#4203,(#4208,#4215),.PCURVE_S1.);
#4203 = CIRCLE('',#4204,3.);
#4204 = AXIS2_PLACEMENT_3D('',#4205,#4206,#4207);
#4205 = CARTESIAN_POINT('',(26.4125,-121.5425,7.4));
#4206 = DIRECTION('',(0.,0.,1.));
#4207 = DIRECTION('',(1.,0.,0.));
#4208 = PCURVE('',#1881,#4209);
#4209 = DEFINITIONAL_REPRESENTATION('',(#4210),#4214);
#4210 = LINE('',#4211,#4212);
#4211 = CARTESIAN_POINT('',(-0.,-3.4));
#4212 = VECTOR('',#4213,1.);
#4213 = DIRECTION('',(-1.,0.));
#4214 = ( GEOMETRIC_REPRESENTATION_CONTEXT(2) 
PARAMETRIC_REPRESENTATION_CONTEXT() REPRESENTATION_CONTEXT('2D SPACE',''
  ) );
#4215 = PCURVE('',#3533,#4216);
#4216 = DEFINITIONAL_REPRESENTATION('',(#4217),#4221);
#4217 = CIRCLE('',#4218,3.);
#4218 = AXIS2_PLACEMENT_2D('',#4219,#4220);
#4219 = CARTESIAN_POINT('',(-125.9875,-64.39375));
#4220 = DIRECTION('',(1.,0.));
#4221 = ( GEOMETRIC_REPRESENTATION_CONTEXT(2) 
PARAMETRIC_REPRESENTATION_CONTEXT() REPRESENTATION_CONTEXT('2D SPACE',''
  ) );
#4222 = ORIENTED_EDGE('',*,*,#4223,.F.);
#4223 = EDGE_CURVE('',#1835,#4200,#4224,.T.);
#4224 = SURFACE_CURVE('',#4225,(#4229,#4236),.PCURVE_S1.);
#4225 = LINE('',#4226,#4227);
#4226 = CARTESIAN_POINT('',(26.4125,-124.5425,4.));
#4227 = VECTOR('',#4228,1.);
#4228 = DIRECTION('',(0.,0.,1.));
#4229 = PCURVE('',#1881,#4230);
#4230 = DEFINITIONAL_REPRESENTATION('',(#4231),#4235);
#4231 = LINE('',#4232,#4233);
#4232 = CARTESIAN_POINT('',(-4.712388980385,0.));
#4233 = VECTOR('',#4234,1.);
#4234 = DIRECTION('',(-0.,-1.));
#4235 = ( GEOMETRIC_REPRESENTATION_CONTEXT(2) 
PARAMETRIC_REPRESENTATION_CONTEXT() REPRESENTATION_CONTEXT('2D SPACE',''
  ) );
#4236 = PCURVE('',#1849,#4237);
#4237 = DEFINITIONAL_REPRESENTATION('',(#4238),#4242);
#4238 = LINE('',#4239,#4240);
#4239 = CARTESIAN_POINT('',(0.,0.));
#4240 = VECTOR('',#4241,1.);
#4241 = DIRECTION('',(0.,-1.));
#4242 = ( GEOMETRIC_REPRESENTATION_CONTEXT(2) 
PARAMETRIC_REPRESENTATION_CONTEXT() REPRESENTATION_CONTEXT('2D SPACE',''
  ) );
#4243 = ORIENTED_EDGE('',*,*,#1860,.T.);
#4244 = ADVANCED_FACE('',(#4245),#905,.F.);
#4245 = FACE_BOUND('',#4246,.F.);
#4246 = EDGE_LOOP('',(#4247,#4248,#4249,#4272));
#4247 = ORIENTED_EDGE('',*,*,#890,.T.);
#4248 = ORIENTED_EDGE('',*,*,#4149,.T.);
#4249 = ORIENTED_EDGE('',*,*,#4250,.T.);
#4250 = EDGE_CURVE('',#4150,#4251,#4253,.T.);
#4251 = VERTEX_POINT('',#4252);
#4252 = CARTESIAN_POINT('',(121.925,10.245,7.4));
#4253 = SURFACE_CURVE('',#4254,(#4258,#4265),.PCURVE_S1.);
#4254 = LINE('',#4255,#4256);
#4255 = CARTESIAN_POINT('',(115.,10.245,7.4));
#4256 = VECTOR('',#4257,1.);
#4257 = DIRECTION('',(1.,0.,0.));
#4258 = PCURVE('',#905,#4259);
#4259 = DEFINITIONAL_REPRESENTATION('',(#4260),#4264);
#4260 = LINE('',#4261,#4262);
#4261 = CARTESIAN_POINT('',(6.925,-3.4));
#4262 = VECTOR('',#4263,1.);
#4263 = DIRECTION('',(1.,0.));
#4264 = ( GEOMETRIC_REPRESENTATION_CONTEXT(2) 
PARAMETRIC_REPRESENTATION_CONTEXT() REPRESENTATION_CONTEXT('2D SPACE',''
  ) );
#4265 = PCURVE('',#3533,#4266);
#4266 = DEFINITIONAL_REPRESENTATION('',(#4267),#4271);
#4267 = LINE('',#4268,#4269);
#4268 = CARTESIAN_POINT('',(-37.4,67.39375));
#4269 = VECTOR('',#4270,1.);
#4270 = DIRECTION('',(1.,0.));
#4271 = ( GEOMETRIC_REPRESENTATION_CONTEXT(2) 
PARAMETRIC_REPRESENTATION_CONTEXT() REPRESENTATION_CONTEXT('2D SPACE',''
  ) );
#4272 = ORIENTED_EDGE('',*,*,#4273,.F.);
#4273 = EDGE_CURVE('',#891,#4251,#4274,.T.);
#4274 = SURFACE_CURVE('',#4275,(#4279,#4286),.PCURVE_S1.);
#4275 = LINE('',#4276,#4277);
#4276 = CARTESIAN_POINT('',(121.925,10.245,4.));
#4277 = VECTOR('',#4278,1.);
#4278 = DIRECTION('',(0.,0.,1.));
#4279 = PCURVE('',#905,#4280);
#4280 = DEFINITIONAL_REPRESENTATION('',(#4281),#4285);
#4281 = LINE('',#4282,#4283);
#4282 = CARTESIAN_POINT('',(13.85,0.));
#4283 = VECTOR('',#4284,1.);
#4284 = DIRECTION('',(0.,-1.));
#4285 = ( GEOMETRIC_REPRESENTATION_CONTEXT(2) 
PARAMETRIC_REPRESENTATION_CONTEXT() REPRESENTATION_CONTEXT('2D SPACE',''
  ) );
#4286 = PCURVE('',#937,#4287);
#4287 = DEFINITIONAL_REPRESENTATION('',(#4288),#4292);
#4288 = LINE('',#4289,#4290);
#4289 = CARTESIAN_POINT('',(-1.570796326795,0.));
#4290 = VECTOR('',#4291,1.);
#4291 = DIRECTION('',(-0.,-1.));
#4292 = ( GEOMETRIC_REPRESENTATION_CONTEXT(2) 
PARAMETRIC_REPRESENTATION_CONTEXT() REPRESENTATION_CONTEXT('2D SPACE',''
  ) );
#4293 = ADVANCED_FACE('',(#4294),#1849,.T.);
#4294 = FACE_BOUND('',#4295,.T.);
#4295 = EDGE_LOOP('',(#4296,#4297,#4298,#4321));
#4296 = ORIENTED_EDGE('',*,*,#1834,.T.);
#4297 = ORIENTED_EDGE('',*,*,#4223,.T.);
#4298 = ORIENTED_EDGE('',*,*,#4299,.T.);
#4299 = EDGE_CURVE('',#4200,#4300,#4302,.T.);
#4300 = VERTEX_POINT('',#4301);
#4301 = CARTESIAN_POINT('',(40.2625,-124.5425,7.4));
#4302 = SURFACE_CURVE('',#4303,(#4307,#4314),.PCURVE_S1.);
#4303 = LINE('',#4304,#4305);
#4304 = CARTESIAN_POINT('',(33.3375,-124.5425,7.4));
#4305 = VECTOR('',#4306,1.);
#4306 = DIRECTION('',(1.,0.,0.));
#4307 = PCURVE('',#1849,#4308);
#4308 = DEFINITIONAL_REPRESENTATION('',(#4309),#4313);
#4309 = LINE('',#4310,#4311);
#4310 = CARTESIAN_POINT('',(6.925,-3.4));
#4311 = VECTOR('',#4312,1.);
#4312 = DIRECTION('',(1.,0.));
#4313 = ( GEOMETRIC_REPRESENTATION_CONTEXT(2) 
PARAMETRIC_REPRESENTATION_CONTEXT() REPRESENTATION_CONTEXT('2D SPACE',''
  ) );
#4314 = PCURVE('',#3533,#4315);
#4315 = DEFINITIONAL_REPRESENTATION('',(#4316),#4320);
#4316 = LINE('',#4317,#4318);
#4317 = CARTESIAN_POINT('',(-119.0625,-67.39375));
#4318 = VECTOR('',#4319,1.);
#4319 = DIRECTION('',(1.,0.));
#4320 = ( GEOMETRIC_REPRESENTATION_CONTEXT(2) 
PARAMETRIC_REPRESENTATION_CONTEXT() REPRESENTATION_CONTEXT('2D SPACE',''
  ) );
#4321 = ORIENTED_EDGE('',*,*,#4322,.F.);
#4322 = EDGE_CURVE('',#1802,#4300,#4323,.T.);
#4323 = SURFACE_CURVE('',#4324,(#4328,#4335),.PCURVE_S1.);
#4324 = LINE('',#4325,#4326);
#4325 = CARTESIAN_POINT('',(40.2625,-124.5425,4.));
#4326 = VECTOR('',#4327,1.);
#4327 = DIRECTION('',(0.,0.,1.));
#4328 = PCURVE('',#1849,#4329);
#4329 = DEFINITIONAL_REPRESENTATION('',(#4330),#4334);
#4330 = LINE('',#4331,#4332);
#4331 = CARTESIAN_POINT('',(13.85,0.));
#4332 = VECTOR('',#4333,1.);
#4333 = DIRECTION('',(0.,-1.));
#4334 = ( GEOMETRIC_REPRESENTATION_CONTEXT(2) 
PARAMETRIC_REPRESENTATION_CONTEXT() REPRESENTATION_CONTEXT('2D SPACE',''
  ) );
#4335 = PCURVE('',#1822,#4336);
#4336 = DEFINITIONAL_REPRESENTATION('',(#4337),#4341);
#4337 = LINE('',#4338,#4339);
#4338 = CARTESIAN_POINT('',(-4.712388980385,0.));
#4339 = VECTOR('',#4340,1.);
#4340 = DIRECTION('',(-0.,-1.));
#4341 = ( GEOMETRIC_REPRESENTATION_CONTEXT(2) 
PARAMETRIC_REPRESENTATION_CONTEXT() REPRESENTATION_CONTEXT('2D SPACE',''
  ) );
#4342 = ADVANCED_FACE('',(#4343),#937,.F.);
#4343 = FACE_BOUND('',#4344,.T.);
#4344 = EDGE_LOOP('',(#4345,#4366,#4388,#4389));
#4345 = ORIENTED_EDGE('',*,*,#4346,.F.);
#4346 = EDGE_CURVE('',#4347,#917,#4349,.T.);
#4347 = VERTEX_POINT('',#4348);
#4348 = CARTESIAN_POINT('',(124.90996231132,7.545,7.4));
#4349 = SURFACE_CURVE('',#4350,(#4354,#4360),.PCURVE_S1.);
#4350 = LINE('',#4351,#4352);
#4351 = CARTESIAN_POINT('',(124.90996231132,7.545,4.));
#4352 = VECTOR('',#4353,1.);
#4353 = DIRECTION('',(-0.,-0.,-1.));
#4354 = PCURVE('',#937,#4355);
#4355 = DEFINITIONAL_REPRESENTATION('',(#4356),#4359);
#4356 = B_SPLINE_CURVE_WITH_KNOTS('',1,(#4357,#4358),.UNSPECIFIED.,.F.,
  .F.,(2,2),(-3.4000006,-0.76),.PIECEWISE_BEZIER_KNOTS.);
#4357 = CARTESIAN_POINT('',(-0.100167421162,-3.4000006));
#4358 = CARTESIAN_POINT('',(-0.100167421162,-0.76));
#4359 = ( GEOMETRIC_REPRESENTATION_CONTEXT(2) 
PARAMETRIC_REPRESENTATION_CONTEXT() REPRESENTATION_CONTEXT('2D SPACE',''
  ) );
#4360 = PCURVE('',#964,#4361);
#4361 = DEFINITIONAL_REPRESENTATION('',(#4362),#4365);
#4362 = B_SPLINE_CURVE_WITH_KNOTS('',1,(#4363,#4364),.UNSPECIFIED.,.F.,
  .F.,(2,2),(-3.4000006,-0.76),.PIECEWISE_BEZIER_KNOTS.);
#4363 = CARTESIAN_POINT('',(123.40996231132,-3.4000006));
#4364 = CARTESIAN_POINT('',(123.40996231132,-0.76));
#4365 = ( GEOMETRIC_REPRESENTATION_CONTEXT(2) 
PARAMETRIC_REPRESENTATION_CONTEXT() REPRESENTATION_CONTEXT('2D SPACE',''
  ) );
#4366 = ORIENTED_EDGE('',*,*,#4367,.T.);
#4367 = EDGE_CURVE('',#4347,#4251,#4368,.T.);
#4368 = SURFACE_CURVE('',#4369,(#4374,#4381),.PCURVE_S1.);
#4369 = CIRCLE('',#4370,3.);
#4370 = AXIS2_PLACEMENT_3D('',#4371,#4372,#4373);
#4371 = CARTESIAN_POINT('',(121.925,7.245,7.4));
#4372 = DIRECTION('',(0.,0.,1.));
#4373 = DIRECTION('',(1.,0.,0.));
#4374 = PCURVE('',#937,#4375);
#4375 = DEFINITIONAL_REPRESENTATION('',(#4376),#4380);
#4376 = LINE('',#4377,#4378);
#4377 = CARTESIAN_POINT('',(-0.,-3.4));
#4378 = VECTOR('',#4379,1.);
#4379 = DIRECTION('',(-1.,0.));
#4380 = ( GEOMETRIC_REPRESENTATION_CONTEXT(2) 
PARAMETRIC_REPRESENTATION_CONTEXT() REPRESENTATION_CONTEXT('2D SPACE',''
  ) );
#4381 = PCURVE('',#3533,#4382);
#4382 = DEFINITIONAL_REPRESENTATION('',(#4383),#4387);
#4383 = CIRCLE('',#4384,3.);
#4384 = AXIS2_PLACEMENT_2D('',#4385,#4386);
#4385 = CARTESIAN_POINT('',(-30.475,64.39375));
#4386 = DIRECTION('',(1.,0.));
#4387 = ( GEOMETRIC_REPRESENTATION_CONTEXT(2) 
PARAMETRIC_REPRESENTATION_CONTEXT() REPRESENTATION_CONTEXT('2D SPACE',''
  ) );
#4388 = ORIENTED_EDGE('',*,*,#4273,.F.);
#4389 = ORIENTED_EDGE('',*,*,#916,.T.);
#4390 = ADVANCED_FACE('',(#4391),#1822,.F.);
#4391 = FACE_BOUND('',#4392,.T.);
#4392 = EDGE_LOOP('',(#4393,#4394,#4395,#4419));
#4393 = ORIENTED_EDGE('',*,*,#1801,.T.);
#4394 = ORIENTED_EDGE('',*,*,#4322,.T.);
#4395 = ORIENTED_EDGE('',*,*,#4396,.T.);
#4396 = EDGE_CURVE('',#4300,#4397,#4399,.T.);
#4397 = VERTEX_POINT('',#4398);
#4398 = CARTESIAN_POINT('',(43.24746231132,-121.8425,7.4));
#4399 = SURFACE_CURVE('',#4400,(#4405,#4412),.PCURVE_S1.);
#4400 = CIRCLE('',#4401,3.);
#4401 = AXIS2_PLACEMENT_3D('',#4402,#4403,#4404);
#4402 = CARTESIAN_POINT('',(40.2625,-121.5425,7.4));
#4403 = DIRECTION('',(0.,0.,1.));
#4404 = DIRECTION('',(1.,0.,0.));
#4405 = PCURVE('',#1822,#4406);
#4406 = DEFINITIONAL_REPRESENTATION('',(#4407),#4411);
#4407 = LINE('',#4408,#4409);
#4408 = CARTESIAN_POINT('',(-0.,-3.4));
#4409 = VECTOR('',#4410,1.);
#4410 = DIRECTION('',(-1.,0.));
#4411 = ( GEOMETRIC_REPRESENTATION_CONTEXT(2) 
PARAMETRIC_REPRESENTATION_CONTEXT() REPRESENTATION_CONTEXT('2D SPACE',''
  ) );
#4412 = PCURVE('',#3533,#4413);
#4413 = DEFINITIONAL_REPRESENTATION('',(#4414),#4418);
#4414 = CIRCLE('',#4415,3.);
#4415 = AXIS2_PLACEMENT_2D('',#4416,#4417);
#4416 = CARTESIAN_POINT('',(-112.1375,-64.39375));
#4417 = DIRECTION('',(1.,0.));
#4418 = ( GEOMETRIC_REPRESENTATION_CONTEXT(2) 
PARAMETRIC_REPRESENTATION_CONTEXT() REPRESENTATION_CONTEXT('2D SPACE',''
  ) );
#4419 = ORIENTED_EDGE('',*,*,#4420,.T.);
#4420 = EDGE_CURVE('',#4397,#1776,#4421,.T.);
#4421 = SURFACE_CURVE('',#4422,(#4426,#4432),.PCURVE_S1.);
#4422 = LINE('',#4423,#4424);
#4423 = CARTESIAN_POINT('',(43.24746231132,-121.8425,4.));
#4424 = VECTOR('',#4425,1.);
#4425 = DIRECTION('',(-0.,-0.,-1.));
#4426 = PCURVE('',#1822,#4427);
#4427 = DEFINITIONAL_REPRESENTATION('',(#4428),#4431);
#4428 = B_SPLINE_CURVE_WITH_KNOTS('',1,(#4429,#4430),.UNSPECIFIED.,.F.,
  .F.,(2,2),(-3.4000006,-0.76),.PIECEWISE_BEZIER_KNOTS.);
#4429 = CARTESIAN_POINT('',(-6.183017886018,-3.4000006));
#4430 = CARTESIAN_POINT('',(-6.183017886018,-0.76));
#4431 = ( GEOMETRIC_REPRESENTATION_CONTEXT(2) 
PARAMETRIC_REPRESENTATION_CONTEXT() REPRESENTATION_CONTEXT('2D SPACE',''
  ) );
#4432 = PCURVE('',#1790,#4433);
#4433 = DEFINITIONAL_REPRESENTATION('',(#4434),#4437);
#4434 = B_SPLINE_CURVE_WITH_KNOTS('',1,(#4435,#4436),.UNSPECIFIED.,.F.,
  .F.,(2,2),(-3.4000006,-0.76),.PIECEWISE_BEZIER_KNOTS.);
#4435 = CARTESIAN_POINT('',(41.74746231132,-3.4000006));
#4436 = CARTESIAN_POINT('',(41.74746231132,-0.76));
#4437 = ( GEOMETRIC_REPRESENTATION_CONTEXT(2) 
PARAMETRIC_REPRESENTATION_CONTEXT() REPRESENTATION_CONTEXT('2D SPACE',''
  ) );
#4438 = ADVANCED_FACE('',(#4439),#964,.F.);
#4439 = FACE_BOUND('',#4440,.F.);
#4440 = EDGE_LOOP('',(#4441,#4462,#4463,#4464));
#4441 = ORIENTED_EDGE('',*,*,#4442,.T.);
#4442 = EDGE_CURVE('',#4443,#950,#4445,.T.);
#4443 = VERTEX_POINT('',#4444);
#4444 = CARTESIAN_POINT('',(180.09003768868,7.545,7.4));
#4445 = SURFACE_CURVE('',#4446,(#4450,#4456),.PCURVE_S1.);
#4446 = LINE('',#4447,#4448);
#4447 = CARTESIAN_POINT('',(180.09003768868,7.545,4.));
#4448 = VECTOR('',#4449,1.);
#4449 = DIRECTION('',(-0.,-0.,-1.));
#4450 = PCURVE('',#964,#4451);
#4451 = DEFINITIONAL_REPRESENTATION('',(#4452),#4455);
#4452 = B_SPLINE_CURVE_WITH_KNOTS('',1,(#4453,#4454),.UNSPECIFIED.,.F.,
  .F.,(2,2),(-3.4000006,-0.76),.PIECEWISE_BEZIER_KNOTS.);
#4453 = CARTESIAN_POINT('',(178.59003768868,-3.4000006));
#4454 = CARTESIAN_POINT('',(178.59003768868,-0.76));
#4455 = ( GEOMETRIC_REPRESENTATION_CONTEXT(2) 
PARAMETRIC_REPRESENTATION_CONTEXT() REPRESENTATION_CONTEXT('2D SPACE',''
  ) );
#4456 = PCURVE('',#996,#4457);
#4457 = DEFINITIONAL_REPRESENTATION('',(#4458),#4461);
#4458 = B_SPLINE_CURVE_WITH_KNOTS('',1,(#4459,#4460),.UNSPECIFIED.,.F.,
  .F.,(2,2),(-3.4000006,-0.76),.PIECEWISE_BEZIER_KNOTS.);
#4459 = CARTESIAN_POINT('',(-3.041425232428,-3.4000006));
#4460 = CARTESIAN_POINT('',(-3.041425232428,-0.76));
#4461 = ( GEOMETRIC_REPRESENTATION_CONTEXT(2) 
PARAMETRIC_REPRESENTATION_CONTEXT() REPRESENTATION_CONTEXT('2D SPACE',''
  ) );
#4462 = ORIENTED_EDGE('',*,*,#949,.T.);
#4463 = ORIENTED_EDGE('',*,*,#4346,.F.);
#4464 = ORIENTED_EDGE('',*,*,#4465,.T.);
#4465 = EDGE_CURVE('',#4347,#4443,#4466,.T.);
#4466 = SURFACE_CURVE('',#4467,(#4471,#4478),.PCURVE_S1.);
#4467 = LINE('',#4468,#4469);
#4468 = CARTESIAN_POINT('',(152.4,7.545,7.4));
#4469 = VECTOR('',#4470,1.);
#4470 = DIRECTION('',(1.,0.,0.));
#4471 = PCURVE('',#964,#4472);
#4472 = DEFINITIONAL_REPRESENTATION('',(#4473),#4477);
#4473 = LINE('',#4474,#4475);
#4474 = CARTESIAN_POINT('',(150.9,-3.4));
#4475 = VECTOR('',#4476,1.);
#4476 = DIRECTION('',(1.,0.));
#4477 = ( GEOMETRIC_REPRESENTATION_CONTEXT(2) 
PARAMETRIC_REPRESENTATION_CONTEXT() REPRESENTATION_CONTEXT('2D SPACE',''
  ) );
#4478 = PCURVE('',#3533,#4479);
#4479 = DEFINITIONAL_REPRESENTATION('',(#4480),#4484);
#4480 = LINE('',#4481,#4482);
#4481 = CARTESIAN_POINT('',(0.,64.69375));
#4482 = VECTOR('',#4483,1.);
#4483 = DIRECTION('',(1.,0.));
#4484 = ( GEOMETRIC_REPRESENTATION_CONTEXT(2) 
PARAMETRIC_REPRESENTATION_CONTEXT() REPRESENTATION_CONTEXT('2D SPACE',''
  ) );
#4485 = ADVANCED_FACE('',(#4486),#1790,.T.);
#4486 = FACE_BOUND('',#4487,.T.);
#4487 = EDGE_LOOP('',(#4488,#4509,#4510,#4511));
#4488 = ORIENTED_EDGE('',*,*,#4489,.T.);
#4489 = EDGE_CURVE('',#4490,#1743,#4492,.T.);
#4490 = VERTEX_POINT('',#4491);
#4491 = CARTESIAN_POINT('',(88.09003768868,-121.8425,7.4));
#4492 = SURFACE_CURVE('',#4493,(#4497,#4503),.PCURVE_S1.);
#4493 = LINE('',#4494,#4495);
#4494 = CARTESIAN_POINT('',(88.09003768868,-121.8425,4.));
#4495 = VECTOR('',#4496,1.);
#4496 = DIRECTION('',(-0.,-0.,-1.));
#4497 = PCURVE('',#1790,#4498);
#4498 = DEFINITIONAL_REPRESENTATION('',(#4499),#4502);
#4499 = B_SPLINE_CURVE_WITH_KNOTS('',1,(#4500,#4501),.UNSPECIFIED.,.F.,
  .F.,(2,2),(-3.4000006,-0.76),.PIECEWISE_BEZIER_KNOTS.);
#4500 = CARTESIAN_POINT('',(86.59003768868,-3.4000006));
#4501 = CARTESIAN_POINT('',(86.59003768868,-0.76));
#4502 = ( GEOMETRIC_REPRESENTATION_CONTEXT(2) 
PARAMETRIC_REPRESENTATION_CONTEXT() REPRESENTATION_CONTEXT('2D SPACE',''
  ) );
#4503 = PCURVE('',#1763,#4504);
#4504 = DEFINITIONAL_REPRESENTATION('',(#4505),#4508);
#4505 = B_SPLINE_CURVE_WITH_KNOTS('',1,(#4506,#4507),.UNSPECIFIED.,.F.,
  .F.,(2,2),(-3.4000006,-0.76),.PIECEWISE_BEZIER_KNOTS.);
#4506 = CARTESIAN_POINT('',(-3.241760074751,-3.4000006));
#4507 = CARTESIAN_POINT('',(-3.241760074751,-0.76));
#4508 = ( GEOMETRIC_REPRESENTATION_CONTEXT(2) 
PARAMETRIC_REPRESENTATION_CONTEXT() REPRESENTATION_CONTEXT('2D SPACE',''
  ) );
#4509 = ORIENTED_EDGE('',*,*,#1775,.T.);
#4510 = ORIENTED_EDGE('',*,*,#4420,.F.);
#4511 = ORIENTED_EDGE('',*,*,#4512,.T.);
#4512 = EDGE_CURVE('',#4397,#4490,#4513,.T.);
#4513 = SURFACE_CURVE('',#4514,(#4518,#4525),.PCURVE_S1.);
#4514 = LINE('',#4515,#4516);
#4515 = CARTESIAN_POINT('',(152.4,-121.8425,7.4));
#4516 = VECTOR('',#4517,1.);
#4517 = DIRECTION('',(1.,0.,0.));
#4518 = PCURVE('',#1790,#4519);
#4519 = DEFINITIONAL_REPRESENTATION('',(#4520),#4524);
#4520 = LINE('',#4521,#4522);
#4521 = CARTESIAN_POINT('',(150.9,-3.4));
#4522 = VECTOR('',#4523,1.);
#4523 = DIRECTION('',(1.,0.));
#4524 = ( GEOMETRIC_REPRESENTATION_CONTEXT(2) 
PARAMETRIC_REPRESENTATION_CONTEXT() REPRESENTATION_CONTEXT('2D SPACE',''
  ) );
#4525 = PCURVE('',#3533,#4526);
#4526 = DEFINITIONAL_REPRESENTATION('',(#4527),#4531);
#4527 = LINE('',#4528,#4529);
#4528 = CARTESIAN_POINT('',(0.,-64.69375));
#4529 = VECTOR('',#4530,1.);
#4530 = DIRECTION('',(1.,0.));
#4531 = ( GEOMETRIC_REPRESENTATION_CONTEXT(2) 
PARAMETRIC_REPRESENTATION_CONTEXT() REPRESENTATION_CONTEXT('2D SPACE',''
  ) );
#4532 = ADVANCED_FACE('',(#4533),#996,.F.);
#4533 = FACE_BOUND('',#4534,.T.);
#4534 = EDGE_LOOP('',(#4535,#4536,#4559,#4581));
#4535 = ORIENTED_EDGE('',*,*,#975,.T.);
#4536 = ORIENTED_EDGE('',*,*,#4537,.T.);
#4537 = EDGE_CURVE('',#976,#4538,#4540,.T.);
#4538 = VERTEX_POINT('',#4539);
#4539 = CARTESIAN_POINT('',(183.075,10.245,7.4));
#4540 = SURFACE_CURVE('',#4541,(#4545,#4552),.PCURVE_S1.);
#4541 = LINE('',#4542,#4543);
#4542 = CARTESIAN_POINT('',(183.075,10.245,4.));
#4543 = VECTOR('',#4544,1.);
#4544 = DIRECTION('',(0.,0.,1.));
#4545 = PCURVE('',#996,#4546);
#4546 = DEFINITIONAL_REPRESENTATION('',(#4547),#4551);
#4547 = LINE('',#4548,#4549);
#4548 = CARTESIAN_POINT('',(-1.570796326795,0.));
#4549 = VECTOR('',#4550,1.);
#4550 = DIRECTION('',(-0.,-1.));
#4551 = ( GEOMETRIC_REPRESENTATION_CONTEXT(2) 
PARAMETRIC_REPRESENTATION_CONTEXT() REPRESENTATION_CONTEXT('2D SPACE',''
  ) );
#4552 = PCURVE('',#1023,#4553);
#4553 = DEFINITIONAL_REPRESENTATION('',(#4554),#4558);
#4554 = LINE('',#4555,#4556);
#4555 = CARTESIAN_POINT('',(0.,0.));
#4556 = VECTOR('',#4557,1.);
#4557 = DIRECTION('',(0.,-1.));
#4558 = ( GEOMETRIC_REPRESENTATION_CONTEXT(2) 
PARAMETRIC_REPRESENTATION_CONTEXT() REPRESENTATION_CONTEXT('2D SPACE',''
  ) );
#4559 = ORIENTED_EDGE('',*,*,#4560,.T.);
#4560 = EDGE_CURVE('',#4538,#4443,#4561,.T.);
#4561 = SURFACE_CURVE('',#4562,(#4567,#4574),.PCURVE_S1.);
#4562 = CIRCLE('',#4563,3.);
#4563 = AXIS2_PLACEMENT_3D('',#4564,#4565,#4566);
#4564 = CARTESIAN_POINT('',(183.075,7.245,7.4));
#4565 = DIRECTION('',(0.,0.,1.));
#4566 = DIRECTION('',(1.,0.,0.));
#4567 = PCURVE('',#996,#4568);
#4568 = DEFINITIONAL_REPRESENTATION('',(#4569),#4573);
#4569 = LINE('',#4570,#4571);
#4570 = CARTESIAN_POINT('',(-0.,-3.4));
#4571 = VECTOR('',#4572,1.);
#4572 = DIRECTION('',(-1.,0.));
#4573 = ( GEOMETRIC_REPRESENTATION_CONTEXT(2) 
PARAMETRIC_REPRESENTATION_CONTEXT() REPRESENTATION_CONTEXT('2D SPACE',''
  ) );
#4574 = PCURVE('',#3533,#4575);
#4575 = DEFINITIONAL_REPRESENTATION('',(#4576),#4580);
#4576 = CIRCLE('',#4577,3.);
#4577 = AXIS2_PLACEMENT_2D('',#4578,#4579);
#4578 = CARTESIAN_POINT('',(30.675,64.39375));
#4579 = DIRECTION('',(1.,0.));
#4580 = ( GEOMETRIC_REPRESENTATION_CONTEXT(2) 
PARAMETRIC_REPRESENTATION_CONTEXT() REPRESENTATION_CONTEXT('2D SPACE',''
  ) );
#4581 = ORIENTED_EDGE('',*,*,#4442,.T.);
#4582 = ADVANCED_FACE('',(#4583),#1763,.F.);
#4583 = FACE_BOUND('',#4584,.T.);
#4584 = EDGE_LOOP('',(#4585,#4586,#4610,#4631));
#4585 = ORIENTED_EDGE('',*,*,#4489,.F.);
#4586 = ORIENTED_EDGE('',*,*,#4587,.T.);
#4587 = EDGE_CURVE('',#4490,#4588,#4590,.T.);
#4588 = VERTEX_POINT('',#4589);
#4589 = CARTESIAN_POINT('',(91.075,-124.5425,7.4));
#4590 = SURFACE_CURVE('',#4591,(#4596,#4603),.PCURVE_S1.);
#4591 = CIRCLE('',#4592,3.);
#4592 = AXIS2_PLACEMENT_3D('',#4593,#4594,#4595);
#4593 = CARTESIAN_POINT('',(91.075,-121.5425,7.4));
#4594 = DIRECTION('',(0.,0.,1.));
#4595 = DIRECTION('',(1.,0.,0.));
#4596 = PCURVE('',#1763,#4597);
#4597 = DEFINITIONAL_REPRESENTATION('',(#4598),#4602);
#4598 = LINE('',#4599,#4600);
#4599 = CARTESIAN_POINT('',(-0.,-3.4));
#4600 = VECTOR('',#4601,1.);
#4601 = DIRECTION('',(-1.,0.));
#4602 = ( GEOMETRIC_REPRESENTATION_CONTEXT(2) 
PARAMETRIC_REPRESENTATION_CONTEXT() REPRESENTATION_CONTEXT('2D SPACE',''
  ) );
#4603 = PCURVE('',#3533,#4604);
#4604 = DEFINITIONAL_REPRESENTATION('',(#4605),#4609);
#4605 = CIRCLE('',#4606,3.);
#4606 = AXIS2_PLACEMENT_2D('',#4607,#4608);
#4607 = CARTESIAN_POINT('',(-61.325,-64.39375));
#4608 = DIRECTION('',(1.,0.));
#4609 = ( GEOMETRIC_REPRESENTATION_CONTEXT(2) 
PARAMETRIC_REPRESENTATION_CONTEXT() REPRESENTATION_CONTEXT('2D SPACE',''
  ) );
#4610 = ORIENTED_EDGE('',*,*,#4611,.F.);
#4611 = EDGE_CURVE('',#1717,#4588,#4612,.T.);
#4612 = SURFACE_CURVE('',#4613,(#4617,#4624),.PCURVE_S1.);
#4613 = LINE('',#4614,#4615);
#4614 = CARTESIAN_POINT('',(91.075,-124.5425,4.));
#4615 = VECTOR('',#4616,1.);
#4616 = DIRECTION('',(0.,0.,1.));
#4617 = PCURVE('',#1763,#4618);
#4618 = DEFINITIONAL_REPRESENTATION('',(#4619),#4623);
#4619 = LINE('',#4620,#4621);
#4620 = CARTESIAN_POINT('',(-4.712388980385,0.));
#4621 = VECTOR('',#4622,1.);
#4622 = DIRECTION('',(-0.,-1.));
#4623 = ( GEOMETRIC_REPRESENTATION_CONTEXT(2) 
PARAMETRIC_REPRESENTATION_CONTEXT() REPRESENTATION_CONTEXT('2D SPACE',''
  ) );
#4624 = PCURVE('',#1731,#4625);
#4625 = DEFINITIONAL_REPRESENTATION('',(#4626),#4630);
#4626 = LINE('',#4627,#4628);
#4627 = CARTESIAN_POINT('',(0.,0.));
#4628 = VECTOR('',#4629,1.);
#4629 = DIRECTION('',(0.,-1.));
#4630 = ( GEOMETRIC_REPRESENTATION_CONTEXT(2) 
PARAMETRIC_REPRESENTATION_CONTEXT() REPRESENTATION_CONTEXT('2D SPACE',''
  ) );
#4631 = ORIENTED_EDGE('',*,*,#1742,.T.);
#4632 = ADVANCED_FACE('',(#4633),#1023,.F.);
#4633 = FACE_BOUND('',#4634,.F.);
#4634 = EDGE_LOOP('',(#4635,#4636,#4637,#4660));
#4635 = ORIENTED_EDGE('',*,*,#1008,.T.);
#4636 = ORIENTED_EDGE('',*,*,#4537,.T.);
#4637 = ORIENTED_EDGE('',*,*,#4638,.T.);
#4638 = EDGE_CURVE('',#4538,#4639,#4641,.T.);
#4639 = VERTEX_POINT('',#4640);
#4640 = CARTESIAN_POINT('',(196.925,10.245,7.4));
#4641 = SURFACE_CURVE('',#4642,(#4646,#4653),.PCURVE_S1.);
#4642 = LINE('',#4643,#4644);
#4643 = CARTESIAN_POINT('',(190.,10.245,7.4));
#4644 = VECTOR('',#4645,1.);
#4645 = DIRECTION('',(1.,0.,0.));
#4646 = PCURVE('',#1023,#4647);
#4647 = DEFINITIONAL_REPRESENTATION('',(#4648),#4652);
#4648 = LINE('',#4649,#4650);
#4649 = CARTESIAN_POINT('',(6.925,-3.4));
#4650 = VECTOR('',#4651,1.);
#4651 = DIRECTION('',(1.,0.));
#4652 = ( GEOMETRIC_REPRESENTATION_CONTEXT(2) 
PARAMETRIC_REPRESENTATION_CONTEXT() REPRESENTATION_CONTEXT('2D SPACE',''
  ) );
#4653 = PCURVE('',#3533,#4654);
#4654 = DEFINITIONAL_REPRESENTATION('',(#4655),#4659);
#4655 = LINE('',#4656,#4657);
#4656 = CARTESIAN_POINT('',(37.6,67.39375));
#4657 = VECTOR('',#4658,1.);
#4658 = DIRECTION('',(1.,0.));
#4659 = ( GEOMETRIC_REPRESENTATION_CONTEXT(2) 
PARAMETRIC_REPRESENTATION_CONTEXT() REPRESENTATION_CONTEXT('2D SPACE',''
  ) );
#4660 = ORIENTED_EDGE('',*,*,#4661,.F.);
#4661 = EDGE_CURVE('',#1009,#4639,#4662,.T.);
#4662 = SURFACE_CURVE('',#4663,(#4667,#4674),.PCURVE_S1.);
#4663 = LINE('',#4664,#4665);
#4664 = CARTESIAN_POINT('',(196.925,10.245,4.));
#4665 = VECTOR('',#4666,1.);
#4666 = DIRECTION('',(0.,0.,1.));
#4667 = PCURVE('',#1023,#4668);
#4668 = DEFINITIONAL_REPRESENTATION('',(#4669),#4673);
#4669 = LINE('',#4670,#4671);
#4670 = CARTESIAN_POINT('',(13.85,0.));
#4671 = VECTOR('',#4672,1.);
#4672 = DIRECTION('',(0.,-1.));
#4673 = ( GEOMETRIC_REPRESENTATION_CONTEXT(2) 
PARAMETRIC_REPRESENTATION_CONTEXT() REPRESENTATION_CONTEXT('2D SPACE',''
  ) );
#4674 = PCURVE('',#1055,#4675);
#4675 = DEFINITIONAL_REPRESENTATION('',(#4676),#4680);
#4676 = LINE('',#4677,#4678);
#4677 = CARTESIAN_POINT('',(-1.570796326795,0.));
#4678 = VECTOR('',#4679,1.);
#4679 = DIRECTION('',(-0.,-1.));
#4680 = ( GEOMETRIC_REPRESENTATION_CONTEXT(2) 
PARAMETRIC_REPRESENTATION_CONTEXT() REPRESENTATION_CONTEXT('2D SPACE',''
  ) );
#4681 = ADVANCED_FACE('',(#4682),#1731,.T.);
#4682 = FACE_BOUND('',#4683,.T.);
#4683 = EDGE_LOOP('',(#4684,#4685,#4686,#4709));
#4684 = ORIENTED_EDGE('',*,*,#1716,.T.);
#4685 = ORIENTED_EDGE('',*,*,#4611,.T.);
#4686 = ORIENTED_EDGE('',*,*,#4687,.T.);
#4687 = EDGE_CURVE('',#4588,#4688,#4690,.T.);
#4688 = VERTEX_POINT('',#4689);
#4689 = CARTESIAN_POINT('',(104.925,-124.5425,7.4));
#4690 = SURFACE_CURVE('',#4691,(#4695,#4702),.PCURVE_S1.);
#4691 = LINE('',#4692,#4693);
#4692 = CARTESIAN_POINT('',(98.,-124.5425,7.4));
#4693 = VECTOR('',#4694,1.);
#4694 = DIRECTION('',(1.,0.,0.));
#4695 = PCURVE('',#1731,#4696);
#4696 = DEFINITIONAL_REPRESENTATION('',(#4697),#4701);
#4697 = LINE('',#4698,#4699);
#4698 = CARTESIAN_POINT('',(6.925,-3.4));
#4699 = VECTOR('',#4700,1.);
#4700 = DIRECTION('',(1.,0.));
#4701 = ( GEOMETRIC_REPRESENTATION_CONTEXT(2) 
PARAMETRIC_REPRESENTATION_CONTEXT() REPRESENTATION_CONTEXT('2D SPACE',''
  ) );
#4702 = PCURVE('',#3533,#4703);
#4703 = DEFINITIONAL_REPRESENTATION('',(#4704),#4708);
#4704 = LINE('',#4705,#4706);
#4705 = CARTESIAN_POINT('',(-54.4,-67.39375));
#4706 = VECTOR('',#4707,1.);
#4707 = DIRECTION('',(1.,0.));
#4708 = ( GEOMETRIC_REPRESENTATION_CONTEXT(2) 
PARAMETRIC_REPRESENTATION_CONTEXT() REPRESENTATION_CONTEXT('2D SPACE',''
  ) );
#4709 = ORIENTED_EDGE('',*,*,#4710,.F.);
#4710 = EDGE_CURVE('',#1684,#4688,#4711,.T.);
#4711 = SURFACE_CURVE('',#4712,(#4716,#4723),.PCURVE_S1.);
#4712 = LINE('',#4713,#4714);
#4713 = CARTESIAN_POINT('',(104.925,-124.5425,4.));
#4714 = VECTOR('',#4715,1.);
#4715 = DIRECTION('',(0.,0.,1.));
#4716 = PCURVE('',#1731,#4717);
#4717 = DEFINITIONAL_REPRESENTATION('',(#4718),#4722);
#4718 = LINE('',#4719,#4720);
#4719 = CARTESIAN_POINT('',(13.85,0.));
#4720 = VECTOR('',#4721,1.);
#4721 = DIRECTION('',(0.,-1.));
#4722 = ( GEOMETRIC_REPRESENTATION_CONTEXT(2) 
PARAMETRIC_REPRESENTATION_CONTEXT() REPRESENTATION_CONTEXT('2D SPACE',''
  ) );
#4723 = PCURVE('',#1704,#4724);
#4724 = DEFINITIONAL_REPRESENTATION('',(#4725),#4729);
#4725 = LINE('',#4726,#4727);
#4726 = CARTESIAN_POINT('',(-4.712388980385,0.));
#4727 = VECTOR('',#4728,1.);
#4728 = DIRECTION('',(-0.,-1.));
#4729 = ( GEOMETRIC_REPRESENTATION_CONTEXT(2) 
PARAMETRIC_REPRESENTATION_CONTEXT() REPRESENTATION_CONTEXT('2D SPACE',''
  ) );
#4730 = ADVANCED_FACE('',(#4731),#1055,.F.);
#4731 = FACE_BOUND('',#4732,.T.);
#4732 = EDGE_LOOP('',(#4733,#4754,#4776,#4777));
#4733 = ORIENTED_EDGE('',*,*,#4734,.F.);
#4734 = EDGE_CURVE('',#4735,#1035,#4737,.T.);
#4735 = VERTEX_POINT('',#4736);
#4736 = CARTESIAN_POINT('',(199.90996231132,7.545,7.4));
#4737 = SURFACE_CURVE('',#4738,(#4742,#4748),.PCURVE_S1.);
#4738 = LINE('',#4739,#4740);
#4739 = CARTESIAN_POINT('',(199.90996231132,7.545,4.));
#4740 = VECTOR('',#4741,1.);
#4741 = DIRECTION('',(-0.,-0.,-1.));
#4742 = PCURVE('',#1055,#4743);
#4743 = DEFINITIONAL_REPRESENTATION('',(#4744),#4747);
#4744 = B_SPLINE_CURVE_WITH_KNOTS('',1,(#4745,#4746),.UNSPECIFIED.,.F.,
  .F.,(2,2),(-3.4000006,-0.76),.PIECEWISE_BEZIER_KNOTS.);
#4745 = CARTESIAN_POINT('',(-0.100167421162,-3.4000006));
#4746 = CARTESIAN_POINT('',(-0.100167421162,-0.76));
#4747 = ( GEOMETRIC_REPRESENTATION_CONTEXT(2) 
PARAMETRIC_REPRESENTATION_CONTEXT() REPRESENTATION_CONTEXT('2D SPACE',''
  ) );
#4748 = PCURVE('',#1082,#4749);
#4749 = DEFINITIONAL_REPRESENTATION('',(#4750),#4753);
#4750 = B_SPLINE_CURVE_WITH_KNOTS('',1,(#4751,#4752),.UNSPECIFIED.,.F.,
  .F.,(2,2),(-3.4000006,-0.76),.PIECEWISE_BEZIER_KNOTS.);
#4751 = CARTESIAN_POINT('',(198.40996231132,-3.4000006));
#4752 = CARTESIAN_POINT('',(198.40996231132,-0.76));
#4753 = ( GEOMETRIC_REPRESENTATION_CONTEXT(2) 
PARAMETRIC_REPRESENTATION_CONTEXT() REPRESENTATION_CONTEXT('2D SPACE',''
  ) );
#4754 = ORIENTED_EDGE('',*,*,#4755,.T.);
#4755 = EDGE_CURVE('',#4735,#4639,#4756,.T.);
#4756 = SURFACE_CURVE('',#4757,(#4762,#4769),.PCURVE_S1.);
#4757 = CIRCLE('',#4758,3.);
#4758 = AXIS2_PLACEMENT_3D('',#4759,#4760,#4761);
#4759 = CARTESIAN_POINT('',(196.925,7.245,7.4));
#4760 = DIRECTION('',(0.,0.,1.));
#4761 = DIRECTION('',(1.,0.,0.));
#4762 = PCURVE('',#1055,#4763);
#4763 = DEFINITIONAL_REPRESENTATION('',(#4764),#4768);
#4764 = LINE('',#4765,#4766);
#4765 = CARTESIAN_POINT('',(-0.,-3.4));
#4766 = VECTOR('',#4767,1.);
#4767 = DIRECTION('',(-1.,0.));
#4768 = ( GEOMETRIC_REPRESENTATION_CONTEXT(2) 
PARAMETRIC_REPRESENTATION_CONTEXT() REPRESENTATION_CONTEXT('2D SPACE',''
  ) );
#4769 = PCURVE('',#3533,#4770);
#4770 = DEFINITIONAL_REPRESENTATION('',(#4771),#4775);
#4771 = CIRCLE('',#4772,3.);
#4772 = AXIS2_PLACEMENT_2D('',#4773,#4774);
#4773 = CARTESIAN_POINT('',(44.525,64.39375));
#4774 = DIRECTION('',(1.,0.));
#4775 = ( GEOMETRIC_REPRESENTATION_CONTEXT(2) 
PARAMETRIC_REPRESENTATION_CONTEXT() REPRESENTATION_CONTEXT('2D SPACE',''
  ) );
#4776 = ORIENTED_EDGE('',*,*,#4661,.F.);
#4777 = ORIENTED_EDGE('',*,*,#1034,.T.);
#4778 = ADVANCED_FACE('',(#4779),#1704,.F.);
#4779 = FACE_BOUND('',#4780,.T.);
#4780 = EDGE_LOOP('',(#4781,#4782,#4783,#4807));
#4781 = ORIENTED_EDGE('',*,*,#1683,.T.);
#4782 = ORIENTED_EDGE('',*,*,#4710,.T.);
#4783 = ORIENTED_EDGE('',*,*,#4784,.T.);
#4784 = EDGE_CURVE('',#4688,#4785,#4787,.T.);
#4785 = VERTEX_POINT('',#4786);
#4786 = CARTESIAN_POINT('',(107.90996231132,-121.8425,7.4));
#4787 = SURFACE_CURVE('',#4788,(#4793,#4800),.PCURVE_S1.);
#4788 = CIRCLE('',#4789,3.);
#4789 = AXIS2_PLACEMENT_3D('',#4790,#4791,#4792);
#4790 = CARTESIAN_POINT('',(104.925,-121.5425,7.4));
#4791 = DIRECTION('',(0.,0.,1.));
#4792 = DIRECTION('',(1.,0.,0.));
#4793 = PCURVE('',#1704,#4794);
#4794 = DEFINITIONAL_REPRESENTATION('',(#4795),#4799);
#4795 = LINE('',#4796,#4797);
#4796 = CARTESIAN_POINT('',(-0.,-3.4));
#4797 = VECTOR('',#4798,1.);
#4798 = DIRECTION('',(-1.,0.));
#4799 = ( GEOMETRIC_REPRESENTATION_CONTEXT(2) 
PARAMETRIC_REPRESENTATION_CONTEXT() REPRESENTATION_CONTEXT('2D SPACE',''
  ) );
#4800 = PCURVE('',#3533,#4801);
#4801 = DEFINITIONAL_REPRESENTATION('',(#4802),#4806);
#4802 = CIRCLE('',#4803,3.);
#4803 = AXIS2_PLACEMENT_2D('',#4804,#4805);
#4804 = CARTESIAN_POINT('',(-47.475,-64.39375));
#4805 = DIRECTION('',(1.,0.));
#4806 = ( GEOMETRIC_REPRESENTATION_CONTEXT(2) 
PARAMETRIC_REPRESENTATION_CONTEXT() REPRESENTATION_CONTEXT('2D SPACE',''
  ) );
#4807 = ORIENTED_EDGE('',*,*,#4808,.T.);
#4808 = EDGE_CURVE('',#4785,#1658,#4809,.T.);
#4809 = SURFACE_CURVE('',#4810,(#4814,#4820),.PCURVE_S1.);
#4810 = LINE('',#4811,#4812);
#4811 = CARTESIAN_POINT('',(107.90996231132,-121.8425,4.));
#4812 = VECTOR('',#4813,1.);
#4813 = DIRECTION('',(-0.,-0.,-1.));
#4814 = PCURVE('',#1704,#4815);
#4815 = DEFINITIONAL_REPRESENTATION('',(#4816),#4819);
#4816 = B_SPLINE_CURVE_WITH_KNOTS('',1,(#4817,#4818),.UNSPECIFIED.,.F.,
  .F.,(2,2),(-3.4000006,-0.76),.PIECEWISE_BEZIER_KNOTS.);
#4817 = CARTESIAN_POINT('',(-6.183017886018,-3.4000006));
#4818 = CARTESIAN_POINT('',(-6.183017886018,-0.76));
#4819 = ( GEOMETRIC_REPRESENTATION_CONTEXT(2) 
PARAMETRIC_REPRESENTATION_CONTEXT() REPRESENTATION_CONTEXT('2D SPACE',''
  ) );
#4820 = PCURVE('',#1672,#4821);
#4821 = DEFINITIONAL_REPRESENTATION('',(#4822),#4825);
#4822 = B_SPLINE_CURVE_WITH_KNOTS('',1,(#4823,#4824),.UNSPECIFIED.,.F.,
  .F.,(2,2),(-3.4000006,-0.76),.PIECEWISE_BEZIER_KNOTS.);
#4823 = CARTESIAN_POINT('',(106.40996231132,-3.4000006));
#4824 = CARTESIAN_POINT('',(106.40996231132,-0.76));
#4825 = ( GEOMETRIC_REPRESENTATION_CONTEXT(2) 
PARAMETRIC_REPRESENTATION_CONTEXT() REPRESENTATION_CONTEXT('2D SPACE',''
  ) );
#4826 = ADVANCED_FACE('',(#4827),#1082,.F.);
#4827 = FACE_BOUND('',#4828,.F.);
#4828 = EDGE_LOOP('',(#4829,#4850,#4851,#4852));
#4829 = ORIENTED_EDGE('',*,*,#4830,.T.);
#4830 = EDGE_CURVE('',#4831,#1068,#4833,.T.);
#4831 = VERTEX_POINT('',#4832);
#4832 = CARTESIAN_POINT('',(247.84003768868,7.545,7.4));
#4833 = SURFACE_CURVE('',#4834,(#4838,#4844),.PCURVE_S1.);
#4834 = LINE('',#4835,#4836);
#4835 = CARTESIAN_POINT('',(247.84003768868,7.545,4.));
#4836 = VECTOR('',#4837,1.);
#4837 = DIRECTION('',(-0.,-0.,-1.));
#4838 = PCURVE('',#1082,#4839);
#4839 = DEFINITIONAL_REPRESENTATION('',(#4840),#4843);
#4840 = B_SPLINE_CURVE_WITH_KNOTS('',1,(#4841,#4842),.UNSPECIFIED.,.F.,
  .F.,(2,2),(-3.4000006,-0.76),.PIECEWISE_BEZIER_KNOTS.);
#4841 = CARTESIAN_POINT('',(246.34003768868,-3.4000006));
#4842 = CARTESIAN_POINT('',(246.34003768868,-0.76));
#4843 = ( GEOMETRIC_REPRESENTATION_CONTEXT(2) 
PARAMETRIC_REPRESENTATION_CONTEXT() REPRESENTATION_CONTEXT('2D SPACE',''
  ) );
#4844 = PCURVE('',#1114,#4845);
#4845 = DEFINITIONAL_REPRESENTATION('',(#4846),#4849);
#4846 = B_SPLINE_CURVE_WITH_KNOTS('',1,(#4847,#4848),.UNSPECIFIED.,.F.,
  .F.,(2,2),(-3.4000006,-0.76),.PIECEWISE_BEZIER_KNOTS.);
#4847 = CARTESIAN_POINT('',(-3.041425232428,-3.4000006));
#4848 = CARTESIAN_POINT('',(-3.041425232428,-0.76));
#4849 = ( GEOMETRIC_REPRESENTATION_CONTEXT(2) 
PARAMETRIC_REPRESENTATION_CONTEXT() REPRESENTATION_CONTEXT('2D SPACE',''
  ) );
#4850 = ORIENTED_EDGE('',*,*,#1067,.T.);
#4851 = ORIENTED_EDGE('',*,*,#4734,.F.);
#4852 = ORIENTED_EDGE('',*,*,#4853,.T.);
#4853 = EDGE_CURVE('',#4735,#4831,#4854,.T.);
#4854 = SURFACE_CURVE('',#4855,(#4859,#4866),.PCURVE_S1.);
#4855 = LINE('',#4856,#4857);
#4856 = CARTESIAN_POINT('',(152.4,7.545,7.4));
#4857 = VECTOR('',#4858,1.);
#4858 = DIRECTION('',(1.,0.,0.));
#4859 = PCURVE('',#1082,#4860);
#4860 = DEFINITIONAL_REPRESENTATION('',(#4861),#4865);
#4861 = LINE('',#4862,#4863);
#4862 = CARTESIAN_POINT('',(150.9,-3.4));
#4863 = VECTOR('',#4864,1.);
#4864 = DIRECTION('',(1.,0.));
#4865 = ( GEOMETRIC_REPRESENTATION_CONTEXT(2) 
PARAMETRIC_REPRESENTATION_CONTEXT() REPRESENTATION_CONTEXT('2D SPACE',''
  ) );
#4866 = PCURVE('',#3533,#4867);
#4867 = DEFINITIONAL_REPRESENTATION('',(#4868),#4872);
#4868 = LINE('',#4869,#4870);
#4869 = CARTESIAN_POINT('',(0.,64.69375));
#4870 = VECTOR('',#4871,1.);
#4871 = DIRECTION('',(1.,0.));
#4872 = ( GEOMETRIC_REPRESENTATION_CONTEXT(2) 
PARAMETRIC_REPRESENTATION_CONTEXT() REPRESENTATION_CONTEXT('2D SPACE',''
  ) );
#4873 = ADVANCED_FACE('',(#4874),#1672,.T.);
#4874 = FACE_BOUND('',#4875,.T.);
#4875 = EDGE_LOOP('',(#4876,#4897,#4898,#4899));
#4876 = ORIENTED_EDGE('',*,*,#4877,.T.);
#4877 = EDGE_CURVE('',#4878,#1625,#4880,.T.);
#4878 = VERTEX_POINT('',#4879);
#4879 = CARTESIAN_POINT('',(204.40253768868,-121.8425,7.4));
#4880 = SURFACE_CURVE('',#4881,(#4885,#4891),.PCURVE_S1.);
#4881 = LINE('',#4882,#4883);
#4882 = CARTESIAN_POINT('',(204.40253768868,-121.8425,4.));
#4883 = VECTOR('',#4884,1.);
#4884 = DIRECTION('',(-0.,-0.,-1.));
#4885 = PCURVE('',#1672,#4886);
#4886 = DEFINITIONAL_REPRESENTATION('',(#4887),#4890);
#4887 = B_SPLINE_CURVE_WITH_KNOTS('',1,(#4888,#4889),.UNSPECIFIED.,.F.,
  .F.,(2,2),(-3.4000006,-0.76),.PIECEWISE_BEZIER_KNOTS.);
#4888 = CARTESIAN_POINT('',(202.90253768868,-3.4000006));
#4889 = CARTESIAN_POINT('',(202.90253768868,-0.76));
#4890 = ( GEOMETRIC_REPRESENTATION_CONTEXT(2) 
PARAMETRIC_REPRESENTATION_CONTEXT() REPRESENTATION_CONTEXT('2D SPACE',''
  ) );
#4891 = PCURVE('',#1645,#4892);
#4892 = DEFINITIONAL_REPRESENTATION('',(#4893),#4896);
#4893 = B_SPLINE_CURVE_WITH_KNOTS('',1,(#4894,#4895),.UNSPECIFIED.,.F.,
  .F.,(2,2),(-3.4000006,-0.76),.PIECEWISE_BEZIER_KNOTS.);
#4894 = CARTESIAN_POINT('',(-3.241760074751,-3.4000006));
#4895 = CARTESIAN_POINT('',(-3.241760074751,-0.76));
#4896 = ( GEOMETRIC_REPRESENTATION_CONTEXT(2) 
PARAMETRIC_REPRESENTATION_CONTEXT() REPRESENTATION_CONTEXT('2D SPACE',''
  ) );
#4897 = ORIENTED_EDGE('',*,*,#1657,.T.);
#4898 = ORIENTED_EDGE('',*,*,#4808,.F.);
#4899 = ORIENTED_EDGE('',*,*,#4900,.T.);
#4900 = EDGE_CURVE('',#4785,#4878,#4901,.T.);
#4901 = SURFACE_CURVE('',#4902,(#4906,#4913),.PCURVE_S1.);
#4902 = LINE('',#4903,#4904);
#4903 = CARTESIAN_POINT('',(152.4,-121.8425,7.4));
#4904 = VECTOR('',#4905,1.);
#4905 = DIRECTION('',(1.,0.,0.));
#4906 = PCURVE('',#1672,#4907);
#4907 = DEFINITIONAL_REPRESENTATION('',(#4908),#4912);
#4908 = LINE('',#4909,#4910);
#4909 = CARTESIAN_POINT('',(150.9,-3.4));
#4910 = VECTOR('',#4911,1.);
#4911 = DIRECTION('',(1.,0.));
#4912 = ( GEOMETRIC_REPRESENTATION_CONTEXT(2) 
PARAMETRIC_REPRESENTATION_CONTEXT() REPRESENTATION_CONTEXT('2D SPACE',''
  ) );
#4913 = PCURVE('',#3533,#4914);
#4914 = DEFINITIONAL_REPRESENTATION('',(#4915),#4919);
#4915 = LINE('',#4916,#4917);
#4916 = CARTESIAN_POINT('',(0.,-64.69375));
#4917 = VECTOR('',#4918,1.);
#4918 = DIRECTION('',(1.,0.));
#4919 = ( GEOMETRIC_REPRESENTATION_CONTEXT(2) 
PARAMETRIC_REPRESENTATION_CONTEXT() REPRESENTATION_CONTEXT('2D SPACE',''
  ) );
#4920 = ADVANCED_FACE('',(#4921),#1114,.F.);
#4921 = FACE_BOUND('',#4922,.T.);
#4922 = EDGE_LOOP('',(#4923,#4924,#4947,#4969));
#4923 = ORIENTED_EDGE('',*,*,#1093,.T.);
#4924 = ORIENTED_EDGE('',*,*,#4925,.T.);
#4925 = EDGE_CURVE('',#1094,#4926,#4928,.T.);
#4926 = VERTEX_POINT('',#4927);
#4927 = CARTESIAN_POINT('',(250.825,10.245,7.4));
#4928 = SURFACE_CURVE('',#4929,(#4933,#4940),.PCURVE_S1.);
#4929 = LINE('',#4930,#4931);
#4930 = CARTESIAN_POINT('',(250.825,10.245,4.));
#4931 = VECTOR('',#4932,1.);
#4932 = DIRECTION('',(0.,0.,1.));
#4933 = PCURVE('',#1114,#4934);
#4934 = DEFINITIONAL_REPRESENTATION('',(#4935),#4939);
#4935 = LINE('',#4936,#4937);
#4936 = CARTESIAN_POINT('',(-1.570796326795,0.));
#4937 = VECTOR('',#4938,1.);
#4938 = DIRECTION('',(-0.,-1.));
#4939 = ( GEOMETRIC_REPRESENTATION_CONTEXT(2) 
PARAMETRIC_REPRESENTATION_CONTEXT() REPRESENTATION_CONTEXT('2D SPACE',''
  ) );
#4940 = PCURVE('',#1141,#4941);
#4941 = DEFINITIONAL_REPRESENTATION('',(#4942),#4946);
#4942 = LINE('',#4943,#4944);
#4943 = CARTESIAN_POINT('',(0.,0.));
#4944 = VECTOR('',#4945,1.);
#4945 = DIRECTION('',(0.,-1.));
#4946 = ( GEOMETRIC_REPRESENTATION_CONTEXT(2) 
PARAMETRIC_REPRESENTATION_CONTEXT() REPRESENTATION_CONTEXT('2D SPACE',''
  ) );
#4947 = ORIENTED_EDGE('',*,*,#4948,.T.);
#4948 = EDGE_CURVE('',#4926,#4831,#4949,.T.);
#4949 = SURFACE_CURVE('',#4950,(#4955,#4962),.PCURVE_S1.);
#4950 = CIRCLE('',#4951,3.);
#4951 = AXIS2_PLACEMENT_3D('',#4952,#4953,#4954);
#4952 = CARTESIAN_POINT('',(250.825,7.245,7.4));
#4953 = DIRECTION('',(0.,0.,1.));
#4954 = DIRECTION('',(1.,0.,0.));
#4955 = PCURVE('',#1114,#4956);
#4956 = DEFINITIONAL_REPRESENTATION('',(#4957),#4961);
#4957 = LINE('',#4958,#4959);
#4958 = CARTESIAN_POINT('',(-0.,-3.4));
#4959 = VECTOR('',#4960,1.);
#4960 = DIRECTION('',(-1.,0.));
#4961 = ( GEOMETRIC_REPRESENTATION_CONTEXT(2) 
PARAMETRIC_REPRESENTATION_CONTEXT() REPRESENTATION_CONTEXT('2D SPACE',''
  ) );
#4962 = PCURVE('',#3533,#4963);
#4963 = DEFINITIONAL_REPRESENTATION('',(#4964),#4968);
#4964 = CIRCLE('',#4965,3.);
#4965 = AXIS2_PLACEMENT_2D('',#4966,#4967);
#4966 = CARTESIAN_POINT('',(98.425,64.39375));
#4967 = DIRECTION('',(1.,0.));
#4968 = ( GEOMETRIC_REPRESENTATION_CONTEXT(2) 
PARAMETRIC_REPRESENTATION_CONTEXT() REPRESENTATION_CONTEXT('2D SPACE',''
  ) );
#4969 = ORIENTED_EDGE('',*,*,#4830,.T.);
#4970 = ADVANCED_FACE('',(#4971),#1645,.F.);
#4971 = FACE_BOUND('',#4972,.T.);
#4972 = EDGE_LOOP('',(#4973,#4974,#4998,#5019));
#4973 = ORIENTED_EDGE('',*,*,#4877,.F.);
#4974 = ORIENTED_EDGE('',*,*,#4975,.T.);
#4975 = EDGE_CURVE('',#4878,#4976,#4978,.T.);
#4976 = VERTEX_POINT('',#4977);
#4977 = CARTESIAN_POINT('',(207.3875,-124.5425,7.4));
#4978 = SURFACE_CURVE('',#4979,(#4984,#4991),.PCURVE_S1.);
#4979 = CIRCLE('',#4980,3.);
#4980 = AXIS2_PLACEMENT_3D('',#4981,#4982,#4983);
#4981 = CARTESIAN_POINT('',(207.3875,-121.5425,7.4));
#4982 = DIRECTION('',(0.,0.,1.));
#4983 = DIRECTION('',(1.,0.,0.));
#4984 = PCURVE('',#1645,#4985);
#4985 = DEFINITIONAL_REPRESENTATION('',(#4986),#4990);
#4986 = LINE('',#4987,#4988);
#4987 = CARTESIAN_POINT('',(-0.,-3.4));
#4988 = VECTOR('',#4989,1.);
#4989 = DIRECTION('',(-1.,0.));
#4990 = ( GEOMETRIC_REPRESENTATION_CONTEXT(2) 
PARAMETRIC_REPRESENTATION_CONTEXT() REPRESENTATION_CONTEXT('2D SPACE',''
  ) );
#4991 = PCURVE('',#3533,#4992);
#4992 = DEFINITIONAL_REPRESENTATION('',(#4993),#4997);
#4993 = CIRCLE('',#4994,3.);
#4994 = AXIS2_PLACEMENT_2D('',#4995,#4996);
#4995 = CARTESIAN_POINT('',(54.9875,-64.39375));
#4996 = DIRECTION('',(1.,0.));
#4997 = ( GEOMETRIC_REPRESENTATION_CONTEXT(2) 
PARAMETRIC_REPRESENTATION_CONTEXT() REPRESENTATION_CONTEXT('2D SPACE',''
  ) );
#4998 = ORIENTED_EDGE('',*,*,#4999,.F.);
#4999 = EDGE_CURVE('',#1599,#4976,#5000,.T.);
#5000 = SURFACE_CURVE('',#5001,(#5005,#5012),.PCURVE_S1.);
#5001 = LINE('',#5002,#5003);
#5002 = CARTESIAN_POINT('',(207.3875,-124.5425,4.));
#5003 = VECTOR('',#5004,1.);
#5004 = DIRECTION('',(0.,0.,1.));
#5005 = PCURVE('',#1645,#5006);
#5006 = DEFINITIONAL_REPRESENTATION('',(#5007),#5011);
#5007 = LINE('',#5008,#5009);
#5008 = CARTESIAN_POINT('',(-4.712388980385,0.));
#5009 = VECTOR('',#5010,1.);
#5010 = DIRECTION('',(-0.,-1.));
#5011 = ( GEOMETRIC_REPRESENTATION_CONTEXT(2) 
PARAMETRIC_REPRESENTATION_CONTEXT() REPRESENTATION_CONTEXT('2D SPACE',''
  ) );
#5012 = PCURVE('',#1613,#5013);
#5013 = DEFINITIONAL_REPRESENTATION('',(#5014),#5018);
#5014 = LINE('',#5015,#5016);
#5015 = CARTESIAN_POINT('',(0.,0.));
#5016 = VECTOR('',#5017,1.);
#5017 = DIRECTION('',(0.,-1.));
#5018 = ( GEOMETRIC_REPRESENTATION_CONTEXT(2) 
PARAMETRIC_REPRESENTATION_CONTEXT() REPRESENTATION_CONTEXT('2D SPACE',''
  ) );
#5019 = ORIENTED_EDGE('',*,*,#1624,.T.);
#5020 = ADVANCED_FACE('',(#5021),#1141,.F.);
#5021 = FACE_BOUND('',#5022,.F.);
#5022 = EDGE_LOOP('',(#5023,#5024,#5025,#5048));
#5023 = ORIENTED_EDGE('',*,*,#1126,.T.);
#5024 = ORIENTED_EDGE('',*,*,#4925,.T.);
#5025 = ORIENTED_EDGE('',*,*,#5026,.T.);
#5026 = EDGE_CURVE('',#4926,#5027,#5029,.T.);
#5027 = VERTEX_POINT('',#5028);
#5028 = CARTESIAN_POINT('',(264.675,10.245,7.4));
#5029 = SURFACE_CURVE('',#5030,(#5034,#5041),.PCURVE_S1.);
#5030 = LINE('',#5031,#5032);
#5031 = CARTESIAN_POINT('',(257.75,10.245,7.4));
#5032 = VECTOR('',#5033,1.);
#5033 = DIRECTION('',(1.,0.,0.));
#5034 = PCURVE('',#1141,#5035);
#5035 = DEFINITIONAL_REPRESENTATION('',(#5036),#5040);
#5036 = LINE('',#5037,#5038);
#5037 = CARTESIAN_POINT('',(6.925,-3.4));
#5038 = VECTOR('',#5039,1.);
#5039 = DIRECTION('',(1.,0.));
#5040 = ( GEOMETRIC_REPRESENTATION_CONTEXT(2) 
PARAMETRIC_REPRESENTATION_CONTEXT() REPRESENTATION_CONTEXT('2D SPACE',''
  ) );
#5041 = PCURVE('',#3533,#5042);
#5042 = DEFINITIONAL_REPRESENTATION('',(#5043),#5047);
#5043 = LINE('',#5044,#5045);
#5044 = CARTESIAN_POINT('',(105.35,67.39375));
#5045 = VECTOR('',#5046,1.);
#5046 = DIRECTION('',(1.,0.));
#5047 = ( GEOMETRIC_REPRESENTATION_CONTEXT(2) 
PARAMETRIC_REPRESENTATION_CONTEXT() REPRESENTATION_CONTEXT('2D SPACE',''
  ) );
#5048 = ORIENTED_EDGE('',*,*,#5049,.F.);
#5049 = EDGE_CURVE('',#1127,#5027,#5050,.T.);
#5050 = SURFACE_CURVE('',#5051,(#5055,#5062),.PCURVE_S1.);
#5051 = LINE('',#5052,#5053);
#5052 = CARTESIAN_POINT('',(264.675,10.245,4.));
#5053 = VECTOR('',#5054,1.);
#5054 = DIRECTION('',(0.,0.,1.));
#5055 = PCURVE('',#1141,#5056);
#5056 = DEFINITIONAL_REPRESENTATION('',(#5057),#5061);
#5057 = LINE('',#5058,#5059);
#5058 = CARTESIAN_POINT('',(13.85,0.));
#5059 = VECTOR('',#5060,1.);
#5060 = DIRECTION('',(0.,-1.));
#5061 = ( GEOMETRIC_REPRESENTATION_CONTEXT(2) 
PARAMETRIC_REPRESENTATION_CONTEXT() REPRESENTATION_CONTEXT('2D SPACE',''
  ) );
#5062 = PCURVE('',#1173,#5063);
#5063 = DEFINITIONAL_REPRESENTATION('',(#5064),#5068);
#5064 = LINE('',#5065,#5066);
#5065 = CARTESIAN_POINT('',(-1.570796326795,0.));
#5066 = VECTOR('',#5067,1.);
#5067 = DIRECTION('',(-0.,-1.));
#5068 = ( GEOMETRIC_REPRESENTATION_CONTEXT(2) 
PARAMETRIC_REPRESENTATION_CONTEXT() REPRESENTATION_CONTEXT('2D SPACE',''
  ) );
#5069 = ADVANCED_FACE('',(#5070),#1613,.T.);
#5070 = FACE_BOUND('',#5071,.T.);
#5071 = EDGE_LOOP('',(#5072,#5073,#5074,#5097));
#5072 = ORIENTED_EDGE('',*,*,#1598,.T.);
#5073 = ORIENTED_EDGE('',*,*,#4999,.T.);
#5074 = ORIENTED_EDGE('',*,*,#5075,.T.);
#5075 = EDGE_CURVE('',#4976,#5076,#5078,.T.);
#5076 = VERTEX_POINT('',#5077);
#5077 = CARTESIAN_POINT('',(221.2375,-124.5425,7.4));
#5078 = SURFACE_CURVE('',#5079,(#5083,#5090),.PCURVE_S1.);
#5079 = LINE('',#5080,#5081);
#5080 = CARTESIAN_POINT('',(214.3125,-124.5425,7.4));
#5081 = VECTOR('',#5082,1.);
#5082 = DIRECTION('',(1.,0.,0.));
#5083 = PCURVE('',#1613,#5084);
#5084 = DEFINITIONAL_REPRESENTATION('',(#5085),#5089);
#5085 = LINE('',#5086,#5087);
#5086 = CARTESIAN_POINT('',(6.925,-3.4));
#5087 = VECTOR('',#5088,1.);
#5088 = DIRECTION('',(1.,0.));
#5089 = ( GEOMETRIC_REPRESENTATION_CONTEXT(2) 
PARAMETRIC_REPRESENTATION_CONTEXT() REPRESENTATION_CONTEXT('2D SPACE',''
  ) );
#5090 = PCURVE('',#3533,#5091);
#5091 = DEFINITIONAL_REPRESENTATION('',(#5092),#5096);
#5092 = LINE('',#5093,#5094);
#5093 = CARTESIAN_POINT('',(61.9125,-67.39375));
#5094 = VECTOR('',#5095,1.);
#5095 = DIRECTION('',(1.,0.));
#5096 = ( GEOMETRIC_REPRESENTATION_CONTEXT(2) 
PARAMETRIC_REPRESENTATION_CONTEXT() REPRESENTATION_CONTEXT('2D SPACE',''
  ) );
#5097 = ORIENTED_EDGE('',*,*,#5098,.F.);
#5098 = EDGE_CURVE('',#1566,#5076,#5099,.T.);
#5099 = SURFACE_CURVE('',#5100,(#5104,#5111),.PCURVE_S1.);
#5100 = LINE('',#5101,#5102);
#5101 = CARTESIAN_POINT('',(221.2375,-124.5425,4.));
#5102 = VECTOR('',#5103,1.);
#5103 = DIRECTION('',(0.,0.,1.));
#5104 = PCURVE('',#1613,#5105);
#5105 = DEFINITIONAL_REPRESENTATION('',(#5106),#5110);
#5106 = LINE('',#5107,#5108);
#5107 = CARTESIAN_POINT('',(13.85,0.));
#5108 = VECTOR('',#5109,1.);
#5109 = DIRECTION('',(0.,-1.));
#5110 = ( GEOMETRIC_REPRESENTATION_CONTEXT(2) 
PARAMETRIC_REPRESENTATION_CONTEXT() REPRESENTATION_CONTEXT('2D SPACE',''
  ) );
#5111 = PCURVE('',#1586,#5112);
#5112 = DEFINITIONAL_REPRESENTATION('',(#5113),#5117);
#5113 = LINE('',#5114,#5115);
#5114 = CARTESIAN_POINT('',(-4.712388980385,0.));
#5115 = VECTOR('',#5116,1.);
#5116 = DIRECTION('',(-0.,-1.));
#5117 = ( GEOMETRIC_REPRESENTATION_CONTEXT(2) 
PARAMETRIC_REPRESENTATION_CONTEXT() REPRESENTATION_CONTEXT('2D SPACE',''
  ) );
#5118 = ADVANCED_FACE('',(#5119),#1173,.F.);
#5119 = FACE_BOUND('',#5120,.T.);
#5120 = EDGE_LOOP('',(#5121,#5142,#5164,#5165));
#5121 = ORIENTED_EDGE('',*,*,#5122,.F.);
#5122 = EDGE_CURVE('',#5123,#1153,#5125,.T.);
#5123 = VERTEX_POINT('',#5124);
#5124 = CARTESIAN_POINT('',(267.65996231132,7.545,7.4));
#5125 = SURFACE_CURVE('',#5126,(#5130,#5136),.PCURVE_S1.);
#5126 = LINE('',#5127,#5128);
#5127 = CARTESIAN_POINT('',(267.65996231132,7.545,4.));
#5128 = VECTOR('',#5129,1.);
#5129 = DIRECTION('',(-0.,-0.,-1.));
#5130 = PCURVE('',#1173,#5131);
#5131 = DEFINITIONAL_REPRESENTATION('',(#5132),#5135);
#5132 = B_SPLINE_CURVE_WITH_KNOTS('',1,(#5133,#5134),.UNSPECIFIED.,.F.,
  .F.,(2,2),(-3.4000006,-0.76),.PIECEWISE_BEZIER_KNOTS.);
#5133 = CARTESIAN_POINT('',(-0.100167421162,-3.4000006));
#5134 = CARTESIAN_POINT('',(-0.100167421162,-0.76));
#5135 = ( GEOMETRIC_REPRESENTATION_CONTEXT(2) 
PARAMETRIC_REPRESENTATION_CONTEXT() REPRESENTATION_CONTEXT('2D SPACE',''
  ) );
#5136 = PCURVE('',#1200,#5137);
#5137 = DEFINITIONAL_REPRESENTATION('',(#5138),#5141);
#5138 = B_SPLINE_CURVE_WITH_KNOTS('',1,(#5139,#5140),.UNSPECIFIED.,.F.,
  .F.,(2,2),(-3.4000006,-0.76),.PIECEWISE_BEZIER_KNOTS.);
#5139 = CARTESIAN_POINT('',(266.15996231132,-3.4000006));
#5140 = CARTESIAN_POINT('',(266.15996231132,-0.76));
#5141 = ( GEOMETRIC_REPRESENTATION_CONTEXT(2) 
PARAMETRIC_REPRESENTATION_CONTEXT() REPRESENTATION_CONTEXT('2D SPACE',''
  ) );
#5142 = ORIENTED_EDGE('',*,*,#5143,.T.);
#5143 = EDGE_CURVE('',#5123,#5027,#5144,.T.);
#5144 = SURFACE_CURVE('',#5145,(#5150,#5157),.PCURVE_S1.);
#5145 = CIRCLE('',#5146,3.);
#5146 = AXIS2_PLACEMENT_3D('',#5147,#5148,#5149);
#5147 = CARTESIAN_POINT('',(264.675,7.245,7.4));
#5148 = DIRECTION('',(0.,0.,1.));
#5149 = DIRECTION('',(1.,0.,0.));
#5150 = PCURVE('',#1173,#5151);
#5151 = DEFINITIONAL_REPRESENTATION('',(#5152),#5156);
#5152 = LINE('',#5153,#5154);
#5153 = CARTESIAN_POINT('',(-0.,-3.4));
#5154 = VECTOR('',#5155,1.);
#5155 = DIRECTION('',(-1.,0.));
#5156 = ( GEOMETRIC_REPRESENTATION_CONTEXT(2) 
PARAMETRIC_REPRESENTATION_CONTEXT() REPRESENTATION_CONTEXT('2D SPACE',''
  ) );
#5157 = PCURVE('',#3533,#5158);
#5158 = DEFINITIONAL_REPRESENTATION('',(#5159),#5163);
#5159 = CIRCLE('',#5160,3.);
#5160 = AXIS2_PLACEMENT_2D('',#5161,#5162);
#5161 = CARTESIAN_POINT('',(112.275,64.39375));
#5162 = DIRECTION('',(1.,0.));
#5163 = ( GEOMETRIC_REPRESENTATION_CONTEXT(2) 
PARAMETRIC_REPRESENTATION_CONTEXT() REPRESENTATION_CONTEXT('2D SPACE',''
  ) );
#5164 = ORIENTED_EDGE('',*,*,#5049,.F.);
#5165 = ORIENTED_EDGE('',*,*,#1152,.T.);
#5166 = ADVANCED_FACE('',(#5167),#1586,.F.);
#5167 = FACE_BOUND('',#5168,.T.);
#5168 = EDGE_LOOP('',(#5169,#5170,#5171,#5195));
#5169 = ORIENTED_EDGE('',*,*,#1565,.T.);
#5170 = ORIENTED_EDGE('',*,*,#5098,.T.);
#5171 = ORIENTED_EDGE('',*,*,#5172,.T.);
#5172 = EDGE_CURVE('',#5076,#5173,#5175,.T.);
#5173 = VERTEX_POINT('',#5174);
#5174 = CARTESIAN_POINT('',(224.22246231132,-121.8425,7.4));
#5175 = SURFACE_CURVE('',#5176,(#5181,#5188),.PCURVE_S1.);
#5176 = CIRCLE('',#5177,3.);
#5177 = AXIS2_PLACEMENT_3D('',#5178,#5179,#5180);
#5178 = CARTESIAN_POINT('',(221.2375,-121.5425,7.4));
#5179 = DIRECTION('',(0.,0.,1.));
#5180 = DIRECTION('',(1.,0.,0.));
#5181 = PCURVE('',#1586,#5182);
#5182 = DEFINITIONAL_REPRESENTATION('',(#5183),#5187);
#5183 = LINE('',#5184,#5185);
#5184 = CARTESIAN_POINT('',(-0.,-3.4));
#5185 = VECTOR('',#5186,1.);
#5186 = DIRECTION('',(-1.,0.));
#5187 = ( GEOMETRIC_REPRESENTATION_CONTEXT(2) 
PARAMETRIC_REPRESENTATION_CONTEXT() REPRESENTATION_CONTEXT('2D SPACE',''
  ) );
#5188 = PCURVE('',#3533,#5189);
#5189 = DEFINITIONAL_REPRESENTATION('',(#5190),#5194);
#5190 = CIRCLE('',#5191,3.);
#5191 = AXIS2_PLACEMENT_2D('',#5192,#5193);
#5192 = CARTESIAN_POINT('',(68.8375,-64.39375));
#5193 = DIRECTION('',(1.,0.));
#5194 = ( GEOMETRIC_REPRESENTATION_CONTEXT(2) 
PARAMETRIC_REPRESENTATION_CONTEXT() REPRESENTATION_CONTEXT('2D SPACE',''
  ) );
#5195 = ORIENTED_EDGE('',*,*,#5196,.T.);
#5196 = EDGE_CURVE('',#5173,#1540,#5197,.T.);
#5197 = SURFACE_CURVE('',#5198,(#5202,#5208),.PCURVE_S1.);
#5198 = LINE('',#5199,#5200);
#5199 = CARTESIAN_POINT('',(224.22246231132,-121.8425,4.));
#5200 = VECTOR('',#5201,1.);
#5201 = DIRECTION('',(-0.,-0.,-1.));
#5202 = PCURVE('',#1586,#5203);
#5203 = DEFINITIONAL_REPRESENTATION('',(#5204),#5207);
#5204 = B_SPLINE_CURVE_WITH_KNOTS('',1,(#5205,#5206),.UNSPECIFIED.,.F.,
  .F.,(2,2),(-3.4000006,-0.76),.PIECEWISE_BEZIER_KNOTS.);
#5205 = CARTESIAN_POINT('',(-6.183017886018,-3.4000006));
#5206 = CARTESIAN_POINT('',(-6.183017886018,-0.76));
#5207 = ( GEOMETRIC_REPRESENTATION_CONTEXT(2) 
PARAMETRIC_REPRESENTATION_CONTEXT() REPRESENTATION_CONTEXT('2D SPACE',''
  ) );
#5208 = PCURVE('',#1554,#5209);
#5209 = DEFINITIONAL_REPRESENTATION('',(#5210),#5213);
#5210 = B_SPLINE_CURVE_WITH_KNOTS('',1,(#5211,#5212),.UNSPECIFIED.,.F.,
  .F.,(2,2),(-3.4000006,-0.76),.PIECEWISE_BEZIER_KNOTS.);
#5211 = CARTESIAN_POINT('',(222.72246231132,-3.4000006));
#5212 = CARTESIAN_POINT('',(222.72246231132,-0.76));
#5213 = ( GEOMETRIC_REPRESENTATION_CONTEXT(2) 
PARAMETRIC_REPRESENTATION_CONTEXT() REPRESENTATION_CONTEXT('2D SPACE',''
  ) );
#5214 = ADVANCED_FACE('',(#5215),#1200,.F.);
#5215 = FACE_BOUND('',#5216,.F.);
#5216 = EDGE_LOOP('',(#5217,#5240,#5241,#5242));
#5217 = ORIENTED_EDGE('',*,*,#5218,.F.);
#5218 = EDGE_CURVE('',#1186,#5219,#5221,.T.);
#5219 = VERTEX_POINT('',#5220);
#5220 = CARTESIAN_POINT('',(303.3,7.545,7.4));
#5221 = SURFACE_CURVE('',#5222,(#5226,#5233),.PCURVE_S1.);
#5222 = LINE('',#5223,#5224);
#5223 = CARTESIAN_POINT('',(303.3,7.545,4.));
#5224 = VECTOR('',#5225,1.);
#5225 = DIRECTION('',(0.,0.,1.));
#5226 = PCURVE('',#1200,#5227);
#5227 = DEFINITIONAL_REPRESENTATION('',(#5228),#5232);
#5228 = LINE('',#5229,#5230);
#5229 = CARTESIAN_POINT('',(301.8,0.));
#5230 = VECTOR('',#5231,1.);
#5231 = DIRECTION('',(0.,-1.));
#5232 = ( GEOMETRIC_REPRESENTATION_CONTEXT(2) 
PARAMETRIC_REPRESENTATION_CONTEXT() REPRESENTATION_CONTEXT('2D SPACE',''
  ) );
#5233 = PCURVE('',#1232,#5234);
#5234 = DEFINITIONAL_REPRESENTATION('',(#5235),#5239);
#5235 = LINE('',#5236,#5237);
#5236 = CARTESIAN_POINT('',(1.570796326795,0.));
#5237 = VECTOR('',#5238,1.);
#5238 = DIRECTION('',(0.,-1.));
#5239 = ( GEOMETRIC_REPRESENTATION_CONTEXT(2) 
PARAMETRIC_REPRESENTATION_CONTEXT() REPRESENTATION_CONTEXT('2D SPACE',''
  ) );
#5240 = ORIENTED_EDGE('',*,*,#1185,.T.);
#5241 = ORIENTED_EDGE('',*,*,#5122,.F.);
#5242 = ORIENTED_EDGE('',*,*,#5243,.T.);
#5243 = EDGE_CURVE('',#5123,#5219,#5244,.T.);
#5244 = SURFACE_CURVE('',#5245,(#5249,#5256),.PCURVE_S1.);
#5245 = LINE('',#5246,#5247);
#5246 = CARTESIAN_POINT('',(152.4,7.545,7.4));
#5247 = VECTOR('',#5248,1.);
#5248 = DIRECTION('',(1.,0.,0.));
#5249 = PCURVE('',#1200,#5250);
#5250 = DEFINITIONAL_REPRESENTATION('',(#5251),#5255);
#5251 = LINE('',#5252,#5253);
#5252 = CARTESIAN_POINT('',(150.9,-3.4));
#5253 = VECTOR('',#5254,1.);
#5254 = DIRECTION('',(1.,0.));
#5255 = ( GEOMETRIC_REPRESENTATION_CONTEXT(2) 
PARAMETRIC_REPRESENTATION_CONTEXT() REPRESENTATION_CONTEXT('2D SPACE',''
  ) );
#5256 = PCURVE('',#3533,#5257);
#5257 = DEFINITIONAL_REPRESENTATION('',(#5258),#5262);
#5258 = LINE('',#5259,#5260);
#5259 = CARTESIAN_POINT('',(0.,64.69375));
#5260 = VECTOR('',#5261,1.);
#5261 = DIRECTION('',(1.,0.));
#5262 = ( GEOMETRIC_REPRESENTATION_CONTEXT(2) 
PARAMETRIC_REPRESENTATION_CONTEXT() REPRESENTATION_CONTEXT('2D SPACE',''
  ) );
#5263 = ADVANCED_FACE('',(#5264),#1554,.T.);
#5264 = FACE_BOUND('',#5265,.T.);
#5265 = EDGE_LOOP('',(#5266,#5287,#5288,#5289));
#5266 = ORIENTED_EDGE('',*,*,#5267,.T.);
#5267 = EDGE_CURVE('',#5268,#1507,#5270,.T.);
#5268 = VERTEX_POINT('',#5269);
#5269 = CARTESIAN_POINT('',(266.31503768868,-121.8425,7.4));
#5270 = SURFACE_CURVE('',#5271,(#5275,#5281),.PCURVE_S1.);
#5271 = LINE('',#5272,#5273);
#5272 = CARTESIAN_POINT('',(266.31503768868,-121.8425,4.));
#5273 = VECTOR('',#5274,1.);
#5274 = DIRECTION('',(-0.,-0.,-1.));
#5275 = PCURVE('',#1554,#5276);
#5276 = DEFINITIONAL_REPRESENTATION('',(#5277),#5280);
#5277 = B_SPLINE_CURVE_WITH_KNOTS('',1,(#5278,#5279),.UNSPECIFIED.,.F.,
  .F.,(2,2),(-3.4000006,-0.76),.PIECEWISE_BEZIER_KNOTS.);
#5278 = CARTESIAN_POINT('',(264.81503768868,-3.4000006));
#5279 = CARTESIAN_POINT('',(264.81503768868,-0.76));
#5280 = ( GEOMETRIC_REPRESENTATION_CONTEXT(2) 
PARAMETRIC_REPRESENTATION_CONTEXT() REPRESENTATION_CONTEXT('2D SPACE',''
  ) );
#5281 = PCURVE('',#1527,#5282);
#5282 = DEFINITIONAL_REPRESENTATION('',(#5283),#5286);
#5283 = B_SPLINE_CURVE_WITH_KNOTS('',1,(#5284,#5285),.UNSPECIFIED.,.F.,
  .F.,(2,2),(-3.4000006,-0.76),.PIECEWISE_BEZIER_KNOTS.);
#5284 = CARTESIAN_POINT('',(-3.241760074751,-3.4000006));
#5285 = CARTESIAN_POINT('',(-3.241760074751,-0.76));
#5286 = ( GEOMETRIC_REPRESENTATION_CONTEXT(2) 
PARAMETRIC_REPRESENTATION_CONTEXT() REPRESENTATION_CONTEXT('2D SPACE',''
  ) );
#5287 = ORIENTED_EDGE('',*,*,#1539,.T.);
#5288 = ORIENTED_EDGE('',*,*,#5196,.F.);
#5289 = ORIENTED_EDGE('',*,*,#5290,.T.);
#5290 = EDGE_CURVE('',#5173,#5268,#5291,.T.);
#5291 = SURFACE_CURVE('',#5292,(#5296,#5303),.PCURVE_S1.);
#5292 = LINE('',#5293,#5294);
#5293 = CARTESIAN_POINT('',(152.4,-121.8425,7.4));
#5294 = VECTOR('',#5295,1.);
#5295 = DIRECTION('',(1.,0.,0.));
#5296 = PCURVE('',#1554,#5297);
#5297 = DEFINITIONAL_REPRESENTATION('',(#5298),#5302);
#5298 = LINE('',#5299,#5300);
#5299 = CARTESIAN_POINT('',(150.9,-3.4));
#5300 = VECTOR('',#5301,1.);
#5301 = DIRECTION('',(1.,0.));
#5302 = ( GEOMETRIC_REPRESENTATION_CONTEXT(2) 
PARAMETRIC_REPRESENTATION_CONTEXT() REPRESENTATION_CONTEXT('2D SPACE',''
  ) );
#5303 = PCURVE('',#3533,#5304);
#5304 = DEFINITIONAL_REPRESENTATION('',(#5305),#5309);
#5305 = LINE('',#5306,#5307);
#5306 = CARTESIAN_POINT('',(0.,-64.69375));
#5307 = VECTOR('',#5308,1.);
#5308 = DIRECTION('',(1.,0.));
#5309 = ( GEOMETRIC_REPRESENTATION_CONTEXT(2) 
PARAMETRIC_REPRESENTATION_CONTEXT() REPRESENTATION_CONTEXT('2D SPACE',''
  ) );
#5310 = ADVANCED_FACE('',(#5311),#1232,.F.);
#5311 = FACE_BOUND('',#5312,.F.);
#5312 = EDGE_LOOP('',(#5313,#5314,#5315,#5343));
#5313 = ORIENTED_EDGE('',*,*,#1211,.F.);
#5314 = ORIENTED_EDGE('',*,*,#5218,.T.);
#5315 = ORIENTED_EDGE('',*,*,#5316,.T.);
#5316 = EDGE_CURVE('',#5219,#5317,#5319,.T.);
#5317 = VERTEX_POINT('',#5318);
#5318 = CARTESIAN_POINT('',(307.6,3.245,7.4));
#5319 = SURFACE_CURVE('',#5320,(#5325,#5332),.PCURVE_S1.);
#5320 = CIRCLE('',#5321,4.3);
#5321 = AXIS2_PLACEMENT_3D('',#5322,#5323,#5324);
#5322 = CARTESIAN_POINT('',(303.3,3.245,7.4));
#5323 = DIRECTION('',(0.,0.,-1.));
#5324 = DIRECTION('',(-1.,0.,0.));
#5325 = PCURVE('',#1232,#5326);
#5326 = DEFINITIONAL_REPRESENTATION('',(#5327),#5331);
#5327 = LINE('',#5328,#5329);
#5328 = CARTESIAN_POINT('',(0.,-3.4));
#5329 = VECTOR('',#5330,1.);
#5330 = DIRECTION('',(1.,0.));
#5331 = ( GEOMETRIC_REPRESENTATION_CONTEXT(2) 
PARAMETRIC_REPRESENTATION_CONTEXT() REPRESENTATION_CONTEXT('2D SPACE',''
  ) );
#5332 = PCURVE('',#3533,#5333);
#5333 = DEFINITIONAL_REPRESENTATION('',(#5334),#5342);
#5334 = ( BOUNDED_CURVE() B_SPLINE_CURVE(2,(#5335,#5336,#5337,#5338,
#5339,#5340,#5341),.UNSPECIFIED.,.T.,.F.) B_SPLINE_CURVE_WITH_KNOTS((1,2
    ,2,2,2,1),(-2.094395102393,0.,2.094395102393,4.188790204786,
6.28318530718,8.377580409573),.UNSPECIFIED.) CURVE() 
GEOMETRIC_REPRESENTATION_ITEM() RATIONAL_B_SPLINE_CURVE((1.,0.5,1.,0.5,
1.,0.5,1.)) REPRESENTATION_ITEM('') );
#5335 = CARTESIAN_POINT('',(146.6,60.39375));
#5336 = CARTESIAN_POINT('',(146.6,67.841568472546));
#5337 = CARTESIAN_POINT('',(153.05,64.117659236273));
#5338 = CARTESIAN_POINT('',(159.5,60.39375));
#5339 = CARTESIAN_POINT('',(153.05,56.669840763727));
#5340 = CARTESIAN_POINT('',(146.6,52.945931527454));
#5341 = CARTESIAN_POINT('',(146.6,60.39375));
#5342 = ( GEOMETRIC_REPRESENTATION_CONTEXT(2) 
PARAMETRIC_REPRESENTATION_CONTEXT() REPRESENTATION_CONTEXT('2D SPACE',''
  ) );
#5343 = ORIENTED_EDGE('',*,*,#5344,.F.);
#5344 = EDGE_CURVE('',#1212,#5317,#5345,.T.);
#5345 = SURFACE_CURVE('',#5346,(#5350,#5357),.PCURVE_S1.);
#5346 = LINE('',#5347,#5348);
#5347 = CARTESIAN_POINT('',(307.6,3.245,4.));
#5348 = VECTOR('',#5349,1.);
#5349 = DIRECTION('',(0.,0.,1.));
#5350 = PCURVE('',#1232,#5351);
#5351 = DEFINITIONAL_REPRESENTATION('',(#5352),#5356);
#5352 = LINE('',#5353,#5354);
#5353 = CARTESIAN_POINT('',(3.14159265359,0.));
#5354 = VECTOR('',#5355,1.);
#5355 = DIRECTION('',(0.,-1.));
#5356 = ( GEOMETRIC_REPRESENTATION_CONTEXT(2) 
PARAMETRIC_REPRESENTATION_CONTEXT() REPRESENTATION_CONTEXT('2D SPACE',''
  ) );
#5357 = PCURVE('',#1259,#5358);
#5358 = DEFINITIONAL_REPRESENTATION('',(#5359),#5363);
#5359 = LINE('',#5360,#5361);
#5360 = CARTESIAN_POINT('',(120.7875,0.));
#5361 = VECTOR('',#5362,1.);
#5362 = DIRECTION('',(0.,-1.));
#5363 = ( GEOMETRIC_REPRESENTATION_CONTEXT(2) 
PARAMETRIC_REPRESENTATION_CONTEXT() REPRESENTATION_CONTEXT('2D SPACE',''
  ) );
#5364 = ADVANCED_FACE('',(#5365),#1527,.F.);
#5365 = FACE_BOUND('',#5366,.T.);
#5366 = EDGE_LOOP('',(#5367,#5368,#5392,#5413));
#5367 = ORIENTED_EDGE('',*,*,#5267,.F.);
#5368 = ORIENTED_EDGE('',*,*,#5369,.T.);
#5369 = EDGE_CURVE('',#5268,#5370,#5372,.T.);
#5370 = VERTEX_POINT('',#5371);
#5371 = CARTESIAN_POINT('',(269.3,-124.5425,7.4));
#5372 = SURFACE_CURVE('',#5373,(#5378,#5385),.PCURVE_S1.);
#5373 = CIRCLE('',#5374,3.);
#5374 = AXIS2_PLACEMENT_3D('',#5375,#5376,#5377);
#5375 = CARTESIAN_POINT('',(269.3,-121.5425,7.4));
#5376 = DIRECTION('',(0.,0.,1.));
#5377 = DIRECTION('',(1.,0.,0.));
#5378 = PCURVE('',#1527,#5379);
#5379 = DEFINITIONAL_REPRESENTATION('',(#5380),#5384);
#5380 = LINE('',#5381,#5382);
#5381 = CARTESIAN_POINT('',(-0.,-3.4));
#5382 = VECTOR('',#5383,1.);
#5383 = DIRECTION('',(-1.,0.));
#5384 = ( GEOMETRIC_REPRESENTATION_CONTEXT(2) 
PARAMETRIC_REPRESENTATION_CONTEXT() REPRESENTATION_CONTEXT('2D SPACE',''
  ) );
#5385 = PCURVE('',#3533,#5386);
#5386 = DEFINITIONAL_REPRESENTATION('',(#5387),#5391);
#5387 = CIRCLE('',#5388,3.);
#5388 = AXIS2_PLACEMENT_2D('',#5389,#5390);
#5389 = CARTESIAN_POINT('',(116.9,-64.39375));
#5390 = DIRECTION('',(1.,0.));
#5391 = ( GEOMETRIC_REPRESENTATION_CONTEXT(2) 
PARAMETRIC_REPRESENTATION_CONTEXT() REPRESENTATION_CONTEXT('2D SPACE',''
  ) );
#5392 = ORIENTED_EDGE('',*,*,#5393,.F.);
#5393 = EDGE_CURVE('',#1481,#5370,#5394,.T.);
#5394 = SURFACE_CURVE('',#5395,(#5399,#5406),.PCURVE_S1.);
#5395 = LINE('',#5396,#5397);
#5396 = CARTESIAN_POINT('',(269.3,-124.5425,4.));
#5397 = VECTOR('',#5398,1.);
#5398 = DIRECTION('',(0.,0.,1.));
#5399 = PCURVE('',#1527,#5400);
#5400 = DEFINITIONAL_REPRESENTATION('',(#5401),#5405);
#5401 = LINE('',#5402,#5403);
#5402 = CARTESIAN_POINT('',(-4.712388980385,0.));
#5403 = VECTOR('',#5404,1.);
#5404 = DIRECTION('',(-0.,-1.));
#5405 = ( GEOMETRIC_REPRESENTATION_CONTEXT(2) 
PARAMETRIC_REPRESENTATION_CONTEXT() REPRESENTATION_CONTEXT('2D SPACE',''
  ) );
#5406 = PCURVE('',#1495,#5407);
#5407 = DEFINITIONAL_REPRESENTATION('',(#5408),#5412);
#5408 = LINE('',#5409,#5410);
#5409 = CARTESIAN_POINT('',(0.,0.));
#5410 = VECTOR('',#5411,1.);
#5411 = DIRECTION('',(0.,-1.));
#5412 = ( GEOMETRIC_REPRESENTATION_CONTEXT(2) 
PARAMETRIC_REPRESENTATION_CONTEXT() REPRESENTATION_CONTEXT('2D SPACE',''
  ) );
#5413 = ORIENTED_EDGE('',*,*,#1506,.T.);
#5414 = ADVANCED_FACE('',(#5415),#1259,.T.);
#5415 = FACE_BOUND('',#5416,.T.);
#5416 = EDGE_LOOP('',(#5417,#5418,#5419,#5440));
#5417 = ORIENTED_EDGE('',*,*,#5344,.F.);
#5418 = ORIENTED_EDGE('',*,*,#1244,.T.);
#5419 = ORIENTED_EDGE('',*,*,#5420,.F.);
#5420 = EDGE_CURVE('',#5421,#1245,#5423,.T.);
#5421 = VERTEX_POINT('',#5422);
#5422 = CARTESIAN_POINT('',(307.6,-42.47753768868,7.4));
#5423 = SURFACE_CURVE('',#5424,(#5428,#5434),.PCURVE_S1.);
#5424 = LINE('',#5425,#5426);
#5425 = CARTESIAN_POINT('',(307.6,-42.47753768868,4.));
#5426 = VECTOR('',#5427,1.);
#5427 = DIRECTION('',(0.,0.,-1.));
#5428 = PCURVE('',#1259,#5429);
#5429 = DEFINITIONAL_REPRESENTATION('',(#5430),#5433);
#5430 = B_SPLINE_CURVE_WITH_KNOTS('',1,(#5431,#5432),.UNSPECIFIED.,.F.,
  .F.,(2,2),(-3.4000006,-0.76),.PIECEWISE_BEZIER_KNOTS.);
#5431 = CARTESIAN_POINT('',(75.06496231132,-3.4000006));
#5432 = CARTESIAN_POINT('',(75.06496231132,-0.76));
#5433 = ( GEOMETRIC_REPRESENTATION_CONTEXT(2) 
PARAMETRIC_REPRESENTATION_CONTEXT() REPRESENTATION_CONTEXT('2D SPACE',''
  ) );
#5434 = PCURVE('',#1291,#5435);
#5435 = DEFINITIONAL_REPRESENTATION('',(#5436),#5439);
#5436 = B_SPLINE_CURVE_WITH_KNOTS('',1,(#5437,#5438),.UNSPECIFIED.,.F.,
  .F.,(2,2),(-3.4000006,-0.76),.PIECEWISE_BEZIER_KNOTS.);
#5437 = CARTESIAN_POINT('',(1.670963747956,-3.4000006));
#5438 = CARTESIAN_POINT('',(1.670963747956,-0.76));
#5439 = ( GEOMETRIC_REPRESENTATION_CONTEXT(2) 
PARAMETRIC_REPRESENTATION_CONTEXT() REPRESENTATION_CONTEXT('2D SPACE',''
  ) );
#5440 = ORIENTED_EDGE('',*,*,#5441,.T.);
#5441 = EDGE_CURVE('',#5421,#5317,#5442,.T.);
#5442 = SURFACE_CURVE('',#5443,(#5447,#5454),.PCURVE_S1.);
#5443 = LINE('',#5444,#5445);
#5444 = CARTESIAN_POINT('',(307.6,-57.14875,7.4));
#5445 = VECTOR('',#5446,1.);
#5446 = DIRECTION('',(0.,1.,0.));
#5447 = PCURVE('',#1259,#5448);
#5448 = DEFINITIONAL_REPRESENTATION('',(#5449),#5453);
#5449 = LINE('',#5450,#5451);
#5450 = CARTESIAN_POINT('',(60.39375,-3.4));
#5451 = VECTOR('',#5452,1.);
#5452 = DIRECTION('',(1.,0.));
#5453 = ( GEOMETRIC_REPRESENTATION_CONTEXT(2) 
PARAMETRIC_REPRESENTATION_CONTEXT() REPRESENTATION_CONTEXT('2D SPACE',''
  ) );
#5454 = PCURVE('',#3533,#5455);
#5455 = DEFINITIONAL_REPRESENTATION('',(#5456),#5460);
#5456 = LINE('',#5457,#5458);
#5457 = CARTESIAN_POINT('',(155.2,0.));
#5458 = VECTOR('',#5459,1.);
#5459 = DIRECTION('',(0.,1.));
#5460 = ( GEOMETRIC_REPRESENTATION_CONTEXT(2) 
PARAMETRIC_REPRESENTATION_CONTEXT() REPRESENTATION_CONTEXT('2D SPACE',''
  ) );
#5461 = ADVANCED_FACE('',(#5462),#1495,.T.);
#5462 = FACE_BOUND('',#5463,.T.);
#5463 = EDGE_LOOP('',(#5464,#5465,#5466,#5489));
#5464 = ORIENTED_EDGE('',*,*,#1480,.T.);
#5465 = ORIENTED_EDGE('',*,*,#5393,.T.);
#5466 = ORIENTED_EDGE('',*,*,#5467,.T.);
#5467 = EDGE_CURVE('',#5370,#5468,#5470,.T.);
#5468 = VERTEX_POINT('',#5469);
#5469 = CARTESIAN_POINT('',(283.15,-124.5425,7.4));
#5470 = SURFACE_CURVE('',#5471,(#5475,#5482),.PCURVE_S1.);
#5471 = LINE('',#5472,#5473);
#5472 = CARTESIAN_POINT('',(276.225,-124.5425,7.4));
#5473 = VECTOR('',#5474,1.);
#5474 = DIRECTION('',(1.,0.,0.));
#5475 = PCURVE('',#1495,#5476);
#5476 = DEFINITIONAL_REPRESENTATION('',(#5477),#5481);
#5477 = LINE('',#5478,#5479);
#5478 = CARTESIAN_POINT('',(6.925,-3.4));
#5479 = VECTOR('',#5480,1.);
#5480 = DIRECTION('',(1.,0.));
#5481 = ( GEOMETRIC_REPRESENTATION_CONTEXT(2) 
PARAMETRIC_REPRESENTATION_CONTEXT() REPRESENTATION_CONTEXT('2D SPACE',''
  ) );
#5482 = PCURVE('',#3533,#5483);
#5483 = DEFINITIONAL_REPRESENTATION('',(#5484),#5488);
#5484 = LINE('',#5485,#5486);
#5485 = CARTESIAN_POINT('',(123.825,-67.39375));
#5486 = VECTOR('',#5487,1.);
#5487 = DIRECTION('',(1.,0.));
#5488 = ( GEOMETRIC_REPRESENTATION_CONTEXT(2) 
PARAMETRIC_REPRESENTATION_CONTEXT() REPRESENTATION_CONTEXT('2D SPACE',''
  ) );
#5489 = ORIENTED_EDGE('',*,*,#5490,.F.);
#5490 = EDGE_CURVE('',#1448,#5468,#5491,.T.);
#5491 = SURFACE_CURVE('',#5492,(#5496,#5503),.PCURVE_S1.);
#5492 = LINE('',#5493,#5494);
#5493 = CARTESIAN_POINT('',(283.15,-124.5425,4.));
#5494 = VECTOR('',#5495,1.);
#5495 = DIRECTION('',(0.,0.,1.));
#5496 = PCURVE('',#1495,#5497);
#5497 = DEFINITIONAL_REPRESENTATION('',(#5498),#5502);
#5498 = LINE('',#5499,#5500);
#5499 = CARTESIAN_POINT('',(13.85,0.));
#5500 = VECTOR('',#5501,1.);
#5501 = DIRECTION('',(0.,-1.));
#5502 = ( GEOMETRIC_REPRESENTATION_CONTEXT(2) 
PARAMETRIC_REPRESENTATION_CONTEXT() REPRESENTATION_CONTEXT('2D SPACE',''
  ) );
#5503 = PCURVE('',#1468,#5504);
#5504 = DEFINITIONAL_REPRESENTATION('',(#5505),#5509);
#5505 = LINE('',#5506,#5507);
#5506 = CARTESIAN_POINT('',(-4.712388980385,0.));
#5507 = VECTOR('',#5508,1.);
#5508 = DIRECTION('',(-0.,-1.));
#5509 = ( GEOMETRIC_REPRESENTATION_CONTEXT(2) 
PARAMETRIC_REPRESENTATION_CONTEXT() REPRESENTATION_CONTEXT('2D SPACE',''
  ) );
#5510 = ADVANCED_FACE('',(#5511),#1291,.F.);
#5511 = FACE_BOUND('',#5512,.F.);
#5512 = EDGE_LOOP('',(#5513,#5514,#5542,#5563));
#5513 = ORIENTED_EDGE('',*,*,#5420,.F.);
#5514 = ORIENTED_EDGE('',*,*,#5515,.T.);
#5515 = EDGE_CURVE('',#5421,#5516,#5518,.T.);
#5516 = VERTEX_POINT('',#5517);
#5517 = CARTESIAN_POINT('',(310.3,-45.4625,7.4));
#5518 = SURFACE_CURVE('',#5519,(#5524,#5531),.PCURVE_S1.);
#5519 = CIRCLE('',#5520,3.);
#5520 = AXIS2_PLACEMENT_3D('',#5521,#5522,#5523);
#5521 = CARTESIAN_POINT('',(307.3,-45.4625,7.4));
#5522 = DIRECTION('',(0.,0.,-1.));
#5523 = DIRECTION('',(-1.,0.,0.));
#5524 = PCURVE('',#1291,#5525);
#5525 = DEFINITIONAL_REPRESENTATION('',(#5526),#5530);
#5526 = LINE('',#5527,#5528);
#5527 = CARTESIAN_POINT('',(0.,-3.4));
#5528 = VECTOR('',#5529,1.);
#5529 = DIRECTION('',(1.,0.));
#5530 = ( GEOMETRIC_REPRESENTATION_CONTEXT(2) 
PARAMETRIC_REPRESENTATION_CONTEXT() REPRESENTATION_CONTEXT('2D SPACE',''
  ) );
#5531 = PCURVE('',#3533,#5532);
#5532 = DEFINITIONAL_REPRESENTATION('',(#5533),#5541);
#5533 = ( BOUNDED_CURVE() B_SPLINE_CURVE(2,(#5534,#5535,#5536,#5537,
#5538,#5539,#5540),.UNSPECIFIED.,.T.,.F.) B_SPLINE_CURVE_WITH_KNOTS((1,2
    ,2,2,2,1),(-2.094395102393,0.,2.094395102393,4.188790204786,
6.28318530718,8.377580409573),.UNSPECIFIED.) CURVE() 
GEOMETRIC_REPRESENTATION_ITEM() RATIONAL_B_SPLINE_CURVE((1.,0.5,1.,0.5,
1.,0.5,1.)) REPRESENTATION_ITEM('') );
#5534 = CARTESIAN_POINT('',(151.9,11.68625));
#5535 = CARTESIAN_POINT('',(151.9,16.882402422707));
#5536 = CARTESIAN_POINT('',(156.4,14.284326211353));
#5537 = CARTESIAN_POINT('',(160.9,11.68625));
#5538 = CARTESIAN_POINT('',(156.4,9.088173788647));
#5539 = CARTESIAN_POINT('',(151.9,6.490097577293));
#5540 = CARTESIAN_POINT('',(151.9,11.68625));
#5541 = ( GEOMETRIC_REPRESENTATION_CONTEXT(2) 
PARAMETRIC_REPRESENTATION_CONTEXT() REPRESENTATION_CONTEXT('2D SPACE',''
  ) );
#5542 = ORIENTED_EDGE('',*,*,#5543,.F.);
#5543 = EDGE_CURVE('',#1271,#5516,#5544,.T.);
#5544 = SURFACE_CURVE('',#5545,(#5549,#5556),.PCURVE_S1.);
#5545 = LINE('',#5546,#5547);
#5546 = CARTESIAN_POINT('',(310.3,-45.4625,4.));
#5547 = VECTOR('',#5548,1.);
#5548 = DIRECTION('',(0.,0.,1.));
#5549 = PCURVE('',#1291,#5550);
#5550 = DEFINITIONAL_REPRESENTATION('',(#5551),#5555);
#5551 = LINE('',#5552,#5553);
#5552 = CARTESIAN_POINT('',(3.14159265359,0.));
#5553 = VECTOR('',#5554,1.);
#5554 = DIRECTION('',(0.,-1.));
#5555 = ( GEOMETRIC_REPRESENTATION_CONTEXT(2) 
PARAMETRIC_REPRESENTATION_CONTEXT() REPRESENTATION_CONTEXT('2D SPACE',''
  ) );
#5556 = PCURVE('',#1318,#5557);
#5557 = DEFINITIONAL_REPRESENTATION('',(#5558),#5562);
#5558 = LINE('',#5559,#5560);
#5559 = CARTESIAN_POINT('',(13.85,0.));
#5560 = VECTOR('',#5561,1.);
#5561 = DIRECTION('',(0.,-1.));
#5562 = ( GEOMETRIC_REPRESENTATION_CONTEXT(2) 
PARAMETRIC_REPRESENTATION_CONTEXT() REPRESENTATION_CONTEXT('2D SPACE',''
  ) );
#5563 = ORIENTED_EDGE('',*,*,#1270,.F.);
#5564 = ADVANCED_FACE('',(#5565),#1468,.F.);
#5565 = FACE_BOUND('',#5566,.T.);
#5566 = EDGE_LOOP('',(#5567,#5568,#5569,#5593));
#5567 = ORIENTED_EDGE('',*,*,#1447,.T.);
#5568 = ORIENTED_EDGE('',*,*,#5490,.T.);
#5569 = ORIENTED_EDGE('',*,*,#5570,.T.);
#5570 = EDGE_CURVE('',#5468,#5571,#5573,.T.);
#5571 = VERTEX_POINT('',#5572);
#5572 = CARTESIAN_POINT('',(286.13496231132,-121.8425,7.4));
#5573 = SURFACE_CURVE('',#5574,(#5579,#5586),.PCURVE_S1.);
#5574 = CIRCLE('',#5575,3.);
#5575 = AXIS2_PLACEMENT_3D('',#5576,#5577,#5578);
#5576 = CARTESIAN_POINT('',(283.15,-121.5425,7.4));
#5577 = DIRECTION('',(0.,0.,1.));
#5578 = DIRECTION('',(1.,0.,0.));
#5579 = PCURVE('',#1468,#5580);
#5580 = DEFINITIONAL_REPRESENTATION('',(#5581),#5585);
#5581 = LINE('',#5582,#5583);
#5582 = CARTESIAN_POINT('',(-0.,-3.4));
#5583 = VECTOR('',#5584,1.);
#5584 = DIRECTION('',(-1.,0.));
#5585 = ( GEOMETRIC_REPRESENTATION_CONTEXT(2) 
PARAMETRIC_REPRESENTATION_CONTEXT() REPRESENTATION_CONTEXT('2D SPACE',''
  ) );
#5586 = PCURVE('',#3533,#5587);
#5587 = DEFINITIONAL_REPRESENTATION('',(#5588),#5592);
#5588 = CIRCLE('',#5589,3.);
#5589 = AXIS2_PLACEMENT_2D('',#5590,#5591);
#5590 = CARTESIAN_POINT('',(130.75,-64.39375));
#5591 = DIRECTION('',(1.,0.));
#5592 = ( GEOMETRIC_REPRESENTATION_CONTEXT(2) 
PARAMETRIC_REPRESENTATION_CONTEXT() REPRESENTATION_CONTEXT('2D SPACE',''
  ) );
#5593 = ORIENTED_EDGE('',*,*,#5594,.T.);
#5594 = EDGE_CURVE('',#5571,#1422,#5595,.T.);
#5595 = SURFACE_CURVE('',#5596,(#5600,#5606),.PCURVE_S1.);
#5596 = LINE('',#5597,#5598);
#5597 = CARTESIAN_POINT('',(286.13496231132,-121.8425,4.));
#5598 = VECTOR('',#5599,1.);
#5599 = DIRECTION('',(-0.,-0.,-1.));
#5600 = PCURVE('',#1468,#5601);
#5601 = DEFINITIONAL_REPRESENTATION('',(#5602),#5605);
#5602 = B_SPLINE_CURVE_WITH_KNOTS('',1,(#5603,#5604),.UNSPECIFIED.,.F.,
  .F.,(2,2),(-3.4000006,-0.76),.PIECEWISE_BEZIER_KNOTS.);
#5603 = CARTESIAN_POINT('',(-6.183017886018,-3.4000006));
#5604 = CARTESIAN_POINT('',(-6.183017886018,-0.76));
#5605 = ( GEOMETRIC_REPRESENTATION_CONTEXT(2) 
PARAMETRIC_REPRESENTATION_CONTEXT() REPRESENTATION_CONTEXT('2D SPACE',''
  ) );
#5606 = PCURVE('',#1436,#5607);
#5607 = DEFINITIONAL_REPRESENTATION('',(#5608),#5611);
#5608 = B_SPLINE_CURVE_WITH_KNOTS('',1,(#5609,#5610),.UNSPECIFIED.,.F.,
  .F.,(2,2),(-3.4000006,-0.76),.PIECEWISE_BEZIER_KNOTS.);
#5609 = CARTESIAN_POINT('',(284.63496231132,-3.4000006));
#5610 = CARTESIAN_POINT('',(284.63496231132,-0.76));
#5611 = ( GEOMETRIC_REPRESENTATION_CONTEXT(2) 
PARAMETRIC_REPRESENTATION_CONTEXT() REPRESENTATION_CONTEXT('2D SPACE',''
  ) );
#5612 = ADVANCED_FACE('',(#5613),#1318,.T.);
#5613 = FACE_BOUND('',#5614,.T.);
#5614 = EDGE_LOOP('',(#5615,#5616,#5639,#5660));
#5615 = ORIENTED_EDGE('',*,*,#1303,.T.);
#5616 = ORIENTED_EDGE('',*,*,#5617,.T.);
#5617 = EDGE_CURVE('',#1304,#5618,#5620,.T.);
#5618 = VERTEX_POINT('',#5619);
#5619 = CARTESIAN_POINT('',(310.3,-59.3125,7.4));
#5620 = SURFACE_CURVE('',#5621,(#5625,#5632),.PCURVE_S1.);
#5621 = LINE('',#5622,#5623);
#5622 = CARTESIAN_POINT('',(310.3,-59.3125,4.));
#5623 = VECTOR('',#5624,1.);
#5624 = DIRECTION('',(0.,0.,1.));
#5625 = PCURVE('',#1318,#5626);
#5626 = DEFINITIONAL_REPRESENTATION('',(#5627),#5631);
#5627 = LINE('',#5628,#5629);
#5628 = CARTESIAN_POINT('',(0.,0.));
#5629 = VECTOR('',#5630,1.);
#5630 = DIRECTION('',(0.,-1.));
#5631 = ( GEOMETRIC_REPRESENTATION_CONTEXT(2) 
PARAMETRIC_REPRESENTATION_CONTEXT() REPRESENTATION_CONTEXT('2D SPACE',''
  ) );
#5632 = PCURVE('',#1350,#5633);
#5633 = DEFINITIONAL_REPRESENTATION('',(#5634),#5638);
#5634 = LINE('',#5635,#5636);
#5635 = CARTESIAN_POINT('',(3.14159265359,0.));
#5636 = VECTOR('',#5637,1.);
#5637 = DIRECTION('',(0.,-1.));
#5638 = ( GEOMETRIC_REPRESENTATION_CONTEXT(2) 
PARAMETRIC_REPRESENTATION_CONTEXT() REPRESENTATION_CONTEXT('2D SPACE',''
  ) );
#5639 = ORIENTED_EDGE('',*,*,#5640,.T.);
#5640 = EDGE_CURVE('',#5618,#5516,#5641,.T.);
#5641 = SURFACE_CURVE('',#5642,(#5646,#5653),.PCURVE_S1.);
#5642 = LINE('',#5643,#5644);
#5643 = CARTESIAN_POINT('',(310.3,-52.3875,7.4));
#5644 = VECTOR('',#5645,1.);
#5645 = DIRECTION('',(0.,1.,0.));
#5646 = PCURVE('',#1318,#5647);
#5647 = DEFINITIONAL_REPRESENTATION('',(#5648),#5652);
#5648 = LINE('',#5649,#5650);
#5649 = CARTESIAN_POINT('',(6.925,-3.4));
#5650 = VECTOR('',#5651,1.);
#5651 = DIRECTION('',(1.,0.));
#5652 = ( GEOMETRIC_REPRESENTATION_CONTEXT(2) 
PARAMETRIC_REPRESENTATION_CONTEXT() REPRESENTATION_CONTEXT('2D SPACE',''
  ) );
#5653 = PCURVE('',#3533,#5654);
#5654 = DEFINITIONAL_REPRESENTATION('',(#5655),#5659);
#5655 = LINE('',#5656,#5657);
#5656 = CARTESIAN_POINT('',(157.9,4.76125));
#5657 = VECTOR('',#5658,1.);
#5658 = DIRECTION('',(0.,1.));
#5659 = ( GEOMETRIC_REPRESENTATION_CONTEXT(2) 
PARAMETRIC_REPRESENTATION_CONTEXT() REPRESENTATION_CONTEXT('2D SPACE',''
  ) );
#5660 = ORIENTED_EDGE('',*,*,#5543,.F.);
#5661 = ADVANCED_FACE('',(#5662),#1436,.T.);
#5662 = FACE_BOUND('',#5663,.T.);
#5663 = EDGE_LOOP('',(#5664,#5687,#5688,#5689));
#5664 = ORIENTED_EDGE('',*,*,#5665,.F.);
#5665 = EDGE_CURVE('',#1389,#5666,#5668,.T.);
#5666 = VERTEX_POINT('',#5667);
#5667 = CARTESIAN_POINT('',(303.3,-121.8425,7.4));
#5668 = SURFACE_CURVE('',#5669,(#5673,#5680),.PCURVE_S1.);
#5669 = LINE('',#5670,#5671);
#5670 = CARTESIAN_POINT('',(303.3,-121.8425,4.));
#5671 = VECTOR('',#5672,1.);
#5672 = DIRECTION('',(0.,0.,1.));
#5673 = PCURVE('',#1436,#5674);
#5674 = DEFINITIONAL_REPRESENTATION('',(#5675),#5679);
#5675 = LINE('',#5676,#5677);
#5676 = CARTESIAN_POINT('',(301.8,0.));
#5677 = VECTOR('',#5678,1.);
#5678 = DIRECTION('',(0.,-1.));
#5679 = ( GEOMETRIC_REPRESENTATION_CONTEXT(2) 
PARAMETRIC_REPRESENTATION_CONTEXT() REPRESENTATION_CONTEXT('2D SPACE',''
  ) );
#5680 = PCURVE('',#1409,#5681);
#5681 = DEFINITIONAL_REPRESENTATION('',(#5682),#5686);
#5682 = LINE('',#5683,#5684);
#5683 = CARTESIAN_POINT('',(4.712388980385,0.));
#5684 = VECTOR('',#5685,1.);
#5685 = DIRECTION('',(0.,-1.));
#5686 = ( GEOMETRIC_REPRESENTATION_CONTEXT(2) 
PARAMETRIC_REPRESENTATION_CONTEXT() REPRESENTATION_CONTEXT('2D SPACE',''
  ) );
#5687 = ORIENTED_EDGE('',*,*,#1421,.T.);
#5688 = ORIENTED_EDGE('',*,*,#5594,.F.);
#5689 = ORIENTED_EDGE('',*,*,#5690,.T.);
#5690 = EDGE_CURVE('',#5571,#5666,#5691,.T.);
#5691 = SURFACE_CURVE('',#5692,(#5696,#5703),.PCURVE_S1.);
#5692 = LINE('',#5693,#5694);
#5693 = CARTESIAN_POINT('',(152.4,-121.8425,7.4));
#5694 = VECTOR('',#5695,1.);
#5695 = DIRECTION('',(1.,0.,0.));
#5696 = PCURVE('',#1436,#5697);
#5697 = DEFINITIONAL_REPRESENTATION('',(#5698),#5702);
#5698 = LINE('',#5699,#5700);
#5699 = CARTESIAN_POINT('',(150.9,-3.4));
#5700 = VECTOR('',#5701,1.);
#5701 = DIRECTION('',(1.,0.));
#5702 = ( GEOMETRIC_REPRESENTATION_CONTEXT(2) 
PARAMETRIC_REPRESENTATION_CONTEXT() REPRESENTATION_CONTEXT('2D SPACE',''
  ) );
#5703 = PCURVE('',#3533,#5704);
#5704 = DEFINITIONAL_REPRESENTATION('',(#5705),#5709);
#5705 = LINE('',#5706,#5707);
#5706 = CARTESIAN_POINT('',(0.,-64.69375));
#5707 = VECTOR('',#5708,1.);
#5708 = DIRECTION('',(1.,0.));
#5709 = ( GEOMETRIC_REPRESENTATION_CONTEXT(2) 
PARAMETRIC_REPRESENTATION_CONTEXT() REPRESENTATION_CONTEXT('2D SPACE',''
  ) );
#5710 = ADVANCED_FACE('',(#5711),#1350,.F.);
#5711 = FACE_BOUND('',#5712,.F.);
#5712 = EDGE_LOOP('',(#5713,#5714,#5715,#5743));
#5713 = ORIENTED_EDGE('',*,*,#1329,.F.);
#5714 = ORIENTED_EDGE('',*,*,#5617,.T.);
#5715 = ORIENTED_EDGE('',*,*,#5716,.T.);
#5716 = EDGE_CURVE('',#5618,#5717,#5719,.T.);
#5717 = VERTEX_POINT('',#5718);
#5718 = CARTESIAN_POINT('',(307.6,-62.29746231132,7.4));
#5719 = SURFACE_CURVE('',#5720,(#5725,#5732),.PCURVE_S1.);
#5720 = CIRCLE('',#5721,3.);
#5721 = AXIS2_PLACEMENT_3D('',#5722,#5723,#5724);
#5722 = CARTESIAN_POINT('',(307.3,-59.3125,7.4));
#5723 = DIRECTION('',(0.,0.,-1.));
#5724 = DIRECTION('',(-1.,0.,0.));
#5725 = PCURVE('',#1350,#5726);
#5726 = DEFINITIONAL_REPRESENTATION('',(#5727),#5731);
#5727 = LINE('',#5728,#5729);
#5728 = CARTESIAN_POINT('',(0.,-3.4));
#5729 = VECTOR('',#5730,1.);
#5730 = DIRECTION('',(1.,0.));
#5731 = ( GEOMETRIC_REPRESENTATION_CONTEXT(2) 
PARAMETRIC_REPRESENTATION_CONTEXT() REPRESENTATION_CONTEXT('2D SPACE',''
  ) );
#5732 = PCURVE('',#3533,#5733);
#5733 = DEFINITIONAL_REPRESENTATION('',(#5734),#5742);
#5734 = ( BOUNDED_CURVE() B_SPLINE_CURVE(2,(#5735,#5736,#5737,#5738,
#5739,#5740,#5741),.UNSPECIFIED.,.T.,.F.) B_SPLINE_CURVE_WITH_KNOTS((1,2
    ,2,2,2,1),(-2.094395102393,0.,2.094395102393,4.188790204786,
6.28318530718,8.377580409573),.UNSPECIFIED.) CURVE() 
GEOMETRIC_REPRESENTATION_ITEM() RATIONAL_B_SPLINE_CURVE((1.,0.5,1.,0.5,
1.,0.5,1.)) REPRESENTATION_ITEM('') );
#5735 = CARTESIAN_POINT('',(151.9,-2.16375));
#5736 = CARTESIAN_POINT('',(151.9,3.032402422707));
#5737 = CARTESIAN_POINT('',(156.4,0.434326211353));
#5738 = CARTESIAN_POINT('',(160.9,-2.16375));
#5739 = CARTESIAN_POINT('',(156.4,-4.761826211353));
#5740 = CARTESIAN_POINT('',(151.9,-7.359902422707));
#5741 = CARTESIAN_POINT('',(151.9,-2.16375));
#5742 = ( GEOMETRIC_REPRESENTATION_CONTEXT(2) 
PARAMETRIC_REPRESENTATION_CONTEXT() REPRESENTATION_CONTEXT('2D SPACE',''
  ) );
#5743 = ORIENTED_EDGE('',*,*,#5744,.T.);
#5744 = EDGE_CURVE('',#5717,#1330,#5745,.T.);
#5745 = SURFACE_CURVE('',#5746,(#5750,#5756),.PCURVE_S1.);
#5746 = LINE('',#5747,#5748);
#5747 = CARTESIAN_POINT('',(307.6,-62.29746231132,4.));
#5748 = VECTOR('',#5749,1.);
#5749 = DIRECTION('',(0.,0.,-1.));
#5750 = PCURVE('',#1350,#5751);
#5751 = DEFINITIONAL_REPRESENTATION('',(#5752),#5755);
#5752 = B_SPLINE_CURVE_WITH_KNOTS('',1,(#5753,#5754),.UNSPECIFIED.,.F.,
  .F.,(2,2),(-3.4000006,-0.76),.PIECEWISE_BEZIER_KNOTS.);
#5753 = CARTESIAN_POINT('',(4.612221559223,-3.4000006));
#5754 = CARTESIAN_POINT('',(4.612221559223,-0.76));
#5755 = ( GEOMETRIC_REPRESENTATION_CONTEXT(2) 
PARAMETRIC_REPRESENTATION_CONTEXT() REPRESENTATION_CONTEXT('2D SPACE',''
  ) );
#5756 = PCURVE('',#1377,#5757);
#5757 = DEFINITIONAL_REPRESENTATION('',(#5758),#5761);
#5758 = B_SPLINE_CURVE_WITH_KNOTS('',1,(#5759,#5760),.UNSPECIFIED.,.F.,
  .F.,(2,2),(-3.4000006,-0.76),.PIECEWISE_BEZIER_KNOTS.);
#5759 = CARTESIAN_POINT('',(55.24503768868,-3.4000006));
#5760 = CARTESIAN_POINT('',(55.24503768868,-0.76));
#5761 = ( GEOMETRIC_REPRESENTATION_CONTEXT(2) 
PARAMETRIC_REPRESENTATION_CONTEXT() REPRESENTATION_CONTEXT('2D SPACE',''
  ) );
#5762 = ADVANCED_FACE('',(#5763),#1409,.F.);
#5763 = FACE_BOUND('',#5764,.F.);
#5764 = EDGE_LOOP('',(#5765,#5766,#5789,#5815));
#5765 = ORIENTED_EDGE('',*,*,#1388,.F.);
#5766 = ORIENTED_EDGE('',*,*,#5767,.T.);
#5767 = EDGE_CURVE('',#1363,#5768,#5770,.T.);
#5768 = VERTEX_POINT('',#5769);
#5769 = CARTESIAN_POINT('',(307.6,-117.5425,7.4));
#5770 = SURFACE_CURVE('',#5771,(#5775,#5782),.PCURVE_S1.);
#5771 = LINE('',#5772,#5773);
#5772 = CARTESIAN_POINT('',(307.6,-117.5425,4.));
#5773 = VECTOR('',#5774,1.);
#5774 = DIRECTION('',(0.,0.,1.));
#5775 = PCURVE('',#1409,#5776);
#5776 = DEFINITIONAL_REPRESENTATION('',(#5777),#5781);
#5777 = LINE('',#5778,#5779);
#5778 = CARTESIAN_POINT('',(3.14159265359,0.));
#5779 = VECTOR('',#5780,1.);
#5780 = DIRECTION('',(0.,-1.));
#5781 = ( GEOMETRIC_REPRESENTATION_CONTEXT(2) 
PARAMETRIC_REPRESENTATION_CONTEXT() REPRESENTATION_CONTEXT('2D SPACE',''
  ) );
#5782 = PCURVE('',#1377,#5783);
#5783 = DEFINITIONAL_REPRESENTATION('',(#5784),#5788);
#5784 = LINE('',#5785,#5786);
#5785 = CARTESIAN_POINT('',(0.,0.));
#5786 = VECTOR('',#5787,1.);
#5787 = DIRECTION('',(0.,-1.));
#5788 = ( GEOMETRIC_REPRESENTATION_CONTEXT(2) 
PARAMETRIC_REPRESENTATION_CONTEXT() REPRESENTATION_CONTEXT('2D SPACE',''
  ) );
#5789 = ORIENTED_EDGE('',*,*,#5790,.T.);
#5790 = EDGE_CURVE('',#5768,#5666,#5791,.T.);
#5791 = SURFACE_CURVE('',#5792,(#5797,#5804),.PCURVE_S1.);
#5792 = CIRCLE('',#5793,4.3);
#5793 = AXIS2_PLACEMENT_3D('',#5794,#5795,#5796);
#5794 = CARTESIAN_POINT('',(303.3,-117.5425,7.4));
#5795 = DIRECTION('',(0.,0.,-1.));
#5796 = DIRECTION('',(-1.,0.,0.));
#5797 = PCURVE('',#1409,#5798);
#5798 = DEFINITIONAL_REPRESENTATION('',(#5799),#5803);
#5799 = LINE('',#5800,#5801);
#5800 = CARTESIAN_POINT('',(0.,-3.4));
#5801 = VECTOR('',#5802,1.);
#5802 = DIRECTION('',(1.,0.));
#5803 = ( GEOMETRIC_REPRESENTATION_CONTEXT(2) 
PARAMETRIC_REPRESENTATION_CONTEXT() REPRESENTATION_CONTEXT('2D SPACE',''
  ) );
#5804 = PCURVE('',#3533,#5805);
#5805 = DEFINITIONAL_REPRESENTATION('',(#5806),#5814);
#5806 = ( BOUNDED_CURVE() B_SPLINE_CURVE(2,(#5807,#5808,#5809,#5810,
#5811,#5812,#5813),.UNSPECIFIED.,.T.,.F.) B_SPLINE_CURVE_WITH_KNOTS((1,2
    ,2,2,2,1),(-2.094395102393,0.,2.094395102393,4.188790204786,
6.28318530718,8.377580409573),.UNSPECIFIED.) CURVE() 
GEOMETRIC_REPRESENTATION_ITEM() RATIONAL_B_SPLINE_CURVE((1.,0.5,1.,0.5,
1.,0.5,1.)) REPRESENTATION_ITEM('') );
#5807 = CARTESIAN_POINT('',(146.6,-60.39375));
#5808 = CARTESIAN_POINT('',(146.6,-52.94593152745));
#5809 = CARTESIAN_POINT('',(153.05,-56.66984076372));
#5810 = CARTESIAN_POINT('',(159.5,-60.39375));
#5811 = CARTESIAN_POINT('',(153.05,-64.11765923627));
#5812 = CARTESIAN_POINT('',(146.6,-67.84156847254));
#5813 = CARTESIAN_POINT('',(146.6,-60.39375));
#5814 = ( GEOMETRIC_REPRESENTATION_CONTEXT(2) 
PARAMETRIC_REPRESENTATION_CONTEXT() REPRESENTATION_CONTEXT('2D SPACE',''
  ) );
#5815 = ORIENTED_EDGE('',*,*,#5665,.F.);
#5816 = ADVANCED_FACE('',(#5817),#1377,.T.);
#5817 = FACE_BOUND('',#5818,.T.);
#5818 = EDGE_LOOP('',(#5819,#5820,#5821,#5822));
#5819 = ORIENTED_EDGE('',*,*,#5744,.T.);
#5820 = ORIENTED_EDGE('',*,*,#1362,.T.);
#5821 = ORIENTED_EDGE('',*,*,#5767,.T.);
#5822 = ORIENTED_EDGE('',*,*,#5823,.T.);
#5823 = EDGE_CURVE('',#5768,#5717,#5824,.T.);
#5824 = SURFACE_CURVE('',#5825,(#5829,#5836),.PCURVE_S1.);
#5825 = LINE('',#5826,#5827);
#5826 = CARTESIAN_POINT('',(307.6,-57.14875,7.4));
#5827 = VECTOR('',#5828,1.);
#5828 = DIRECTION('',(0.,1.,0.));
#5829 = PCURVE('',#1377,#5830);
#5830 = DEFINITIONAL_REPRESENTATION('',(#5831),#5835);
#5831 = LINE('',#5832,#5833);
#5832 = CARTESIAN_POINT('',(60.39375,-3.4));
#5833 = VECTOR('',#5834,1.);
#5834 = DIRECTION('',(1.,0.));
#5835 = ( GEOMETRIC_REPRESENTATION_CONTEXT(2) 
PARAMETRIC_REPRESENTATION_CONTEXT() REPRESENTATION_CONTEXT('2D SPACE',''
  ) );
#5836 = PCURVE('',#3533,#5837);
#5837 = DEFINITIONAL_REPRESENTATION('',(#5838),#5842);
#5838 = LINE('',#5839,#5840);
#5839 = CARTESIAN_POINT('',(155.2,0.));
#5840 = VECTOR('',#5841,1.);
#5841 = DIRECTION('',(0.,1.));
#5842 = ( GEOMETRIC_REPRESENTATION_CONTEXT(2) 
PARAMETRIC_REPRESENTATION_CONTEXT() REPRESENTATION_CONTEXT('2D SPACE',''
  ) );
#5843 = ADVANCED_FACE('',(#5844),#2087,.F.);
#5844 = FACE_BOUND('',#5845,.T.);
#5845 = EDGE_LOOP('',(#5846,#5869,#5896,#5897));
#5846 = ORIENTED_EDGE('',*,*,#5847,.T.);
#5847 = EDGE_CURVE('',#2071,#5848,#5850,.T.);
#5848 = VERTEX_POINT('',#5849);
#5849 = CARTESIAN_POINT('',(227.55,11.145,7.1));
#5850 = SEAM_CURVE('',#5851,(#5855,#5862),.PCURVE_S1.);
#5851 = LINE('',#5852,#5853);
#5852 = CARTESIAN_POINT('',(227.55,11.145,5.));
#5853 = VECTOR('',#5854,1.);
#5854 = DIRECTION('',(0.,0.,1.));
#5855 = PCURVE('',#2087,#5856);
#5856 = DEFINITIONAL_REPRESENTATION('',(#5857),#5861);
#5857 = LINE('',#5858,#5859);
#5858 = CARTESIAN_POINT('',(-0.,0.));
#5859 = VECTOR('',#5860,1.);
#5860 = DIRECTION('',(-0.,-1.));
#5861 = ( GEOMETRIC_REPRESENTATION_CONTEXT(2) 
PARAMETRIC_REPRESENTATION_CONTEXT() REPRESENTATION_CONTEXT('2D SPACE',''
  ) );
#5862 = PCURVE('',#2087,#5863);
#5863 = DEFINITIONAL_REPRESENTATION('',(#5864),#5868);
#5864 = LINE('',#5865,#5866);
#5865 = CARTESIAN_POINT('',(-6.28318530718,0.));
#5866 = VECTOR('',#5867,1.);
#5867 = DIRECTION('',(-0.,-1.));
#5868 = ( GEOMETRIC_REPRESENTATION_CONTEXT(2) 
PARAMETRIC_REPRESENTATION_CONTEXT() REPRESENTATION_CONTEXT('2D SPACE',''
  ) );
#5869 = ORIENTED_EDGE('',*,*,#5870,.T.);
#5870 = EDGE_CURVE('',#5848,#5848,#5871,.T.);
#5871 = SURFACE_CURVE('',#5872,(#5877,#5884),.PCURVE_S1.);
#5872 = CIRCLE('',#5873,2.55);
#5873 = AXIS2_PLACEMENT_3D('',#5874,#5875,#5876);
#5874 = CARTESIAN_POINT('',(225.,11.145,7.1));
#5875 = DIRECTION('',(0.,0.,1.));
#5876 = DIRECTION('',(1.,0.,-0.));
#5877 = PCURVE('',#2087,#5878);
#5878 = DEFINITIONAL_REPRESENTATION('',(#5879),#5883);
#5879 = LINE('',#5880,#5881);
#5880 = CARTESIAN_POINT('',(-0.,-2.1));
#5881 = VECTOR('',#5882,1.);
#5882 = DIRECTION('',(-1.,0.));
#5883 = ( GEOMETRIC_REPRESENTATION_CONTEXT(2) 
PARAMETRIC_REPRESENTATION_CONTEXT() REPRESENTATION_CONTEXT('2D SPACE',''
  ) );
#5884 = PCURVE('',#5885,#5890);
#5885 = PLANE('',#5886);
#5886 = AXIS2_PLACEMENT_3D('',#5887,#5888,#5889);
#5887 = CARTESIAN_POINT('',(225.,11.145,7.1));
#5888 = DIRECTION('',(0.,0.,1.));
#5889 = DIRECTION('',(1.,0.,-0.));
#5890 = DEFINITIONAL_REPRESENTATION('',(#5891),#5895);
#5891 = CIRCLE('',#5892,2.55);
#5892 = AXIS2_PLACEMENT_2D('',#5893,#5894);
#5893 = CARTESIAN_POINT('',(6.703137904605E-17,1.040949779275E-16));
#5894 = DIRECTION('',(1.,0.));
#5895 = ( GEOMETRIC_REPRESENTATION_CONTEXT(2) 
PARAMETRIC_REPRESENTATION_CONTEXT() REPRESENTATION_CONTEXT('2D SPACE',''
  ) );
#5896 = ORIENTED_EDGE('',*,*,#5847,.F.);
#5897 = ORIENTED_EDGE('',*,*,#2070,.F.);
#5898 = ADVANCED_FACE('',(#5899),#2118,.F.);
#5899 = FACE_BOUND('',#5900,.T.);
#5900 = EDGE_LOOP('',(#5901,#5924,#5951,#5952));
#5901 = ORIENTED_EDGE('',*,*,#5902,.T.);
#5902 = EDGE_CURVE('',#2102,#5903,#5905,.T.);
#5903 = VERTEX_POINT('',#5904);
#5904 = CARTESIAN_POINT('',(297.55,11.145,7.1));
#5905 = SEAM_CURVE('',#5906,(#5910,#5917),.PCURVE_S1.);
#5906 = LINE('',#5907,#5908);
#5907 = CARTESIAN_POINT('',(297.55,11.145,5.));
#5908 = VECTOR('',#5909,1.);
#5909 = DIRECTION('',(0.,0.,1.));
#5910 = PCURVE('',#2118,#5911);
#5911 = DEFINITIONAL_REPRESENTATION('',(#5912),#5916);
#5912 = LINE('',#5913,#5914);
#5913 = CARTESIAN_POINT('',(-0.,0.));
#5914 = VECTOR('',#5915,1.);
#5915 = DIRECTION('',(-0.,-1.));
#5916 = ( GEOMETRIC_REPRESENTATION_CONTEXT(2) 
PARAMETRIC_REPRESENTATION_CONTEXT() REPRESENTATION_CONTEXT('2D SPACE',''
  ) );
#5917 = PCURVE('',#2118,#5918);
#5918 = DEFINITIONAL_REPRESENTATION('',(#5919),#5923);
#5919 = LINE('',#5920,#5921);
#5920 = CARTESIAN_POINT('',(-6.28318530718,0.));
#5921 = VECTOR('',#5922,1.);
#5922 = DIRECTION('',(-0.,-1.));
#5923 = ( GEOMETRIC_REPRESENTATION_CONTEXT(2) 
PARAMETRIC_REPRESENTATION_CONTEXT() REPRESENTATION_CONTEXT('2D SPACE',''
  ) );
#5924 = ORIENTED_EDGE('',*,*,#5925,.T.);
#5925 = EDGE_CURVE('',#5903,#5903,#5926,.T.);
#5926 = SURFACE_CURVE('',#5927,(#5932,#5939),.PCURVE_S1.);
#5927 = CIRCLE('',#5928,2.55);
#5928 = AXIS2_PLACEMENT_3D('',#5929,#5930,#5931);
#5929 = CARTESIAN_POINT('',(295.,11.145,7.1));
#5930 = DIRECTION('',(0.,0.,1.));
#5931 = DIRECTION('',(1.,0.,-0.));
#5932 = PCURVE('',#2118,#5933);
#5933 = DEFINITIONAL_REPRESENTATION('',(#5934),#5938);
#5934 = LINE('',#5935,#5936);
#5935 = CARTESIAN_POINT('',(-0.,-2.1));
#5936 = VECTOR('',#5937,1.);
#5937 = DIRECTION('',(-1.,0.));
#5938 = ( GEOMETRIC_REPRESENTATION_CONTEXT(2) 
PARAMETRIC_REPRESENTATION_CONTEXT() REPRESENTATION_CONTEXT('2D SPACE',''
  ) );
#5939 = PCURVE('',#5940,#5945);
#5940 = PLANE('',#5941);
#5941 = AXIS2_PLACEMENT_3D('',#5942,#5943,#5944);
#5942 = CARTESIAN_POINT('',(295.,11.145,7.1));
#5943 = DIRECTION('',(0.,0.,1.));
#5944 = DIRECTION('',(1.,0.,-0.));
#5945 = DEFINITIONAL_REPRESENTATION('',(#5946),#5950);
#5946 = CIRCLE('',#5947,2.55);
#5947 = AXIS2_PLACEMENT_2D('',#5948,#5949);
#5948 = CARTESIAN_POINT('',(6.703137904605E-17,1.040949779275E-16));
#5949 = DIRECTION('',(1.,0.));
#5950 = ( GEOMETRIC_REPRESENTATION_CONTEXT(2) 
PARAMETRIC_REPRESENTATION_CONTEXT() REPRESENTATION_CONTEXT('2D SPACE',''
  ) );
#5951 = ORIENTED_EDGE('',*,*,#5902,.F.);
#5952 = ORIENTED_EDGE('',*,*,#2101,.F.);
#5953 = ADVANCED_FACE('',(#5954),#2199,.T.);
#5954 = FACE_BOUND('',#5955,.T.);
#5955 = EDGE_LOOP('',(#5956,#5976,#5977,#5978));
#5956 = ORIENTED_EDGE('',*,*,#5957,.T.);
#5957 = EDGE_CURVE('',#2243,#2293,#5958,.T.);
#5958 = SURFACE_CURVE('',#5959,(#5964,#5970),.PCURVE_S1.);
#5959 = CIRCLE('',#5960,1.5);
#5960 = AXIS2_PLACEMENT_3D('',#5961,#5962,#5963);
#5961 = CARTESIAN_POINT('',(308.3,-127.5425,12.5));
#5962 = DIRECTION('',(-1.,-6.123233995737E-17,0.));
#5963 = DIRECTION('',(6.123233995737E-17,-1.,-0.));
#5964 = PCURVE('',#2199,#5965);
#5965 = DEFINITIONAL_REPRESENTATION('',(#5966),#5969);
#5966 = B_SPLINE_CURVE_WITH_KNOTS('',1,(#5967,#5968),.UNSPECIFIED.,.F.,
  .F.,(2,2),(0.,1.570796326795),.PIECEWISE_BEZIER_KNOTS.);
#5967 = CARTESIAN_POINT('',(0.,0.));
#5968 = CARTESIAN_POINT('',(1.570796326795,0.));
#5969 = ( GEOMETRIC_REPRESENTATION_CONTEXT(2) 
PARAMETRIC_REPRESENTATION_CONTEXT() REPRESENTATION_CONTEXT('2D SPACE',''
  ) );
#5970 = PCURVE('',#2336,#5971);
#5971 = DEFINITIONAL_REPRESENTATION('',(#5972),#5975);
#5972 = B_SPLINE_CURVE_WITH_KNOTS('',1,(#5973,#5974),.UNSPECIFIED.,.F.,
  .F.,(2,2),(0.,1.570796326795),.PIECEWISE_BEZIER_KNOTS.);
#5973 = CARTESIAN_POINT('',(-1.570796326795,0.));
#5974 = CARTESIAN_POINT('',(-1.570796326795,1.570796326795));
#5975 = ( GEOMETRIC_REPRESENTATION_CONTEXT(2) 
PARAMETRIC_REPRESENTATION_CONTEXT() REPRESENTATION_CONTEXT('2D SPACE',''
  ) );
#5976 = ORIENTED_EDGE('',*,*,#2292,.T.);
#5977 = ORIENTED_EDGE('',*,*,#2183,.F.);
#5978 = ORIENTED_EDGE('',*,*,#2242,.F.);
#5979 = ADVANCED_FACE('',(#5980),#2425,.T.);
#5980 = FACE_BOUND('',#5981,.T.);
#5981 = EDGE_LOOP('',(#5982,#5983,#5984,#6004));
#5982 = ORIENTED_EDGE('',*,*,#2944,.T.);
#5983 = ORIENTED_EDGE('',*,*,#2409,.T.);
#5984 = ORIENTED_EDGE('',*,*,#5985,.F.);
#5985 = EDGE_CURVE('',#2970,#2377,#5986,.T.);
#5986 = SURFACE_CURVE('',#5987,(#5992,#5998),.PCURVE_S1.);
#5987 = CIRCLE('',#5988,1.5);
#5988 = AXIS2_PLACEMENT_3D('',#5989,#5990,#5991);
#5989 = CARTESIAN_POINT('',(308.3,13.245,12.5));
#5990 = DIRECTION('',(1.,0.,0.));
#5991 = DIRECTION('',(-0.,1.,0.));
#5992 = PCURVE('',#2425,#5993);
#5993 = DEFINITIONAL_REPRESENTATION('',(#5994),#5997);
#5994 = B_SPLINE_CURVE_WITH_KNOTS('',1,(#5995,#5996),.UNSPECIFIED.,.F.,
  .F.,(2,2),(0.,1.570796326795),.PIECEWISE_BEZIER_KNOTS.);
#5995 = CARTESIAN_POINT('',(0.,311.8));
#5996 = CARTESIAN_POINT('',(1.570796326795,311.8));
#5997 = ( GEOMETRIC_REPRESENTATION_CONTEXT(2) 
PARAMETRIC_REPRESENTATION_CONTEXT() REPRESENTATION_CONTEXT('2D SPACE',''
  ) );
#5998 = PCURVE('',#2397,#5999);
#5999 = DEFINITIONAL_REPRESENTATION('',(#6000),#6003);
#6000 = B_SPLINE_CURVE_WITH_KNOTS('',1,(#6001,#6002),.UNSPECIFIED.,.F.,
  .F.,(2,2),(0.,1.570796326795),.PIECEWISE_BEZIER_KNOTS.);
#6001 = CARTESIAN_POINT('',(0.,0.));
#6002 = CARTESIAN_POINT('',(0.,1.570796326795));
#6003 = ( GEOMETRIC_REPRESENTATION_CONTEXT(2) 
PARAMETRIC_REPRESENTATION_CONTEXT() REPRESENTATION_CONTEXT('2D SPACE',''
  ) );
#6004 = ORIENTED_EDGE('',*,*,#2969,.F.);
#6005 = ADVANCED_FACE('',(#6006),#2336,.T.);
#6006 = FACE_BOUND('',#6007,.F.);
#6007 = EDGE_LOOP('',(#6008,#6028,#6029,#6030));
#6008 = ORIENTED_EDGE('',*,*,#6009,.F.);
#6009 = EDGE_CURVE('',#3019,#2316,#6010,.T.);
#6010 = SURFACE_CURVE('',#6011,(#6016,#6022),.PCURVE_S1.);
#6011 = CIRCLE('',#6012,1.5);
#6012 = AXIS2_PLACEMENT_3D('',#6013,#6014,#6015);
#6013 = CARTESIAN_POINT('',(310.8,-125.0425,12.5));
#6014 = DIRECTION('',(-0.,-1.,0.));
#6015 = DIRECTION('',(1.,-0.,0.));
#6016 = PCURVE('',#2336,#6017);
#6017 = DEFINITIONAL_REPRESENTATION('',(#6018),#6021);
#6018 = B_SPLINE_CURVE_WITH_KNOTS('',1,(#6019,#6020),.UNSPECIFIED.,.F.,
  .F.,(2,2),(0.,1.570796326795),.PIECEWISE_BEZIER_KNOTS.);
#6019 = CARTESIAN_POINT('',(0.,0.));
#6020 = CARTESIAN_POINT('',(0.,1.570796326795));
#6021 = ( GEOMETRIC_REPRESENTATION_CONTEXT(2) 
PARAMETRIC_REPRESENTATION_CONTEXT() REPRESENTATION_CONTEXT('2D SPACE',''
  ) );
#6022 = PCURVE('',#2364,#6023);
#6023 = DEFINITIONAL_REPRESENTATION('',(#6024),#6027);
#6024 = B_SPLINE_CURVE_WITH_KNOTS('',1,(#6025,#6026),.UNSPECIFIED.,.F.,
  .F.,(2,2),(0.,1.570796326795),.PIECEWISE_BEZIER_KNOTS.);
#6025 = CARTESIAN_POINT('',(0.,135.7875));
#6026 = CARTESIAN_POINT('',(1.570796326795,135.7875));
#6027 = ( GEOMETRIC_REPRESENTATION_CONTEXT(2) 
PARAMETRIC_REPRESENTATION_CONTEXT() REPRESENTATION_CONTEXT('2D SPACE',''
  ) );
#6028 = ORIENTED_EDGE('',*,*,#3018,.T.);
#6029 = ORIENTED_EDGE('',*,*,#5957,.T.);
#6030 = ORIENTED_EDGE('',*,*,#2315,.F.);
#6031 = ADVANCED_FACE('',(#6032),#2397,.T.);
#6032 = FACE_BOUND('',#6033,.F.);
#6033 = EDGE_LOOP('',(#6034,#6035,#6036,#6056));
#6034 = ORIENTED_EDGE('',*,*,#5985,.F.);
#6035 = ORIENTED_EDGE('',*,*,#3090,.T.);
#6036 = ORIENTED_EDGE('',*,*,#6037,.T.);
#6037 = EDGE_CURVE('',#3068,#2349,#6038,.T.);
#6038 = SURFACE_CURVE('',#6039,(#6044,#6050),.PCURVE_S1.);
#6039 = CIRCLE('',#6040,1.5);
#6040 = AXIS2_PLACEMENT_3D('',#6041,#6042,#6043);
#6041 = CARTESIAN_POINT('',(310.8,10.745,12.5));
#6042 = DIRECTION('',(6.123233995737E-17,-1.,0.));
#6043 = DIRECTION('',(1.,6.123233995737E-17,0.));
#6044 = PCURVE('',#2397,#6045);
#6045 = DEFINITIONAL_REPRESENTATION('',(#6046),#6049);
#6046 = B_SPLINE_CURVE_WITH_KNOTS('',1,(#6047,#6048),.UNSPECIFIED.,.F.,
  .F.,(2,2),(0.,1.570796326795),.PIECEWISE_BEZIER_KNOTS.);
#6047 = CARTESIAN_POINT('',(-1.570796326795,0.));
#6048 = CARTESIAN_POINT('',(-1.570796326795,1.570796326795));
#6049 = ( GEOMETRIC_REPRESENTATION_CONTEXT(2) 
PARAMETRIC_REPRESENTATION_CONTEXT() REPRESENTATION_CONTEXT('2D SPACE',''
  ) );
#6050 = PCURVE('',#2364,#6051);
#6051 = DEFINITIONAL_REPRESENTATION('',(#6052),#6055);
#6052 = B_SPLINE_CURVE_WITH_KNOTS('',1,(#6053,#6054),.UNSPECIFIED.,.F.,
  .F.,(2,2),(0.,1.570796326795),.PIECEWISE_BEZIER_KNOTS.);
#6053 = CARTESIAN_POINT('',(0.,0.));
#6054 = CARTESIAN_POINT('',(1.570796326795,0.));
#6055 = ( GEOMETRIC_REPRESENTATION_CONTEXT(2) 
PARAMETRIC_REPRESENTATION_CONTEXT() REPRESENTATION_CONTEXT('2D SPACE',''
  ) );
#6056 = ORIENTED_EDGE('',*,*,#2376,.F.);
#6057 = ADVANCED_FACE('',(#6058),#2364,.T.);
#6058 = FACE_BOUND('',#6059,.T.);
#6059 = EDGE_LOOP('',(#6060,#6061,#6062,#6063));
#6060 = ORIENTED_EDGE('',*,*,#6037,.T.);
#6061 = ORIENTED_EDGE('',*,*,#2348,.T.);
#6062 = ORIENTED_EDGE('',*,*,#6009,.F.);
#6063 = ORIENTED_EDGE('',*,*,#3118,.F.);
#6064 = ADVANCED_FACE('',(#6065),#2482,.F.);
#6065 = FACE_BOUND('',#6066,.F.);
#6066 = EDGE_LOOP('',(#6067,#6090,#6113,#6134));
#6067 = ORIENTED_EDGE('',*,*,#6068,.F.);
#6068 = EDGE_CURVE('',#6069,#2466,#6071,.T.);
#6069 = VERTEX_POINT('',#6070);
#6070 = CARTESIAN_POINT('',(-0.3,-24.617,7.4));
#6071 = SURFACE_CURVE('',#6072,(#6076,#6083),.PCURVE_S1.);
#6072 = LINE('',#6073,#6074);
#6073 = CARTESIAN_POINT('',(-0.3,-24.617,4.));
#6074 = VECTOR('',#6075,1.);
#6075 = DIRECTION('',(0.,0.,1.));
#6076 = PCURVE('',#2482,#6077);
#6077 = DEFINITIONAL_REPRESENTATION('',(#6078),#6082);
#6078 = LINE('',#6079,#6080);
#6079 = CARTESIAN_POINT('',(93.7455,0.));
#6080 = VECTOR('',#6081,1.);
#6081 = DIRECTION('',(0.,-1.));
#6082 = ( GEOMETRIC_REPRESENTATION_CONTEXT(2) 
PARAMETRIC_REPRESENTATION_CONTEXT() REPRESENTATION_CONTEXT('2D SPACE',''
  ) );
#6083 = PCURVE('',#2514,#6084);
#6084 = DEFINITIONAL_REPRESENTATION('',(#6085),#6089);
#6085 = LINE('',#6086,#6087);
#6086 = CARTESIAN_POINT('',(0.,0.));
#6087 = VECTOR('',#6088,1.);
#6088 = DIRECTION('',(0.,-1.));
#6089 = ( GEOMETRIC_REPRESENTATION_CONTEXT(2) 
PARAMETRIC_REPRESENTATION_CONTEXT() REPRESENTATION_CONTEXT('2D SPACE',''
  ) );
#6090 = ORIENTED_EDGE('',*,*,#6091,.F.);
#6091 = EDGE_CURVE('',#6092,#6069,#6094,.T.);
#6092 = VERTEX_POINT('',#6093);
#6093 = CARTESIAN_POINT('',(-0.3,-118.3625,7.4));
#6094 = SURFACE_CURVE('',#6095,(#6099,#6106),.PCURVE_S1.);
#6095 = LINE('',#6096,#6097);
#6096 = CARTESIAN_POINT('',(-0.3,-118.3625,7.4));
#6097 = VECTOR('',#6098,1.);
#6098 = DIRECTION('',(0.,1.,0.));
#6099 = PCURVE('',#2482,#6100);
#6100 = DEFINITIONAL_REPRESENTATION('',(#6101),#6105);
#6101 = LINE('',#6102,#6103);
#6102 = CARTESIAN_POINT('',(0.,-3.4));
#6103 = VECTOR('',#6104,1.);
#6104 = DIRECTION('',(1.,0.));
#6105 = ( GEOMETRIC_REPRESENTATION_CONTEXT(2) 
PARAMETRIC_REPRESENTATION_CONTEXT() REPRESENTATION_CONTEXT('2D SPACE',''
  ) );
#6106 = PCURVE('',#3533,#6107);
#6107 = DEFINITIONAL_REPRESENTATION('',(#6108),#6112);
#6108 = LINE('',#6109,#6110);
#6109 = CARTESIAN_POINT('',(-152.7,-61.21375));
#6110 = VECTOR('',#6111,1.);
#6111 = DIRECTION('',(0.,1.));
#6112 = ( GEOMETRIC_REPRESENTATION_CONTEXT(2) 
PARAMETRIC_REPRESENTATION_CONTEXT() REPRESENTATION_CONTEXT('2D SPACE',''
  ) );
#6113 = ORIENTED_EDGE('',*,*,#6114,.T.);
#6114 = EDGE_CURVE('',#6092,#2468,#6115,.T.);
#6115 = SURFACE_CURVE('',#6116,(#6120,#6127),.PCURVE_S1.);
#6116 = LINE('',#6117,#6118);
#6117 = CARTESIAN_POINT('',(-0.3,-118.3625,4.));
#6118 = VECTOR('',#6119,1.);
#6119 = DIRECTION('',(0.,0.,1.));
#6120 = PCURVE('',#2482,#6121);
#6121 = DEFINITIONAL_REPRESENTATION('',(#6122),#6126);
#6122 = LINE('',#6123,#6124);
#6123 = CARTESIAN_POINT('',(0.,0.));
#6124 = VECTOR('',#6125,1.);
#6125 = DIRECTION('',(0.,-1.));
#6126 = ( GEOMETRIC_REPRESENTATION_CONTEXT(2) 
PARAMETRIC_REPRESENTATION_CONTEXT() REPRESENTATION_CONTEXT('2D SPACE',''
  ) );
#6127 = PCURVE('',#2689,#6128);
#6128 = DEFINITIONAL_REPRESENTATION('',(#6129),#6133);
#6129 = LINE('',#6130,#6131);
#6130 = CARTESIAN_POINT('',(6.28318530718,0.));
#6131 = VECTOR('',#6132,1.);
#6132 = DIRECTION('',(0.,-1.));
#6133 = ( GEOMETRIC_REPRESENTATION_CONTEXT(2) 
PARAMETRIC_REPRESENTATION_CONTEXT() REPRESENTATION_CONTEXT('2D SPACE',''
  ) );
#6134 = ORIENTED_EDGE('',*,*,#2465,.F.);
#6135 = ADVANCED_FACE('',(#6136),#2689,.F.);
#6136 = FACE_BOUND('',#6137,.F.);
#6137 = EDGE_LOOP('',(#6138,#6166,#6187,#6188));
#6138 = ORIENTED_EDGE('',*,*,#6139,.F.);
#6139 = EDGE_CURVE('',#6140,#6092,#6142,.T.);
#6140 = VERTEX_POINT('',#6141);
#6141 = CARTESIAN_POINT('',(0.7,-119.3625,7.4));
#6142 = SURFACE_CURVE('',#6143,(#6148,#6155),.PCURVE_S1.);
#6143 = CIRCLE('',#6144,1.);
#6144 = AXIS2_PLACEMENT_3D('',#6145,#6146,#6147);
#6145 = CARTESIAN_POINT('',(0.7,-118.3625,7.4));
#6146 = DIRECTION('',(0.,0.,-1.));
#6147 = DIRECTION('',(-1.,0.,0.));
#6148 = PCURVE('',#2689,#6149);
#6149 = DEFINITIONAL_REPRESENTATION('',(#6150),#6154);
#6150 = LINE('',#6151,#6152);
#6151 = CARTESIAN_POINT('',(0.,-3.4));
#6152 = VECTOR('',#6153,1.);
#6153 = DIRECTION('',(1.,0.));
#6154 = ( GEOMETRIC_REPRESENTATION_CONTEXT(2) 
PARAMETRIC_REPRESENTATION_CONTEXT() REPRESENTATION_CONTEXT('2D SPACE',''
  ) );
#6155 = PCURVE('',#3533,#6156);
#6156 = DEFINITIONAL_REPRESENTATION('',(#6157),#6165);
#6157 = ( BOUNDED_CURVE() B_SPLINE_CURVE(2,(#6158,#6159,#6160,#6161,
#6162,#6163,#6164),.UNSPECIFIED.,.T.,.F.) B_SPLINE_CURVE_WITH_KNOTS((1,2
    ,2,2,2,1),(-2.094395102393,0.,2.094395102393,4.188790204786,
6.28318530718,8.377580409573),.UNSPECIFIED.) CURVE() 
GEOMETRIC_REPRESENTATION_ITEM() RATIONAL_B_SPLINE_CURVE((1.,0.5,1.,0.5,
1.,0.5,1.)) REPRESENTATION_ITEM('') );
#6158 = CARTESIAN_POINT('',(-152.7,-61.21375));
#6159 = CARTESIAN_POINT('',(-152.7,-59.48169919243));
#6160 = CARTESIAN_POINT('',(-151.2,-60.34772459621));
#6161 = CARTESIAN_POINT('',(-149.7,-61.21375));
#6162 = CARTESIAN_POINT('',(-151.2,-62.07977540378));
#6163 = CARTESIAN_POINT('',(-152.7,-62.94580080756));
#6164 = CARTESIAN_POINT('',(-152.7,-61.21375));
#6165 = ( GEOMETRIC_REPRESENTATION_CONTEXT(2) 
PARAMETRIC_REPRESENTATION_CONTEXT() REPRESENTATION_CONTEXT('2D SPACE',''
  ) );
#6166 = ORIENTED_EDGE('',*,*,#6167,.T.);
#6167 = EDGE_CURVE('',#6140,#2645,#6168,.T.);
#6168 = SURFACE_CURVE('',#6169,(#6173,#6180),.PCURVE_S1.);
#6169 = LINE('',#6170,#6171);
#6170 = CARTESIAN_POINT('',(0.7,-119.3625,4.));
#6171 = VECTOR('',#6172,1.);
#6172 = DIRECTION('',(0.,0.,1.));
#6173 = PCURVE('',#2689,#6174);
#6174 = DEFINITIONAL_REPRESENTATION('',(#6175),#6179);
#6175 = LINE('',#6176,#6177);
#6176 = CARTESIAN_POINT('',(4.712388980385,0.));
#6177 = VECTOR('',#6178,1.);
#6178 = DIRECTION('',(0.,-1.));
#6179 = ( GEOMETRIC_REPRESENTATION_CONTEXT(2) 
PARAMETRIC_REPRESENTATION_CONTEXT() REPRESENTATION_CONTEXT('2D SPACE',''
  ) );
#6180 = PCURVE('',#2659,#6181);
#6181 = DEFINITIONAL_REPRESENTATION('',(#6182),#6186);
#6182 = LINE('',#6183,#6184);
#6183 = CARTESIAN_POINT('',(0.,0.));
#6184 = VECTOR('',#6185,1.);
#6185 = DIRECTION('',(0.,-1.));
#6186 = ( GEOMETRIC_REPRESENTATION_CONTEXT(2) 
PARAMETRIC_REPRESENTATION_CONTEXT() REPRESENTATION_CONTEXT('2D SPACE',''
  ) );
#6187 = ORIENTED_EDGE('',*,*,#2670,.T.);
#6188 = ORIENTED_EDGE('',*,*,#6114,.F.);
#6189 = ADVANCED_FACE('',(#6190),#2659,.T.);
#6190 = FACE_BOUND('',#6191,.T.);
#6191 = EDGE_LOOP('',(#6192,#6215,#6236,#6237));
#6192 = ORIENTED_EDGE('',*,*,#6193,.F.);
#6193 = EDGE_CURVE('',#6194,#2612,#6196,.T.);
#6194 = VERTEX_POINT('',#6195);
#6195 = CARTESIAN_POINT('',(304.1,-119.3625,7.4));
#6196 = SURFACE_CURVE('',#6197,(#6201,#6208),.PCURVE_S1.);
#6197 = LINE('',#6198,#6199);
#6198 = CARTESIAN_POINT('',(304.1,-119.3625,4.));
#6199 = VECTOR('',#6200,1.);
#6200 = DIRECTION('',(0.,0.,1.));
#6201 = PCURVE('',#2659,#6202);
#6202 = DEFINITIONAL_REPRESENTATION('',(#6203),#6207);
#6203 = LINE('',#6204,#6205);
#6204 = CARTESIAN_POINT('',(303.4,0.));
#6205 = VECTOR('',#6206,1.);
#6206 = DIRECTION('',(0.,-1.));
#6207 = ( GEOMETRIC_REPRESENTATION_CONTEXT(2) 
PARAMETRIC_REPRESENTATION_CONTEXT() REPRESENTATION_CONTEXT('2D SPACE',''
  ) );
#6208 = PCURVE('',#2632,#6209);
#6209 = DEFINITIONAL_REPRESENTATION('',(#6210),#6214);
#6210 = LINE('',#6211,#6212);
#6211 = CARTESIAN_POINT('',(4.712388980385,0.));
#6212 = VECTOR('',#6213,1.);
#6213 = DIRECTION('',(0.,-1.));
#6214 = ( GEOMETRIC_REPRESENTATION_CONTEXT(2) 
PARAMETRIC_REPRESENTATION_CONTEXT() REPRESENTATION_CONTEXT('2D SPACE',''
  ) );
#6215 = ORIENTED_EDGE('',*,*,#6216,.T.);
#6216 = EDGE_CURVE('',#6194,#6140,#6217,.T.);
#6217 = SURFACE_CURVE('',#6218,(#6222,#6229),.PCURVE_S1.);
#6218 = LINE('',#6219,#6220);
#6219 = CARTESIAN_POINT('',(304.1,-119.3625,7.4));
#6220 = VECTOR('',#6221,1.);
#6221 = DIRECTION('',(-1.,0.,0.));
#6222 = PCURVE('',#2659,#6223);
#6223 = DEFINITIONAL_REPRESENTATION('',(#6224),#6228);
#6224 = LINE('',#6225,#6226);
#6225 = CARTESIAN_POINT('',(303.4,-3.4));
#6226 = VECTOR('',#6227,1.);
#6227 = DIRECTION('',(-1.,0.));
#6228 = ( GEOMETRIC_REPRESENTATION_CONTEXT(2) 
PARAMETRIC_REPRESENTATION_CONTEXT() REPRESENTATION_CONTEXT('2D SPACE',''
  ) );
#6229 = PCURVE('',#3533,#6230);
#6230 = DEFINITIONAL_REPRESENTATION('',(#6231),#6235);
#6231 = LINE('',#6232,#6233);
#6232 = CARTESIAN_POINT('',(151.7,-62.21375));
#6233 = VECTOR('',#6234,1.);
#6234 = DIRECTION('',(-1.,0.));
#6235 = ( GEOMETRIC_REPRESENTATION_CONTEXT(2) 
PARAMETRIC_REPRESENTATION_CONTEXT() REPRESENTATION_CONTEXT('2D SPACE',''
  ) );
#6236 = ORIENTED_EDGE('',*,*,#6167,.T.);
#6237 = ORIENTED_EDGE('',*,*,#2644,.F.);
#6238 = ADVANCED_FACE('',(#6239),#2632,.F.);
#6239 = FACE_BOUND('',#6240,.F.);
#6240 = EDGE_LOOP('',(#6241,#6269,#6290,#6291));
#6241 = ORIENTED_EDGE('',*,*,#6242,.F.);
#6242 = EDGE_CURVE('',#6243,#6194,#6245,.T.);
#6243 = VERTEX_POINT('',#6244);
#6244 = CARTESIAN_POINT('',(305.1,-118.3625,7.4));
#6245 = SURFACE_CURVE('',#6246,(#6251,#6258),.PCURVE_S1.);
#6246 = CIRCLE('',#6247,1.);
#6247 = AXIS2_PLACEMENT_3D('',#6248,#6249,#6250);
#6248 = CARTESIAN_POINT('',(304.1,-118.3625,7.4));
#6249 = DIRECTION('',(0.,0.,-1.));
#6250 = DIRECTION('',(-1.,0.,0.));
#6251 = PCURVE('',#2632,#6252);
#6252 = DEFINITIONAL_REPRESENTATION('',(#6253),#6257);
#6253 = LINE('',#6254,#6255);
#6254 = CARTESIAN_POINT('',(0.,-3.4));
#6255 = VECTOR('',#6256,1.);
#6256 = DIRECTION('',(1.,0.));
#6257 = ( GEOMETRIC_REPRESENTATION_CONTEXT(2) 
PARAMETRIC_REPRESENTATION_CONTEXT() REPRESENTATION_CONTEXT('2D SPACE',''
  ) );
#6258 = PCURVE('',#3533,#6259);
#6259 = DEFINITIONAL_REPRESENTATION('',(#6260),#6268);
#6260 = ( BOUNDED_CURVE() B_SPLINE_CURVE(2,(#6261,#6262,#6263,#6264,
#6265,#6266,#6267),.UNSPECIFIED.,.T.,.F.) B_SPLINE_CURVE_WITH_KNOTS((1,2
    ,2,2,2,1),(-2.094395102393,0.,2.094395102393,4.188790204786,
6.28318530718,8.377580409573),.UNSPECIFIED.) CURVE() 
GEOMETRIC_REPRESENTATION_ITEM() RATIONAL_B_SPLINE_CURVE((1.,0.5,1.,0.5,
1.,0.5,1.)) REPRESENTATION_ITEM('') );
#6261 = CARTESIAN_POINT('',(150.7,-61.21375));
#6262 = CARTESIAN_POINT('',(150.7,-59.48169919243));
#6263 = CARTESIAN_POINT('',(152.2,-60.34772459621));
#6264 = CARTESIAN_POINT('',(153.7,-61.21375));
#6265 = CARTESIAN_POINT('',(152.2,-62.07977540378));
#6266 = CARTESIAN_POINT('',(150.7,-62.94580080756));
#6267 = CARTESIAN_POINT('',(150.7,-61.21375));
#6268 = ( GEOMETRIC_REPRESENTATION_CONTEXT(2) 
PARAMETRIC_REPRESENTATION_CONTEXT() REPRESENTATION_CONTEXT('2D SPACE',''
  ) );
#6269 = ORIENTED_EDGE('',*,*,#6270,.T.);
#6270 = EDGE_CURVE('',#6243,#2586,#6271,.T.);
#6271 = SURFACE_CURVE('',#6272,(#6276,#6283),.PCURVE_S1.);
#6272 = LINE('',#6273,#6274);
#6273 = CARTESIAN_POINT('',(305.1,-118.3625,4.));
#6274 = VECTOR('',#6275,1.);
#6275 = DIRECTION('',(0.,0.,1.));
#6276 = PCURVE('',#2632,#6277);
#6277 = DEFINITIONAL_REPRESENTATION('',(#6278),#6282);
#6278 = LINE('',#6279,#6280);
#6279 = CARTESIAN_POINT('',(3.14159265359,0.));
#6280 = VECTOR('',#6281,1.);
#6281 = DIRECTION('',(0.,-1.));
#6282 = ( GEOMETRIC_REPRESENTATION_CONTEXT(2) 
PARAMETRIC_REPRESENTATION_CONTEXT() REPRESENTATION_CONTEXT('2D SPACE',''
  ) );
#6283 = PCURVE('',#2600,#6284);
#6284 = DEFINITIONAL_REPRESENTATION('',(#6285),#6289);
#6285 = LINE('',#6286,#6287);
#6286 = CARTESIAN_POINT('',(0.,0.));
#6287 = VECTOR('',#6288,1.);
#6288 = DIRECTION('',(0.,-1.));
#6289 = ( GEOMETRIC_REPRESENTATION_CONTEXT(2) 
PARAMETRIC_REPRESENTATION_CONTEXT() REPRESENTATION_CONTEXT('2D SPACE',''
  ) );
#6290 = ORIENTED_EDGE('',*,*,#2611,.T.);
#6291 = ORIENTED_EDGE('',*,*,#6193,.F.);
#6292 = ADVANCED_FACE('',(#6293),#2600,.T.);
#6293 = FACE_BOUND('',#6294,.T.);
#6294 = EDGE_LOOP('',(#6295,#6318,#6339,#6340));
#6295 = ORIENTED_EDGE('',*,*,#6296,.F.);
#6296 = EDGE_CURVE('',#6297,#2553,#6299,.T.);
#6297 = VERTEX_POINT('',#6298);
#6298 = CARTESIAN_POINT('',(305.1,-24.617,7.4));
#6299 = SURFACE_CURVE('',#6300,(#6304,#6311),.PCURVE_S1.);
#6300 = LINE('',#6301,#6302);
#6301 = CARTESIAN_POINT('',(305.1,-24.617,4.));
#6302 = VECTOR('',#6303,1.);
#6303 = DIRECTION('',(0.,0.,1.));
#6304 = PCURVE('',#2600,#6305);
#6305 = DEFINITIONAL_REPRESENTATION('',(#6306),#6310);
#6306 = LINE('',#6307,#6308);
#6307 = CARTESIAN_POINT('',(93.7455,0.));
#6308 = VECTOR('',#6309,1.);
#6309 = DIRECTION('',(0.,-1.));
#6310 = ( GEOMETRIC_REPRESENTATION_CONTEXT(2) 
PARAMETRIC_REPRESENTATION_CONTEXT() REPRESENTATION_CONTEXT('2D SPACE',''
  ) );
#6311 = PCURVE('',#2573,#6312);
#6312 = DEFINITIONAL_REPRESENTATION('',(#6313),#6317);
#6313 = LINE('',#6314,#6315);
#6314 = CARTESIAN_POINT('',(3.14159265359,0.));
#6315 = VECTOR('',#6316,1.);
#6316 = DIRECTION('',(0.,-1.));
#6317 = ( GEOMETRIC_REPRESENTATION_CONTEXT(2) 
PARAMETRIC_REPRESENTATION_CONTEXT() REPRESENTATION_CONTEXT('2D SPACE',''
  ) );
#6318 = ORIENTED_EDGE('',*,*,#6319,.T.);
#6319 = EDGE_CURVE('',#6297,#6243,#6320,.T.);
#6320 = SURFACE_CURVE('',#6321,(#6325,#6332),.PCURVE_S1.);
#6321 = LINE('',#6322,#6323);
#6322 = CARTESIAN_POINT('',(305.1,-24.617,7.4));
#6323 = VECTOR('',#6324,1.);
#6324 = DIRECTION('',(0.,-1.,0.));
#6325 = PCURVE('',#2600,#6326);
#6326 = DEFINITIONAL_REPRESENTATION('',(#6327),#6331);
#6327 = LINE('',#6328,#6329);
#6328 = CARTESIAN_POINT('',(93.7455,-3.4));
#6329 = VECTOR('',#6330,1.);
#6330 = DIRECTION('',(-1.,0.));
#6331 = ( GEOMETRIC_REPRESENTATION_CONTEXT(2) 
PARAMETRIC_REPRESENTATION_CONTEXT() REPRESENTATION_CONTEXT('2D SPACE',''
  ) );
#6332 = PCURVE('',#3533,#6333);
#6333 = DEFINITIONAL_REPRESENTATION('',(#6334),#6338);
#6334 = LINE('',#6335,#6336);
#6335 = CARTESIAN_POINT('',(152.7,32.53175));
#6336 = VECTOR('',#6337,1.);
#6337 = DIRECTION('',(0.,-1.));
#6338 = ( GEOMETRIC_REPRESENTATION_CONTEXT(2) 
PARAMETRIC_REPRESENTATION_CONTEXT() REPRESENTATION_CONTEXT('2D SPACE',''
  ) );
#6339 = ORIENTED_EDGE('',*,*,#6270,.T.);
#6340 = ORIENTED_EDGE('',*,*,#2585,.F.);
#6341 = ADVANCED_FACE('',(#6342),#2573,.F.);
#6342 = FACE_BOUND('',#6343,.F.);
#6343 = EDGE_LOOP('',(#6344,#6372,#6393,#6394));
#6344 = ORIENTED_EDGE('',*,*,#6345,.F.);
#6345 = EDGE_CURVE('',#6346,#6297,#6348,.T.);
#6346 = VERTEX_POINT('',#6347);
#6347 = CARTESIAN_POINT('',(304.1,-23.617,7.4));
#6348 = SURFACE_CURVE('',#6349,(#6354,#6361),.PCURVE_S1.);
#6349 = CIRCLE('',#6350,1.);
#6350 = AXIS2_PLACEMENT_3D('',#6351,#6352,#6353);
#6351 = CARTESIAN_POINT('',(304.1,-24.617,7.4));
#6352 = DIRECTION('',(0.,0.,-1.));
#6353 = DIRECTION('',(-1.,0.,0.));
#6354 = PCURVE('',#2573,#6355);
#6355 = DEFINITIONAL_REPRESENTATION('',(#6356),#6360);
#6356 = LINE('',#6357,#6358);
#6357 = CARTESIAN_POINT('',(0.,-3.4));
#6358 = VECTOR('',#6359,1.);
#6359 = DIRECTION('',(1.,0.));
#6360 = ( GEOMETRIC_REPRESENTATION_CONTEXT(2) 
PARAMETRIC_REPRESENTATION_CONTEXT() REPRESENTATION_CONTEXT('2D SPACE',''
  ) );
#6361 = PCURVE('',#3533,#6362);
#6362 = DEFINITIONAL_REPRESENTATION('',(#6363),#6371);
#6363 = ( BOUNDED_CURVE() B_SPLINE_CURVE(2,(#6364,#6365,#6366,#6367,
#6368,#6369,#6370),.UNSPECIFIED.,.T.,.F.) B_SPLINE_CURVE_WITH_KNOTS((1,2
    ,2,2,2,1),(-2.094395102393,0.,2.094395102393,4.188790204786,
6.28318530718,8.377580409573),.UNSPECIFIED.) CURVE() 
GEOMETRIC_REPRESENTATION_ITEM() RATIONAL_B_SPLINE_CURVE((1.,0.5,1.,0.5,
1.,0.5,1.)) REPRESENTATION_ITEM('') );
#6364 = CARTESIAN_POINT('',(150.7,32.53175));
#6365 = CARTESIAN_POINT('',(150.7,34.263800807569));
#6366 = CARTESIAN_POINT('',(152.2,33.397775403784));
#6367 = CARTESIAN_POINT('',(153.7,32.53175));
#6368 = CARTESIAN_POINT('',(152.2,31.665724596216));
#6369 = CARTESIAN_POINT('',(150.7,30.799699192431));
#6370 = CARTESIAN_POINT('',(150.7,32.53175));
#6371 = ( GEOMETRIC_REPRESENTATION_CONTEXT(2) 
PARAMETRIC_REPRESENTATION_CONTEXT() REPRESENTATION_CONTEXT('2D SPACE',''
  ) );
#6372 = ORIENTED_EDGE('',*,*,#6373,.T.);
#6373 = EDGE_CURVE('',#6346,#2527,#6374,.T.);
#6374 = SURFACE_CURVE('',#6375,(#6379,#6386),.PCURVE_S1.);
#6375 = LINE('',#6376,#6377);
#6376 = CARTESIAN_POINT('',(304.1,-23.617,4.));
#6377 = VECTOR('',#6378,1.);
#6378 = DIRECTION('',(0.,0.,1.));
#6379 = PCURVE('',#2573,#6380);
#6380 = DEFINITIONAL_REPRESENTATION('',(#6381),#6385);
#6381 = LINE('',#6382,#6383);
#6382 = CARTESIAN_POINT('',(1.570796326795,0.));
#6383 = VECTOR('',#6384,1.);
#6384 = DIRECTION('',(0.,-1.));
#6385 = ( GEOMETRIC_REPRESENTATION_CONTEXT(2) 
PARAMETRIC_REPRESENTATION_CONTEXT() REPRESENTATION_CONTEXT('2D SPACE',''
  ) );
#6386 = PCURVE('',#2541,#6387);
#6387 = DEFINITIONAL_REPRESENTATION('',(#6388),#6392);
#6388 = LINE('',#6389,#6390);
#6389 = CARTESIAN_POINT('',(303.4,0.));
#6390 = VECTOR('',#6391,1.);
#6391 = DIRECTION('',(0.,-1.));
#6392 = ( GEOMETRIC_REPRESENTATION_CONTEXT(2) 
PARAMETRIC_REPRESENTATION_CONTEXT() REPRESENTATION_CONTEXT('2D SPACE',''
  ) );
#6393 = ORIENTED_EDGE('',*,*,#2552,.T.);
#6394 = ORIENTED_EDGE('',*,*,#6296,.F.);
#6395 = ADVANCED_FACE('',(#6396),#2541,.F.);
#6396 = FACE_BOUND('',#6397,.F.);
#6397 = EDGE_LOOP('',(#6398,#6399,#6421,#6442));
#6398 = ORIENTED_EDGE('',*,*,#6373,.F.);
#6399 = ORIENTED_EDGE('',*,*,#6400,.F.);
#6400 = EDGE_CURVE('',#6401,#6346,#6403,.T.);
#6401 = VERTEX_POINT('',#6402);
#6402 = CARTESIAN_POINT('',(0.7,-23.617,7.4));
#6403 = SURFACE_CURVE('',#6404,(#6408,#6414),.PCURVE_S1.);
#6404 = LINE('',#6405,#6406);
#6405 = CARTESIAN_POINT('',(76.55,-23.617,7.4));
#6406 = VECTOR('',#6407,1.);
#6407 = DIRECTION('',(1.,0.,0.));
#6408 = PCURVE('',#2541,#6409);
#6409 = DEFINITIONAL_REPRESENTATION('',(#6410),#6413);
#6410 = B_SPLINE_CURVE_WITH_KNOTS('',1,(#6411,#6412),.UNSPECIFIED.,.F.,
  .F.,(2,2),(-75.85,227.55),.PIECEWISE_BEZIER_KNOTS.);
#6411 = CARTESIAN_POINT('',(0.,-3.4));
#6412 = CARTESIAN_POINT('',(303.4,-3.4));
#6413 = ( GEOMETRIC_REPRESENTATION_CONTEXT(2) 
PARAMETRIC_REPRESENTATION_CONTEXT() REPRESENTATION_CONTEXT('2D SPACE',''
  ) );
#6414 = PCURVE('',#3533,#6415);
#6415 = DEFINITIONAL_REPRESENTATION('',(#6416),#6420);
#6416 = LINE('',#6417,#6418);
#6417 = CARTESIAN_POINT('',(-75.85,33.53175));
#6418 = VECTOR('',#6419,1.);
#6419 = DIRECTION('',(1.,0.));
#6420 = ( GEOMETRIC_REPRESENTATION_CONTEXT(2) 
PARAMETRIC_REPRESENTATION_CONTEXT() REPRESENTATION_CONTEXT('2D SPACE',''
  ) );
#6421 = ORIENTED_EDGE('',*,*,#6422,.T.);
#6422 = EDGE_CURVE('',#6401,#2494,#6423,.T.);
#6423 = SURFACE_CURVE('',#6424,(#6428,#6435),.PCURVE_S1.);
#6424 = LINE('',#6425,#6426);
#6425 = CARTESIAN_POINT('',(0.7,-23.617,4.));
#6426 = VECTOR('',#6427,1.);
#6427 = DIRECTION('',(0.,0.,1.));
#6428 = PCURVE('',#2541,#6429);
#6429 = DEFINITIONAL_REPRESENTATION('',(#6430),#6434);
#6430 = LINE('',#6431,#6432);
#6431 = CARTESIAN_POINT('',(0.,0.));
#6432 = VECTOR('',#6433,1.);
#6433 = DIRECTION('',(0.,-1.));
#6434 = ( GEOMETRIC_REPRESENTATION_CONTEXT(2) 
PARAMETRIC_REPRESENTATION_CONTEXT() REPRESENTATION_CONTEXT('2D SPACE',''
  ) );
#6435 = PCURVE('',#2514,#6436);
#6436 = DEFINITIONAL_REPRESENTATION('',(#6437),#6441);
#6437 = LINE('',#6438,#6439);
#6438 = CARTESIAN_POINT('',(1.570796326795,0.));
#6439 = VECTOR('',#6440,1.);
#6440 = DIRECTION('',(0.,-1.));
#6441 = ( GEOMETRIC_REPRESENTATION_CONTEXT(2) 
PARAMETRIC_REPRESENTATION_CONTEXT() REPRESENTATION_CONTEXT('2D SPACE',''
  ) );
#6442 = ORIENTED_EDGE('',*,*,#2526,.F.);
#6443 = ADVANCED_FACE('',(#6444),#2514,.F.);
#6444 = FACE_BOUND('',#6445,.F.);
#6445 = EDGE_LOOP('',(#6446,#6472,#6473,#6474));
#6446 = ORIENTED_EDGE('',*,*,#6447,.F.);
#6447 = EDGE_CURVE('',#6069,#6401,#6448,.T.);
#6448 = SURFACE_CURVE('',#6449,(#6454,#6461),.PCURVE_S1.);
#6449 = CIRCLE('',#6450,1.);
#6450 = AXIS2_PLACEMENT_3D('',#6451,#6452,#6453);
#6451 = CARTESIAN_POINT('',(0.7,-24.617,7.4));
#6452 = DIRECTION('',(0.,0.,-1.));
#6453 = DIRECTION('',(-1.,0.,0.));
#6454 = PCURVE('',#2514,#6455);
#6455 = DEFINITIONAL_REPRESENTATION('',(#6456),#6460);
#6456 = LINE('',#6457,#6458);
#6457 = CARTESIAN_POINT('',(0.,-3.4));
#6458 = VECTOR('',#6459,1.);
#6459 = DIRECTION('',(1.,0.));
#6460 = ( GEOMETRIC_REPRESENTATION_CONTEXT(2) 
PARAMETRIC_REPRESENTATION_CONTEXT() REPRESENTATION_CONTEXT('2D SPACE',''
  ) );
#6461 = PCURVE('',#3533,#6462);
#6462 = DEFINITIONAL_REPRESENTATION('',(#6463),#6471);
#6463 = ( BOUNDED_CURVE() B_SPLINE_CURVE(2,(#6464,#6465,#6466,#6467,
#6468,#6469,#6470),.UNSPECIFIED.,.T.,.F.) B_SPLINE_CURVE_WITH_KNOTS((1,2
    ,2,2,2,1),(-2.094395102393,0.,2.094395102393,4.188790204786,
6.28318530718,8.377580409573),.UNSPECIFIED.) CURVE() 
GEOMETRIC_REPRESENTATION_ITEM() RATIONAL_B_SPLINE_CURVE((1.,0.5,1.,0.5,
1.,0.5,1.)) REPRESENTATION_ITEM('') );
#6464 = CARTESIAN_POINT('',(-152.7,32.53175));
#6465 = CARTESIAN_POINT('',(-152.7,34.263800807569));
#6466 = CARTESIAN_POINT('',(-151.2,33.397775403784));
#6467 = CARTESIAN_POINT('',(-149.7,32.53175));
#6468 = CARTESIAN_POINT('',(-151.2,31.665724596216));
#6469 = CARTESIAN_POINT('',(-152.7,30.799699192431));
#6470 = CARTESIAN_POINT('',(-152.7,32.53175));
#6471 = ( GEOMETRIC_REPRESENTATION_CONTEXT(2) 
PARAMETRIC_REPRESENTATION_CONTEXT() REPRESENTATION_CONTEXT('2D SPACE',''
  ) );
#6472 = ORIENTED_EDGE('',*,*,#6068,.T.);
#6473 = ORIENTED_EDGE('',*,*,#2493,.T.);
#6474 = ORIENTED_EDGE('',*,*,#6422,.F.);
#6475 = ADVANCED_FACE('',(#6476),#2720,.F.);
#6476 = FACE_BOUND('',#6477,.F.);
#6477 = EDGE_LOOP('',(#6478,#6501,#6523,#6544));
#6478 = ORIENTED_EDGE('',*,*,#6479,.F.);
#6479 = EDGE_CURVE('',#6480,#2704,#6482,.T.);
#6480 = VERTEX_POINT('',#6481);
#6481 = CARTESIAN_POINT('',(-0.3,-0.7,7.4));
#6482 = SURFACE_CURVE('',#6483,(#6487,#6494),.PCURVE_S1.);
#6483 = LINE('',#6484,#6485);
#6484 = CARTESIAN_POINT('',(-0.3,-0.7,4.));
#6485 = VECTOR('',#6486,1.);
#6486 = DIRECTION('',(0.,0.,1.));
#6487 = PCURVE('',#2720,#6488);
#6488 = DEFINITIONAL_REPRESENTATION('',(#6489),#6493);
#6489 = LINE('',#6490,#6491);
#6490 = CARTESIAN_POINT('',(17.405,0.));
#6491 = VECTOR('',#6492,1.);
#6492 = DIRECTION('',(0.,-1.));
#6493 = ( GEOMETRIC_REPRESENTATION_CONTEXT(2) 
PARAMETRIC_REPRESENTATION_CONTEXT() REPRESENTATION_CONTEXT('2D SPACE',''
  ) );
#6494 = PCURVE('',#2752,#6495);
#6495 = DEFINITIONAL_REPRESENTATION('',(#6496),#6500);
#6496 = LINE('',#6497,#6498);
#6497 = CARTESIAN_POINT('',(-3.14159265359,0.));
#6498 = VECTOR('',#6499,1.);
#6499 = DIRECTION('',(-0.,-1.));
#6500 = ( GEOMETRIC_REPRESENTATION_CONTEXT(2) 
PARAMETRIC_REPRESENTATION_CONTEXT() REPRESENTATION_CONTEXT('2D SPACE',''
  ) );
#6501 = ORIENTED_EDGE('',*,*,#6502,.F.);
#6502 = EDGE_CURVE('',#6503,#6480,#6505,.T.);
#6503 = VERTEX_POINT('',#6504);
#6504 = CARTESIAN_POINT('',(-0.3,-18.105,7.4));
#6505 = SURFACE_CURVE('',#6506,(#6510,#6516),.PCURVE_S1.);
#6506 = LINE('',#6507,#6508);
#6507 = CARTESIAN_POINT('',(-0.3,-37.626875,7.4));
#6508 = VECTOR('',#6509,1.);
#6509 = DIRECTION('',(0.,1.,-0.));
#6510 = PCURVE('',#2720,#6511);
#6511 = DEFINITIONAL_REPRESENTATION('',(#6512),#6515);
#6512 = B_SPLINE_CURVE_WITH_KNOTS('',1,(#6513,#6514),.UNSPECIFIED.,.F.,
  .F.,(2,2),(19.521875,36.926875),.PIECEWISE_BEZIER_KNOTS.);
#6513 = CARTESIAN_POINT('',(0.,-3.4));
#6514 = CARTESIAN_POINT('',(17.405,-3.4));
#6515 = ( GEOMETRIC_REPRESENTATION_CONTEXT(2) 
PARAMETRIC_REPRESENTATION_CONTEXT() REPRESENTATION_CONTEXT('2D SPACE',''
  ) );
#6516 = PCURVE('',#3533,#6517);
#6517 = DEFINITIONAL_REPRESENTATION('',(#6518),#6522);
#6518 = LINE('',#6519,#6520);
#6519 = CARTESIAN_POINT('',(-152.7,19.521875));
#6520 = VECTOR('',#6521,1.);
#6521 = DIRECTION('',(0.,1.));
#6522 = ( GEOMETRIC_REPRESENTATION_CONTEXT(2) 
PARAMETRIC_REPRESENTATION_CONTEXT() REPRESENTATION_CONTEXT('2D SPACE',''
  ) );
#6523 = ORIENTED_EDGE('',*,*,#6524,.T.);
#6524 = EDGE_CURVE('',#6503,#2706,#6525,.T.);
#6525 = SURFACE_CURVE('',#6526,(#6530,#6537),.PCURVE_S1.);
#6526 = LINE('',#6527,#6528);
#6527 = CARTESIAN_POINT('',(-0.3,-18.105,4.));
#6528 = VECTOR('',#6529,1.);
#6529 = DIRECTION('',(0.,0.,1.));
#6530 = PCURVE('',#2720,#6531);
#6531 = DEFINITIONAL_REPRESENTATION('',(#6532),#6536);
#6532 = LINE('',#6533,#6534);
#6533 = CARTESIAN_POINT('',(0.,0.));
#6534 = VECTOR('',#6535,1.);
#6535 = DIRECTION('',(0.,-1.));
#6536 = ( GEOMETRIC_REPRESENTATION_CONTEXT(2) 
PARAMETRIC_REPRESENTATION_CONTEXT() REPRESENTATION_CONTEXT('2D SPACE',''
  ) );
#6537 = PCURVE('',#2927,#6538);
#6538 = DEFINITIONAL_REPRESENTATION('',(#6539),#6543);
#6539 = LINE('',#6540,#6541);
#6540 = CARTESIAN_POINT('',(-3.14159265359,0.));
#6541 = VECTOR('',#6542,1.);
#6542 = DIRECTION('',(-0.,-1.));
#6543 = ( GEOMETRIC_REPRESENTATION_CONTEXT(2) 
PARAMETRIC_REPRESENTATION_CONTEXT() REPRESENTATION_CONTEXT('2D SPACE',''
  ) );
#6544 = ORIENTED_EDGE('',*,*,#2703,.F.);
#6545 = ADVANCED_FACE('',(#6546),#2927,.F.);
#6546 = FACE_BOUND('',#6547,.T.);
#6547 = EDGE_LOOP('',(#6548,#6571,#6597,#6598));
#6548 = ORIENTED_EDGE('',*,*,#6549,.F.);
#6549 = EDGE_CURVE('',#6550,#2883,#6552,.T.);
#6550 = VERTEX_POINT('',#6551);
#6551 = CARTESIAN_POINT('',(0.7,-19.105,7.4));
#6552 = SURFACE_CURVE('',#6553,(#6557,#6564),.PCURVE_S1.);
#6553 = LINE('',#6554,#6555);
#6554 = CARTESIAN_POINT('',(0.7,-19.105,4.));
#6555 = VECTOR('',#6556,1.);
#6556 = DIRECTION('',(0.,0.,1.));
#6557 = PCURVE('',#2927,#6558);
#6558 = DEFINITIONAL_REPRESENTATION('',(#6559),#6563);
#6559 = LINE('',#6560,#6561);
#6560 = CARTESIAN_POINT('',(-4.712388980385,0.));
#6561 = VECTOR('',#6562,1.);
#6562 = DIRECTION('',(-0.,-1.));
#6563 = ( GEOMETRIC_REPRESENTATION_CONTEXT(2) 
PARAMETRIC_REPRESENTATION_CONTEXT() REPRESENTATION_CONTEXT('2D SPACE',''
  ) );
#6564 = PCURVE('',#2897,#6565);
#6565 = DEFINITIONAL_REPRESENTATION('',(#6566),#6570);
#6566 = LINE('',#6567,#6568);
#6567 = CARTESIAN_POINT('',(0.,0.));
#6568 = VECTOR('',#6569,1.);
#6569 = DIRECTION('',(0.,-1.));
#6570 = ( GEOMETRIC_REPRESENTATION_CONTEXT(2) 
PARAMETRIC_REPRESENTATION_CONTEXT() REPRESENTATION_CONTEXT('2D SPACE',''
  ) );
#6571 = ORIENTED_EDGE('',*,*,#6572,.T.);
#6572 = EDGE_CURVE('',#6550,#6503,#6573,.T.);
#6573 = SURFACE_CURVE('',#6574,(#6579,#6586),.PCURVE_S1.);
#6574 = CIRCLE('',#6575,1.);
#6575 = AXIS2_PLACEMENT_3D('',#6576,#6577,#6578);
#6576 = CARTESIAN_POINT('',(0.7,-18.105,7.4));
#6577 = DIRECTION('',(0.,0.,-1.));
#6578 = DIRECTION('',(1.,0.,0.));
#6579 = PCURVE('',#2927,#6580);
#6580 = DEFINITIONAL_REPRESENTATION('',(#6581),#6585);
#6581 = LINE('',#6582,#6583);
#6582 = CARTESIAN_POINT('',(-6.28318530718,-3.4));
#6583 = VECTOR('',#6584,1.);
#6584 = DIRECTION('',(1.,-0.));
#6585 = ( GEOMETRIC_REPRESENTATION_CONTEXT(2) 
PARAMETRIC_REPRESENTATION_CONTEXT() REPRESENTATION_CONTEXT('2D SPACE',''
  ) );
#6586 = PCURVE('',#3533,#6587);
#6587 = DEFINITIONAL_REPRESENTATION('',(#6588),#6596);
#6588 = ( BOUNDED_CURVE() B_SPLINE_CURVE(2,(#6589,#6590,#6591,#6592,
#6593,#6594,#6595),.UNSPECIFIED.,.T.,.F.) B_SPLINE_CURVE_WITH_KNOTS((1,2
    ,2,2,2,1),(-2.094395102393,0.,2.094395102393,4.188790204786,
6.28318530718,8.377580409573),.UNSPECIFIED.) CURVE() 
GEOMETRIC_REPRESENTATION_ITEM() RATIONAL_B_SPLINE_CURVE((1.,0.5,1.,0.5,
1.,0.5,1.)) REPRESENTATION_ITEM('') );
#6589 = CARTESIAN_POINT('',(-150.7,39.04375));
#6590 = CARTESIAN_POINT('',(-150.7,37.311699192431));
#6591 = CARTESIAN_POINT('',(-152.2,38.177724596216));
#6592 = CARTESIAN_POINT('',(-153.7,39.04375));
#6593 = CARTESIAN_POINT('',(-152.2,39.909775403784));
#6594 = CARTESIAN_POINT('',(-150.7,40.775800807569));
#6595 = CARTESIAN_POINT('',(-150.7,39.04375));
#6596 = ( GEOMETRIC_REPRESENTATION_CONTEXT(2) 
PARAMETRIC_REPRESENTATION_CONTEXT() REPRESENTATION_CONTEXT('2D SPACE',''
  ) );
#6597 = ORIENTED_EDGE('',*,*,#6524,.T.);
#6598 = ORIENTED_EDGE('',*,*,#2908,.F.);
#6599 = ADVANCED_FACE('',(#6600),#2897,.T.);
#6600 = FACE_BOUND('',#6601,.T.);
#6601 = EDGE_LOOP('',(#6602,#6625,#6645,#6646));
#6602 = ORIENTED_EDGE('',*,*,#6603,.F.);
#6603 = EDGE_CURVE('',#6604,#2850,#6606,.T.);
#6604 = VERTEX_POINT('',#6605);
#6605 = CARTESIAN_POINT('',(304.1,-19.105,7.4));
#6606 = SURFACE_CURVE('',#6607,(#6611,#6618),.PCURVE_S1.);
#6607 = LINE('',#6608,#6609);
#6608 = CARTESIAN_POINT('',(304.1,-19.105,4.));
#6609 = VECTOR('',#6610,1.);
#6610 = DIRECTION('',(0.,0.,1.));
#6611 = PCURVE('',#2897,#6612);
#6612 = DEFINITIONAL_REPRESENTATION('',(#6613),#6617);
#6613 = LINE('',#6614,#6615);
#6614 = CARTESIAN_POINT('',(303.4,0.));
#6615 = VECTOR('',#6616,1.);
#6616 = DIRECTION('',(0.,-1.));
#6617 = ( GEOMETRIC_REPRESENTATION_CONTEXT(2) 
PARAMETRIC_REPRESENTATION_CONTEXT() REPRESENTATION_CONTEXT('2D SPACE',''
  ) );
#6618 = PCURVE('',#2870,#6619);
#6619 = DEFINITIONAL_REPRESENTATION('',(#6620),#6624);
#6620 = LINE('',#6621,#6622);
#6621 = CARTESIAN_POINT('',(-4.712388980385,0.));
#6622 = VECTOR('',#6623,1.);
#6623 = DIRECTION('',(-0.,-1.));
#6624 = ( GEOMETRIC_REPRESENTATION_CONTEXT(2) 
PARAMETRIC_REPRESENTATION_CONTEXT() REPRESENTATION_CONTEXT('2D SPACE',''
  ) );
#6625 = ORIENTED_EDGE('',*,*,#6626,.F.);
#6626 = EDGE_CURVE('',#6550,#6604,#6627,.T.);
#6627 = SURFACE_CURVE('',#6628,(#6632,#6638),.PCURVE_S1.);
#6628 = LINE('',#6629,#6630);
#6629 = CARTESIAN_POINT('',(76.55,-19.105,7.4));
#6630 = VECTOR('',#6631,1.);
#6631 = DIRECTION('',(1.,0.,0.));
#6632 = PCURVE('',#2897,#6633);
#6633 = DEFINITIONAL_REPRESENTATION('',(#6634),#6637);
#6634 = B_SPLINE_CURVE_WITH_KNOTS('',1,(#6635,#6636),.UNSPECIFIED.,.F.,
  .F.,(2,2),(-75.85,227.55),.PIECEWISE_BEZIER_KNOTS.);
#6635 = CARTESIAN_POINT('',(0.,-3.4));
#6636 = CARTESIAN_POINT('',(303.4,-3.4));
#6637 = ( GEOMETRIC_REPRESENTATION_CONTEXT(2) 
PARAMETRIC_REPRESENTATION_CONTEXT() REPRESENTATION_CONTEXT('2D SPACE',''
  ) );
#6638 = PCURVE('',#3533,#6639);
#6639 = DEFINITIONAL_REPRESENTATION('',(#6640),#6644);
#6640 = LINE('',#6641,#6642);
#6641 = CARTESIAN_POINT('',(-75.85,38.04375));
#6642 = VECTOR('',#6643,1.);
#6643 = DIRECTION('',(1.,0.));
#6644 = ( GEOMETRIC_REPRESENTATION_CONTEXT(2) 
PARAMETRIC_REPRESENTATION_CONTEXT() REPRESENTATION_CONTEXT('2D SPACE',''
  ) );
#6645 = ORIENTED_EDGE('',*,*,#6549,.T.);
#6646 = ORIENTED_EDGE('',*,*,#2882,.F.);
#6647 = ADVANCED_FACE('',(#6648),#2870,.F.);
#6648 = FACE_BOUND('',#6649,.T.);
#6649 = EDGE_LOOP('',(#6650,#6673,#6699,#6700));
#6650 = ORIENTED_EDGE('',*,*,#6651,.F.);
#6651 = EDGE_CURVE('',#6652,#2824,#6654,.T.);
#6652 = VERTEX_POINT('',#6653);
#6653 = CARTESIAN_POINT('',(305.1,-18.105,7.4));
#6654 = SURFACE_CURVE('',#6655,(#6659,#6666),.PCURVE_S1.);
#6655 = LINE('',#6656,#6657);
#6656 = CARTESIAN_POINT('',(305.1,-18.105,4.));
#6657 = VECTOR('',#6658,1.);
#6658 = DIRECTION('',(0.,0.,1.));
#6659 = PCURVE('',#2870,#6660);
#6660 = DEFINITIONAL_REPRESENTATION('',(#6661),#6665);
#6661 = LINE('',#6662,#6663);
#6662 = CARTESIAN_POINT('',(-6.28318530718,0.));
#6663 = VECTOR('',#6664,1.);
#6664 = DIRECTION('',(-0.,-1.));
#6665 = ( GEOMETRIC_REPRESENTATION_CONTEXT(2) 
PARAMETRIC_REPRESENTATION_CONTEXT() REPRESENTATION_CONTEXT('2D SPACE',''
  ) );
#6666 = PCURVE('',#2838,#6667);
#6667 = DEFINITIONAL_REPRESENTATION('',(#6668),#6672);
#6668 = LINE('',#6669,#6670);
#6669 = CARTESIAN_POINT('',(0.,0.));
#6670 = VECTOR('',#6671,1.);
#6671 = DIRECTION('',(0.,-1.));
#6672 = ( GEOMETRIC_REPRESENTATION_CONTEXT(2) 
PARAMETRIC_REPRESENTATION_CONTEXT() REPRESENTATION_CONTEXT('2D SPACE',''
  ) );
#6673 = ORIENTED_EDGE('',*,*,#6674,.T.);
#6674 = EDGE_CURVE('',#6652,#6604,#6675,.T.);
#6675 = SURFACE_CURVE('',#6676,(#6681,#6688),.PCURVE_S1.);
#6676 = CIRCLE('',#6677,1.);
#6677 = AXIS2_PLACEMENT_3D('',#6678,#6679,#6680);
#6678 = CARTESIAN_POINT('',(304.1,-18.105,7.4));
#6679 = DIRECTION('',(0.,0.,-1.));
#6680 = DIRECTION('',(1.,0.,0.));
#6681 = PCURVE('',#2870,#6682);
#6682 = DEFINITIONAL_REPRESENTATION('',(#6683),#6687);
#6683 = LINE('',#6684,#6685);
#6684 = CARTESIAN_POINT('',(-6.28318530718,-3.4));
#6685 = VECTOR('',#6686,1.);
#6686 = DIRECTION('',(1.,-0.));
#6687 = ( GEOMETRIC_REPRESENTATION_CONTEXT(2) 
PARAMETRIC_REPRESENTATION_CONTEXT() REPRESENTATION_CONTEXT('2D SPACE',''
  ) );
#6688 = PCURVE('',#3533,#6689);
#6689 = DEFINITIONAL_REPRESENTATION('',(#6690),#6698);
#6690 = ( BOUNDED_CURVE() B_SPLINE_CURVE(2,(#6691,#6692,#6693,#6694,
#6695,#6696,#6697),.UNSPECIFIED.,.T.,.F.) B_SPLINE_CURVE_WITH_KNOTS((1,2
    ,2,2,2,1),(-2.094395102393,0.,2.094395102393,4.188790204786,
6.28318530718,8.377580409573),.UNSPECIFIED.) CURVE() 
GEOMETRIC_REPRESENTATION_ITEM() RATIONAL_B_SPLINE_CURVE((1.,0.5,1.,0.5,
1.,0.5,1.)) REPRESENTATION_ITEM('') );
#6691 = CARTESIAN_POINT('',(152.7,39.04375));
#6692 = CARTESIAN_POINT('',(152.7,37.311699192431));
#6693 = CARTESIAN_POINT('',(151.2,38.177724596216));
#6694 = CARTESIAN_POINT('',(149.7,39.04375));
#6695 = CARTESIAN_POINT('',(151.2,39.909775403784));
#6696 = CARTESIAN_POINT('',(152.7,40.775800807569));
#6697 = CARTESIAN_POINT('',(152.7,39.04375));
#6698 = ( GEOMETRIC_REPRESENTATION_CONTEXT(2) 
PARAMETRIC_REPRESENTATION_CONTEXT() REPRESENTATION_CONTEXT('2D SPACE',''
  ) );
#6699 = ORIENTED_EDGE('',*,*,#6603,.T.);
#6700 = ORIENTED_EDGE('',*,*,#2849,.F.);
#6701 = ADVANCED_FACE('',(#6702),#2838,.T.);
#6702 = FACE_BOUND('',#6703,.T.);
#6703 = EDGE_LOOP('',(#6704,#6727,#6747,#6748));
#6704 = ORIENTED_EDGE('',*,*,#6705,.F.);
#6705 = EDGE_CURVE('',#6706,#2791,#6708,.T.);
#6706 = VERTEX_POINT('',#6707);
#6707 = CARTESIAN_POINT('',(305.1,-0.7,7.4));
#6708 = SURFACE_CURVE('',#6709,(#6713,#6720),.PCURVE_S1.);
#6709 = LINE('',#6710,#6711);
#6710 = CARTESIAN_POINT('',(305.1,-0.7,4.));
#6711 = VECTOR('',#6712,1.);
#6712 = DIRECTION('',(0.,0.,1.));
#6713 = PCURVE('',#2838,#6714);
#6714 = DEFINITIONAL_REPRESENTATION('',(#6715),#6719);
#6715 = LINE('',#6716,#6717);
#6716 = CARTESIAN_POINT('',(17.405,0.));
#6717 = VECTOR('',#6718,1.);
#6718 = DIRECTION('',(0.,-1.));
#6719 = ( GEOMETRIC_REPRESENTATION_CONTEXT(2) 
PARAMETRIC_REPRESENTATION_CONTEXT() REPRESENTATION_CONTEXT('2D SPACE',''
  ) );
#6720 = PCURVE('',#2811,#6721);
#6721 = DEFINITIONAL_REPRESENTATION('',(#6722),#6726);
#6722 = LINE('',#6723,#6724);
#6723 = CARTESIAN_POINT('',(-0.,0.));
#6724 = VECTOR('',#6725,1.);
#6725 = DIRECTION('',(-0.,-1.));
#6726 = ( GEOMETRIC_REPRESENTATION_CONTEXT(2) 
PARAMETRIC_REPRESENTATION_CONTEXT() REPRESENTATION_CONTEXT('2D SPACE',''
  ) );
#6727 = ORIENTED_EDGE('',*,*,#6728,.F.);
#6728 = EDGE_CURVE('',#6652,#6706,#6729,.T.);
#6729 = SURFACE_CURVE('',#6730,(#6734,#6740),.PCURVE_S1.);
#6730 = LINE('',#6731,#6732);
#6731 = CARTESIAN_POINT('',(305.1,-37.626875,7.4));
#6732 = VECTOR('',#6733,1.);
#6733 = DIRECTION('',(0.,1.,-0.));
#6734 = PCURVE('',#2838,#6735);
#6735 = DEFINITIONAL_REPRESENTATION('',(#6736),#6739);
#6736 = B_SPLINE_CURVE_WITH_KNOTS('',1,(#6737,#6738),.UNSPECIFIED.,.F.,
  .F.,(2,2),(19.521875,36.926875),.PIECEWISE_BEZIER_KNOTS.);
#6737 = CARTESIAN_POINT('',(0.,-3.4));
#6738 = CARTESIAN_POINT('',(17.405,-3.4));
#6739 = ( GEOMETRIC_REPRESENTATION_CONTEXT(2) 
PARAMETRIC_REPRESENTATION_CONTEXT() REPRESENTATION_CONTEXT('2D SPACE',''
  ) );
#6740 = PCURVE('',#3533,#6741);
#6741 = DEFINITIONAL_REPRESENTATION('',(#6742),#6746);
#6742 = LINE('',#6743,#6744);
#6743 = CARTESIAN_POINT('',(152.7,19.521875));
#6744 = VECTOR('',#6745,1.);
#6745 = DIRECTION('',(0.,1.));
#6746 = ( GEOMETRIC_REPRESENTATION_CONTEXT(2) 
PARAMETRIC_REPRESENTATION_CONTEXT() REPRESENTATION_CONTEXT('2D SPACE',''
  ) );
#6747 = ORIENTED_EDGE('',*,*,#6651,.T.);
#6748 = ORIENTED_EDGE('',*,*,#2823,.F.);
#6749 = ADVANCED_FACE('',(#6750),#2811,.F.);
#6750 = FACE_BOUND('',#6751,.T.);
#6751 = EDGE_LOOP('',(#6752,#6775,#6801,#6802));
#6752 = ORIENTED_EDGE('',*,*,#6753,.F.);
#6753 = EDGE_CURVE('',#6754,#2765,#6756,.T.);
#6754 = VERTEX_POINT('',#6755);
#6755 = CARTESIAN_POINT('',(304.1,0.3,7.4));
#6756 = SURFACE_CURVE('',#6757,(#6761,#6768),.PCURVE_S1.);
#6757 = LINE('',#6758,#6759);
#6758 = CARTESIAN_POINT('',(304.1,0.3,4.));
#6759 = VECTOR('',#6760,1.);
#6760 = DIRECTION('',(0.,0.,1.));
#6761 = PCURVE('',#2811,#6762);
#6762 = DEFINITIONAL_REPRESENTATION('',(#6763),#6767);
#6763 = LINE('',#6764,#6765);
#6764 = CARTESIAN_POINT('',(-1.570796326795,0.));
#6765 = VECTOR('',#6766,1.);
#6766 = DIRECTION('',(-0.,-1.));
#6767 = ( GEOMETRIC_REPRESENTATION_CONTEXT(2) 
PARAMETRIC_REPRESENTATION_CONTEXT() REPRESENTATION_CONTEXT('2D SPACE',''
  ) );
#6768 = PCURVE('',#2779,#6769);
#6769 = DEFINITIONAL_REPRESENTATION('',(#6770),#6774);
#6770 = LINE('',#6771,#6772);
#6771 = CARTESIAN_POINT('',(303.4,0.));
#6772 = VECTOR('',#6773,1.);
#6773 = DIRECTION('',(0.,-1.));
#6774 = ( GEOMETRIC_REPRESENTATION_CONTEXT(2) 
PARAMETRIC_REPRESENTATION_CONTEXT() REPRESENTATION_CONTEXT('2D SPACE',''
  ) );
#6775 = ORIENTED_EDGE('',*,*,#6776,.T.);
#6776 = EDGE_CURVE('',#6754,#6706,#6777,.T.);
#6777 = SURFACE_CURVE('',#6778,(#6783,#6790),.PCURVE_S1.);
#6778 = CIRCLE('',#6779,1.);
#6779 = AXIS2_PLACEMENT_3D('',#6780,#6781,#6782);
#6780 = CARTESIAN_POINT('',(304.1,-0.7,7.4));
#6781 = DIRECTION('',(0.,0.,-1.));
#6782 = DIRECTION('',(1.,0.,0.));
#6783 = PCURVE('',#2811,#6784);
#6784 = DEFINITIONAL_REPRESENTATION('',(#6785),#6789);
#6785 = LINE('',#6786,#6787);
#6786 = CARTESIAN_POINT('',(-6.28318530718,-3.4));
#6787 = VECTOR('',#6788,1.);
#6788 = DIRECTION('',(1.,-0.));
#6789 = ( GEOMETRIC_REPRESENTATION_CONTEXT(2) 
PARAMETRIC_REPRESENTATION_CONTEXT() REPRESENTATION_CONTEXT('2D SPACE',''
  ) );
#6790 = PCURVE('',#3533,#6791);
#6791 = DEFINITIONAL_REPRESENTATION('',(#6792),#6800);
#6792 = ( BOUNDED_CURVE() B_SPLINE_CURVE(2,(#6793,#6794,#6795,#6796,
#6797,#6798,#6799),.UNSPECIFIED.,.T.,.F.) B_SPLINE_CURVE_WITH_KNOTS((1,2
    ,2,2,2,1),(-2.094395102393,0.,2.094395102393,4.188790204786,
6.28318530718,8.377580409573),.UNSPECIFIED.) CURVE() 
GEOMETRIC_REPRESENTATION_ITEM() RATIONAL_B_SPLINE_CURVE((1.,0.5,1.,0.5,
1.,0.5,1.)) REPRESENTATION_ITEM('') );
#6793 = CARTESIAN_POINT('',(152.7,56.44875));
#6794 = CARTESIAN_POINT('',(152.7,54.716699192431));
#6795 = CARTESIAN_POINT('',(151.2,55.582724596216));
#6796 = CARTESIAN_POINT('',(149.7,56.44875));
#6797 = CARTESIAN_POINT('',(151.2,57.314775403784));
#6798 = CARTESIAN_POINT('',(152.7,58.180800807569));
#6799 = CARTESIAN_POINT('',(152.7,56.44875));
#6800 = ( GEOMETRIC_REPRESENTATION_CONTEXT(2) 
PARAMETRIC_REPRESENTATION_CONTEXT() REPRESENTATION_CONTEXT('2D SPACE',''
  ) );
#6801 = ORIENTED_EDGE('',*,*,#6705,.T.);
#6802 = ORIENTED_EDGE('',*,*,#2790,.F.);
#6803 = ADVANCED_FACE('',(#6804),#2779,.F.);
#6804 = FACE_BOUND('',#6805,.F.);
#6805 = EDGE_LOOP('',(#6806,#6807,#6829,#6850));
#6806 = ORIENTED_EDGE('',*,*,#6753,.F.);
#6807 = ORIENTED_EDGE('',*,*,#6808,.F.);
#6808 = EDGE_CURVE('',#6809,#6754,#6811,.T.);
#6809 = VERTEX_POINT('',#6810);
#6810 = CARTESIAN_POINT('',(0.7,0.3,7.4));
#6811 = SURFACE_CURVE('',#6812,(#6816,#6822),.PCURVE_S1.);
#6812 = LINE('',#6813,#6814);
#6813 = CARTESIAN_POINT('',(76.55,0.3,7.4));
#6814 = VECTOR('',#6815,1.);
#6815 = DIRECTION('',(1.,0.,0.));
#6816 = PCURVE('',#2779,#6817);
#6817 = DEFINITIONAL_REPRESENTATION('',(#6818),#6821);
#6818 = B_SPLINE_CURVE_WITH_KNOTS('',1,(#6819,#6820),.UNSPECIFIED.,.F.,
  .F.,(2,2),(-75.85,227.55),.PIECEWISE_BEZIER_KNOTS.);
#6819 = CARTESIAN_POINT('',(0.,-3.4));
#6820 = CARTESIAN_POINT('',(303.4,-3.4));
#6821 = ( GEOMETRIC_REPRESENTATION_CONTEXT(2) 
PARAMETRIC_REPRESENTATION_CONTEXT() REPRESENTATION_CONTEXT('2D SPACE',''
  ) );
#6822 = PCURVE('',#3533,#6823);
#6823 = DEFINITIONAL_REPRESENTATION('',(#6824),#6828);
#6824 = LINE('',#6825,#6826);
#6825 = CARTESIAN_POINT('',(-75.85,57.44875));
#6826 = VECTOR('',#6827,1.);
#6827 = DIRECTION('',(1.,0.));
#6828 = ( GEOMETRIC_REPRESENTATION_CONTEXT(2) 
PARAMETRIC_REPRESENTATION_CONTEXT() REPRESENTATION_CONTEXT('2D SPACE',''
  ) );
#6829 = ORIENTED_EDGE('',*,*,#6830,.T.);
#6830 = EDGE_CURVE('',#6809,#2732,#6831,.T.);
#6831 = SURFACE_CURVE('',#6832,(#6836,#6843),.PCURVE_S1.);
#6832 = LINE('',#6833,#6834);
#6833 = CARTESIAN_POINT('',(0.7,0.3,4.));
#6834 = VECTOR('',#6835,1.);
#6835 = DIRECTION('',(0.,0.,1.));
#6836 = PCURVE('',#2779,#6837);
#6837 = DEFINITIONAL_REPRESENTATION('',(#6838),#6842);
#6838 = LINE('',#6839,#6840);
#6839 = CARTESIAN_POINT('',(0.,0.));
#6840 = VECTOR('',#6841,1.);
#6841 = DIRECTION('',(0.,-1.));
#6842 = ( GEOMETRIC_REPRESENTATION_CONTEXT(2) 
PARAMETRIC_REPRESENTATION_CONTEXT() REPRESENTATION_CONTEXT('2D SPACE',''
  ) );
#6843 = PCURVE('',#2752,#6844);
#6844 = DEFINITIONAL_REPRESENTATION('',(#6845),#6849);
#6845 = LINE('',#6846,#6847);
#6846 = CARTESIAN_POINT('',(-1.570796326795,0.));
#6847 = VECTOR('',#6848,1.);
#6848 = DIRECTION('',(-0.,-1.));
#6849 = ( GEOMETRIC_REPRESENTATION_CONTEXT(2) 
PARAMETRIC_REPRESENTATION_CONTEXT() REPRESENTATION_CONTEXT('2D SPACE',''
  ) );
#6850 = ORIENTED_EDGE('',*,*,#2764,.F.);
#6851 = ADVANCED_FACE('',(#6852),#2752,.F.);
#6852 = FACE_BOUND('',#6853,.T.);
#6853 = EDGE_LOOP('',(#6854,#6855,#6881,#6882));
#6854 = ORIENTED_EDGE('',*,*,#6479,.F.);
#6855 = ORIENTED_EDGE('',*,*,#6856,.T.);
#6856 = EDGE_CURVE('',#6480,#6809,#6857,.T.);
#6857 = SURFACE_CURVE('',#6858,(#6863,#6870),.PCURVE_S1.);
#6858 = CIRCLE('',#6859,1.);
#6859 = AXIS2_PLACEMENT_3D('',#6860,#6861,#6862);
#6860 = CARTESIAN_POINT('',(0.7,-0.7,7.4));
#6861 = DIRECTION('',(0.,0.,-1.));
#6862 = DIRECTION('',(1.,0.,0.));
#6863 = PCURVE('',#2752,#6864);
#6864 = DEFINITIONAL_REPRESENTATION('',(#6865),#6869);
#6865 = LINE('',#6866,#6867);
#6866 = CARTESIAN_POINT('',(-6.28318530718,-3.4));
#6867 = VECTOR('',#6868,1.);
#6868 = DIRECTION('',(1.,-0.));
#6869 = ( GEOMETRIC_REPRESENTATION_CONTEXT(2) 
PARAMETRIC_REPRESENTATION_CONTEXT() REPRESENTATION_CONTEXT('2D SPACE',''
  ) );
#6870 = PCURVE('',#3533,#6871);
#6871 = DEFINITIONAL_REPRESENTATION('',(#6872),#6880);
#6872 = ( BOUNDED_CURVE() B_SPLINE_CURVE(2,(#6873,#6874,#6875,#6876,
#6877,#6878,#6879),.UNSPECIFIED.,.T.,.F.) B_SPLINE_CURVE_WITH_KNOTS((1,2
    ,2,2,2,1),(-2.094395102393,0.,2.094395102393,4.188790204786,
6.28318530718,8.377580409573),.UNSPECIFIED.) CURVE() 
GEOMETRIC_REPRESENTATION_ITEM() RATIONAL_B_SPLINE_CURVE((1.,0.5,1.,0.5,
1.,0.5,1.)) REPRESENTATION_ITEM('') );
#6873 = CARTESIAN_POINT('',(-150.7,56.44875));
#6874 = CARTESIAN_POINT('',(-150.7,54.716699192431));
#6875 = CARTESIAN_POINT('',(-152.2,55.582724596216));
#6876 = CARTESIAN_POINT('',(-153.7,56.44875));
#6877 = CARTESIAN_POINT('',(-152.2,57.314775403784));
#6878 = CARTESIAN_POINT('',(-150.7,58.180800807569));
#6879 = CARTESIAN_POINT('',(-150.7,56.44875));
#6880 = ( GEOMETRIC_REPRESENTATION_CONTEXT(2) 
PARAMETRIC_REPRESENTATION_CONTEXT() REPRESENTATION_CONTEXT('2D SPACE',''
  ) );
#6881 = ORIENTED_EDGE('',*,*,#6830,.T.);
#6882 = ORIENTED_EDGE('',*,*,#2731,.F.);
#6883 = ADVANCED_FACE('',(#6884),#3182,.F.);
#6884 = FACE_BOUND('',#6885,.F.);
#6885 = EDGE_LOOP('',(#6886));
#6886 = ORIENTED_EDGE('',*,*,#3167,.T.);
#6887 = ADVANCED_FACE('',(#6888),#3237,.F.);
#6888 = FACE_BOUND('',#6889,.F.);
#6889 = EDGE_LOOP('',(#6890));
#6890 = ORIENTED_EDGE('',*,*,#3222,.T.);
#6891 = ADVANCED_FACE('',(#6892),#3292,.F.);
#6892 = FACE_BOUND('',#6893,.F.);
#6893 = EDGE_LOOP('',(#6894));
#6894 = ORIENTED_EDGE('',*,*,#3277,.T.);
#6895 = ADVANCED_FACE('',(#6896),#3347,.F.);
#6896 = FACE_BOUND('',#6897,.F.);
#6897 = EDGE_LOOP('',(#6898));
#6898 = ORIENTED_EDGE('',*,*,#3332,.T.);
#6899 = ADVANCED_FACE('',(#6900),#3402,.F.);
#6900 = FACE_BOUND('',#6901,.F.);
#6901 = EDGE_LOOP('',(#6902));
#6902 = ORIENTED_EDGE('',*,*,#3387,.T.);
#6903 = ADVANCED_FACE('',(#6904),#3457,.F.);
#6904 = FACE_BOUND('',#6905,.F.);
#6905 = EDGE_LOOP('',(#6906));
#6906 = ORIENTED_EDGE('',*,*,#3442,.T.);
#6907 = ADVANCED_FACE('',(#6908,#6958,#6968),#3533,.F.);
#6908 = FACE_BOUND('',#6909,.F.);
#6909 = EDGE_LOOP('',(#6910,#6911,#6912,#6913,#6914,#6915,#6916,#6917,
    #6918,#6919,#6920,#6921,#6922,#6923,#6924,#6925,#6926,#6927,#6928,
    #6929,#6930,#6931,#6932,#6933,#6934,#6935,#6936,#6937,#6938,#6939,
    #6940,#6941,#6942,#6943,#6944,#6945,#6946,#6947,#6948,#6949,#6950,
    #6951,#6952,#6953,#6954,#6955,#6956,#6957));
#6910 = ORIENTED_EDGE('',*,*,#3928,.F.);
#6911 = ORIENTED_EDGE('',*,*,#4024,.F.);
#6912 = ORIENTED_EDGE('',*,*,#4124,.T.);
#6913 = ORIENTED_EDGE('',*,*,#4199,.T.);
#6914 = ORIENTED_EDGE('',*,*,#4299,.T.);
#6915 = ORIENTED_EDGE('',*,*,#4396,.T.);
#6916 = ORIENTED_EDGE('',*,*,#4512,.T.);
#6917 = ORIENTED_EDGE('',*,*,#4587,.T.);
#6918 = ORIENTED_EDGE('',*,*,#4687,.T.);
#6919 = ORIENTED_EDGE('',*,*,#4784,.T.);
#6920 = ORIENTED_EDGE('',*,*,#4900,.T.);
#6921 = ORIENTED_EDGE('',*,*,#4975,.T.);
#6922 = ORIENTED_EDGE('',*,*,#5075,.T.);
#6923 = ORIENTED_EDGE('',*,*,#5172,.T.);
#6924 = ORIENTED_EDGE('',*,*,#5290,.T.);
#6925 = ORIENTED_EDGE('',*,*,#5369,.T.);
#6926 = ORIENTED_EDGE('',*,*,#5467,.T.);
#6927 = ORIENTED_EDGE('',*,*,#5570,.T.);
#6928 = ORIENTED_EDGE('',*,*,#5690,.T.);
#6929 = ORIENTED_EDGE('',*,*,#5790,.F.);
#6930 = ORIENTED_EDGE('',*,*,#5823,.T.);
#6931 = ORIENTED_EDGE('',*,*,#5716,.F.);
#6932 = ORIENTED_EDGE('',*,*,#5640,.T.);
#6933 = ORIENTED_EDGE('',*,*,#5515,.F.);
#6934 = ORIENTED_EDGE('',*,*,#5441,.T.);
#6935 = ORIENTED_EDGE('',*,*,#5316,.F.);
#6936 = ORIENTED_EDGE('',*,*,#5243,.F.);
#6937 = ORIENTED_EDGE('',*,*,#5143,.T.);
#6938 = ORIENTED_EDGE('',*,*,#5026,.F.);
#6939 = ORIENTED_EDGE('',*,*,#4948,.T.);
#6940 = ORIENTED_EDGE('',*,*,#4853,.F.);
#6941 = ORIENTED_EDGE('',*,*,#4755,.T.);
#6942 = ORIENTED_EDGE('',*,*,#4638,.F.);
#6943 = ORIENTED_EDGE('',*,*,#4560,.T.);
#6944 = ORIENTED_EDGE('',*,*,#4465,.F.);
#6945 = ORIENTED_EDGE('',*,*,#4367,.T.);
#6946 = ORIENTED_EDGE('',*,*,#4250,.F.);
#6947 = ORIENTED_EDGE('',*,*,#4172,.T.);
#6948 = ORIENTED_EDGE('',*,*,#4077,.F.);
#6949 = ORIENTED_EDGE('',*,*,#3973,.T.);
#6950 = ORIENTED_EDGE('',*,*,#3856,.F.);
#6951 = ORIENTED_EDGE('',*,*,#3776,.T.);
#6952 = ORIENTED_EDGE('',*,*,#3679,.F.);
#6953 = ORIENTED_EDGE('',*,*,#3550,.F.);
#6954 = ORIENTED_EDGE('',*,*,#3519,.F.);
#6955 = ORIENTED_EDGE('',*,*,#3626,.F.);
#6956 = ORIENTED_EDGE('',*,*,#3727,.F.);
#6957 = ORIENTED_EDGE('',*,*,#3823,.F.);
#6958 = FACE_BOUND('',#6959,.F.);
#6959 = EDGE_LOOP('',(#6960,#6961,#6962,#6963,#6964,#6965,#6966,#6967));
#6960 = ORIENTED_EDGE('',*,*,#6319,.T.);
#6961 = ORIENTED_EDGE('',*,*,#6242,.T.);
#6962 = ORIENTED_EDGE('',*,*,#6216,.T.);
#6963 = ORIENTED_EDGE('',*,*,#6139,.T.);
#6964 = ORIENTED_EDGE('',*,*,#6091,.T.);
#6965 = ORIENTED_EDGE('',*,*,#6447,.T.);
#6966 = ORIENTED_EDGE('',*,*,#6400,.T.);
#6967 = ORIENTED_EDGE('',*,*,#6345,.T.);
#6968 = FACE_BOUND('',#6969,.F.);
#6969 = EDGE_LOOP('',(#6970,#6971,#6972,#6973,#6974,#6975,#6976,#6977));
#6970 = ORIENTED_EDGE('',*,*,#6572,.T.);
#6971 = ORIENTED_EDGE('',*,*,#6502,.T.);
#6972 = ORIENTED_EDGE('',*,*,#6856,.T.);
#6973 = ORIENTED_EDGE('',*,*,#6808,.T.);
#6974 = ORIENTED_EDGE('',*,*,#6776,.T.);
#6975 = ORIENTED_EDGE('',*,*,#6728,.F.);
#6976 = ORIENTED_EDGE('',*,*,#6674,.T.);
#6977 = ORIENTED_EDGE('',*,*,#6626,.F.);
#6978 = ADVANCED_FACE('',(#6979),#5885,.F.);
#6979 = FACE_BOUND('',#6980,.F.);
#6980 = EDGE_LOOP('',(#6981));
#6981 = ORIENTED_EDGE('',*,*,#5870,.T.);
#6982 = ADVANCED_FACE('',(#6983),#5940,.F.);
#6983 = FACE_BOUND('',#6984,.F.);
#6984 = EDGE_LOOP('',(#6985));
#6985 = ORIENTED_EDGE('',*,*,#5925,.T.);
#6986 = ( GEOMETRIC_REPRESENTATION_CONTEXT(3) 
GLOBAL_UNCERTAINTY_ASSIGNED_CONTEXT((#6990)) 
GLOBAL_UNIT_ASSIGNED_CONTEXT((#6987,#6988,#6989)) REPRESENTATION_CONTEXT
('Context #1','3D Context with UNIT and UNCERTAINTY') );
#6987 = ( LENGTH_UNIT() NAMED_UNIT(*) SI_UNIT(.MILLI.,.METRE.) );
#6988 = ( NAMED_UNIT(*) PLANE_ANGLE_UNIT() SI_UNIT($,.RADIAN.) );
#6989 = ( NAMED_UNIT(*) SI_UNIT($,.STERADIAN.) SOLID_ANGLE_UNIT() );
#6990 = UNCERTAINTY_MEASURE_WITH_UNIT(LENGTH_MEASURE(1.E-07),#6987,
  'distance_accuracy_value','confusion accuracy');
#6991 = PRODUCT_RELATED_PRODUCT_CATEGORY('part',$,(#7));
ENDSEC;
END-ISO-10303-21;
